# szablon opis	j.m.	podobna opis	j.m.	ta-sama|inna  (ręczna ocena 2026-10-06, poprawiaj śmiało)
Zakup, transport i wniesienie towaru budowlanego (cały okres remontu) - w zależności od piętra	kpl	Zakup, transport i wniesienie towaru budowlanego (cały okres remontu) - 3 piętro bez windy	kpl	ta-sama
Zakup, transport i wniesienie towaru budowlanego (cały okres remontu) - w zależności od piętra	kpl	Zakup, transport i wniesienie towaru budowlanego (cały okres remontu) - 10-20% wartości towaru budowlanego w zależności od piętra, czy jest winda itp.	kpl	ta-sama
Zakup, transport i wniesienie towaru budowlanego (cały okres remontu) - w zależności od piętra	kpl	zakup, transport i wniesienie towaru budowlanego (cały okres remontu) -   10-20% wartości towaru budowlanego w zalezności od piętra, czy jest winda itp.  PIĘTRO 4	kpl	ta-sama
Zakup, transport i wniesienie towaru budowlanego (cały okres remontu) - w zależności od piętra	kpl	Zakup, transport i wniesienie towaru budowlanego (cały okres remontu) - dużo wnoszenia, materiałów i płyt, poddasze do zrobienia.	kpl	ta-sama
Zakup, transport i wniesienie towaru budowlanego (cały okres remontu) - w zależności od piętra	kpl	zakup, transport i wniesienie towaru budowlanego (cały okres remontu) -   dosyć długi remont i sporo będzie wnoszenia i jeżdżenia po materiały, więc to cena ryczałtowa na cały okres remontu.	kpl	ta-sama
Transport i wniesienie materiałów wykończeniowych - stawki do ustalenia w zależności od rodzaju i ilości	kpl	Wniesienie materiałów wykończeniowych - stawki do ustalenia w zależności od rodzaju i ilości, 3 łazienki, etc. ryczałt.	kpl	ta-sama
Wynoszenie gruzu, mebli, armatury, śmieci, odpadów budowlanych big bag	big bag	Wynoszenie gruzu, mebli, armatury, śmieci, odpadów budowlanych etc.	kontener	inna
Wynoszenie gruzu, mebli, armatury, śmieci, odpadów budowlanych big bag	big bag	wynoszenie gruzu, mebli, armatury, śmieci, odpadów budowlanych etc. - 2 piętra i sporo gruzu	kpl	inna
Wynoszenie gruzu, mebli, armatury, śmieci, odpadów budowlanych big bag	big bag	wynoszenie gruzu, mebli, armatury, śmieci, odpadów budowlanych etc. - 2 piętra i sporo gruzu	kontener	inna
Wynoszenie gruzu, mebli, armatury, śmieci, odpadów budowlanych big bag	big bag	Wynoszenie gruzu, mebli, armatury, śmieci, odpadów budowlanych etc. -  7 piętro i sporo gruzu	kontener	inna
Wynoszenie gruzu, mebli, armatury, śmieci, odpadów budowlanych big bag	big bag	Wynoszenie gruzu, mebli, armatury, śmieci, odpadów budowlanych etc. - cena zależy od pietra windy etc	kontener	inna
Wynoszenie gruzu, mebli, armatury, śmieci, odpadów budowlanych etc.	kontener	Wynoszenie gruzu, mebli, armatury, śmieci, odpadów budowlanych big bag	big bag	inna
Wynoszenie gruzu, mebli, armatury, śmieci, odpadów budowlanych etc.	kontener	wynoszenie gruzu, mebli, armatury, śmieci, odpadów budowlanych etc. - 2 piętra i sporo gruzu	kpl	ta-sama
Wynoszenie gruzu, mebli, armatury, śmieci, odpadów budowlanych etc.	kontener	wynoszenie gruzu, mebli, armatury, śmieci, odpadów budowlanych etc. - 2 piętra i sporo gruzu	kontener	inna
Wynoszenie gruzu, mebli, armatury, śmieci, odpadów budowlanych etc.	kontener	Wynoszenie gruzu, mebli, armatury, śmieci, odpadów budowlanych etc. -  7 piętro i sporo gruzu	kontener	ta-sama
Wynoszenie gruzu, mebli, armatury, śmieci, odpadów budowlanych etc.	kontener	Wynoszenie gruzu, mebli, armatury, śmieci, odpadów budowlanych etc. - cena zależy od pietra windy etc	kontener	ta-sama
Wynoszenie gruzu, mebli, armatury, śmieci, odpadów budowlanych etc. - 2 piętro i sporo gruzu	kontener	Wynoszenie gruzu, mebli, armatury, śmieci, odpadów budowlanych etc. -  7 piętro i sporo gruzu	kontener	inna
Wynoszenie gruzu, mebli, armatury, śmieci, odpadów budowlanych etc. - 2 piętro i sporo gruzu	kontener	wynoszenie gruzu, mebli, armatury, śmieci, odpadów budowlanych etc. - 2 piętra i sporo gruzu	kpl	ta-sama
Wynoszenie gruzu, mebli, armatury, śmieci, odpadów budowlanych etc. - 2 piętro i sporo gruzu	kontener	wynoszenie gruzu, mebli, armatury, śmieci, odpadów budowlanych etc. - 2 piętra i sporo gruzu	kontener	ta-sama
Wynoszenie gruzu, mebli, armatury, śmieci, odpadów budowlanych etc. - 2 piętro i sporo gruzu	kontener	Wynoszenie gruzu, mebli, armatury, śmieci, odpadów budowlanych etc.	kontener	inna
Wynoszenie gruzu, mebli, armatury, śmieci, odpadów budowlanych etc. - 2 piętro i sporo gruzu	kontener	Wynoszenie gruzu, mebli, armatury, śmieci, odpadów budowlanych big bag	big bag	inna
Wynoszenie gruzu, mebli, armatury, śmieci, odpadów budowlanych etc. - 2 piętro i sporo gruzu	kontener	Wynoszenie gruzu, mebli, armatury, śmieci, odpadów budowlanych etc. - cena zależy od pietra windy etc	kontener	inna
Bruzdowanie pod rury materiał miękki	mb	bruzdowanie pod kable elektryczne w materiałach miękkich	mb	inna
Bruzdowanie pod rury materiał miękki	mb	Bruzdowanie pod rury żelbet	mb	inna
Bruzdowanie pod rury materiał miękki	mb	Bruzdowanie pod instalacje wod-kan w materiałach miękkich	mb	inna
Bruzdowanie pod rury żelbet	mb	bruzdowanie pod rury materiał miękki	mb	inna
Bruzdowanie pod rury żelbet	mb	Bruzdowanie pod kable elektryczne w żelbecie	mb	inna
Bruzdowanie pod rury żelbet	mb	Bruzdowanie pod instalacje wod-kan w żelbecie	mb	inna
Montaż klimatyzacji + uruchomienie	kpl	montaż dodatkowego bezpiecznika na klimatyzacje	szt.	inna
Montaż syfonu klimatyzacji natynkowo	kpl	montaż syfonu podtynkowego	kpl	inna
Montaż syfonu klimatyzacji natynkowo	kpl	montaż klimatyzacji + uruchomienie	kpl	inna
Montaż syfonu klimatyzacji natynkowo	kpl	Montaż syfonu	szt	inna
Montaż syfonu klimatyzacji natynkowo	kpl	Montaż szynoprzewodów natynkowych	mb	inna
Montaż syfonu podtynkowego z wkuciem w ścianę	kpl	montaż syfonu podtynkowego	kpl	inna
Montaż syfonu podtynkowego z wkuciem w ścianę	kpl	Montaż bidetu podtynkowego	szt	inna
Montaż syfonu podtynkowego z wkuciem w ścianę	kpl	Montaż syfonu	szt	inna
Naprawy ścian i sufitów po kuciu, bruzdowaniu, tynkowanie bruzd	mb	Naprawy ścian i sufitów po kuciu, bruzdowaniu, tynkowanie bruzd (liczone w metrach bieżących)	mb	ta-sama
Naprawy ścian i sufitów po kuciu, bruzdowaniu, tynkowanie bruzd	mb	Naprawy ścian i sufitów po kuciu, bruzdowaniu, tynkowanie bruzd (liczone w metrach bieżących) z gruntowaniem	mb	ta-sama
Przebicie się na zewnątrz	kpl	Przebicie się na zewnątrz - niestety przebijanie się przez żelbet	kpl	inna
Przebicie się na zewnątrz - ściana żelbetowa	kpl	Przebicie się na zewnątrz	kpl	inna
Przebicie się na zewnątrz - ściana żelbetowa	kpl	Przebicie się na zewnątrz - niestety przebijanie się przez żelbet	kpl	ta-sama
Przebicie się na zewnątrz - ściana żelbetowa	kpl	Wykonanie gniazda zewnętrznego na balkonie z przebiciem się przez ściane	szt	inna
Rury miedziane + skropliny + ułożenie	mb	Rury miedziane + skropliny	mb	ta-sama
Wykonanie gładzi po bruzdach	mb	Wykonanie gładzi po bruzdach z gruntowaniem	mb	ta-sama
Wykonanie gładzi po bruzdach	mb	Wykonanie gładzi po bruzdach + czesciowa gladz na scianach	mb	ta-sama
Wykonanie gładzi po bruzdach	mb	Wykonanie gładzi po bruzdach, wykonanie gładzi po usuwaniu sztukaterii	mb	ta-sama
Wykonanie gładzi po bruzdach	mb	Gładzie po bruzdach, wykonanie gładzi po usuwaniu sztukaterii etc.	mb	ta-sama
Wykonanie gładzi po bruzdach	mb	wykonanie półki z glazury	kpl	inna
Bruzdowanie pod instalacje wod-kan w materiałach miękkich	mb	Bruzdowanie pod instalacje wod-kan w żelbecie	mb	inna
Bruzdowanie pod instalacje wod-kan w materiałach miękkich	mb	bruzdowanie pod kable elektryczne w materiałach miękkich	mb	inna
Bruzdowanie pod instalacje wod-kan w materiałach miękkich	mb	bruzdowanie pod rury materiał miękki	mb	inna
Bruzdowanie pod instalacje wod-kan w żelbecie	mb	Bruzdowanie pod instalacje wod-kan w materiałach miękkich	mb	inna
Bruzdowanie pod instalacje wod-kan w żelbecie	mb	przesunięcie isntalacji wod kan w kuchni	kpl	inna
Bruzdowanie pod instalacje wod-kan w żelbecie	mb	Bruzdowanie pod kable elektryczne w żelbecie	mb	inna
Bruzdowanie pod instalacje wod-kan w żelbecie	mb	Wkucie w ścianę instalacji wod-kan każdy punkt	pkt	inna
Bruzdowanie pod instalacje wod-kan w żelbecie	mb	Bruzdowanie pod rury żelbet	mb	inna
Bruzdowanie pod instalacje wod-kan w żelbecie	mb	ogrzewanie podłogowe wodne instalacja rur	m2	inna
Bruzdowanie pod kable elektryczne w materiałach miękkich	mb	Bruzdowanie pod kable elektryczne w żelbecie	mb	inna
Bruzdowanie pod kable elektryczne w materiałach miękkich	mb	Bruzdowanie pod instalacje wod-kan w materiałach miękkich	mb	inna
Bruzdowanie pod kable elektryczne w materiałach miękkich	mb	bruzdowanie pod rury materiał miękki	mb	inna
Bruzdowanie pod kable elektryczne w żelbecie	mb	bruzdowanie pod kable elektryczne w materiałach miękkich	mb	inna
Bruzdowanie pod kable elektryczne w żelbecie	mb	Bruzdowanie pod instalacje wod-kan w żelbecie	mb	inna
Bruzdowanie pod kable elektryczne w żelbecie	mb	Bruzdowanie pod rury żelbet	mb	inna
Demontaż armatury łazienkowej, wc, miska, bidet, umwalka, umywalka z szafką, wanna lub prysznic z kabina, lustro, stelaż podtynkowy	kpl	Demontaż armatury łazienkowej, wc, prysznic, umywalka z szafką, demontaż szafek kuchenny wiszących do prac	kpl	ta-sama
Demontaż grzejników	szt	Demontaż grzejników trudne	szt	ta-sama
Demontaż grzejników	szt	Montaż grzejników ponowny	szt	inna
Demontaż grzejników	szt	ponowny montaz grzejnika	szt	inna
Demontaż grzejników	szt	Montaż grzejników po malowaniu	szt	inna
Demontaż grzejników	szt	Demontaż grzejników + ponowny montaż	szt	ta-sama
Demontaż grzejników	szt	Montaż grzejnika z zaworami	szt	inna
Demontaż grzejników	szt	montaz grzalki do grzejnika	szt	inna
Demontaż grzejników	szt	Montaż grzejnika elektrycznego	szt	inna
Demontaż listew przypodłogowych	mb	Demontaż listew przypodłogowych + czyszczenie	mb	ta-sama
Demontaż listew przypodłogowych	mb	demontaż listew przypodłogowych+ montaz z poworotem	mb	ta-sama
Demontaż listew przypodłogowych	mb	Montaż listew przypodłogowych poliuretan lub MDF	mb	inna
Demontaż listew przypodłogowych	mb	Akrylowanie listew przypodłogowych	mb	inna
Demontaż listew przypodłogowych	mb	Montaż listew przypodłogowych niskich ukrytych wraz z obróbką	mb	inna
Demontaż listew przypodłogowych	mb	Montaż listew aluminiowych	mb	inna
Demontaż listew przypodłogowych	mb	demontaz montaz listw drzwiowych	kpl	inna
Demontaż listew przypodłogowych	mb	demontaz montaz listw drzwiowych	szt	inna
Demontaż parapetów	mb	Demontaż parapetów	szt	ta-sama
Demontaż parapetów	mb	Montaż parapetów	mb	inna
Demontaż parapetów	mb	demontaz parapetow betonowych	mb	inna
Demontaż parapetów	mb	Montaż parapetów kamiennych	mb	inna
Demontaż parapetów	mb	Montaż kinkietów	szt	inna
Demontaż parapetów	mb	Demontaz lamp	szt	inna
Demontaż sufitów podwieszanych	m²	sufit podwieszany	m2	inna
Demontaż sufitów podwieszanych	m²	Sufit podwieszany	kpl	inna
Demontaż sufitów podwieszanych	m²	demontaz sufitow z gk	m2	ta-sama
Demontaż sufitów podwieszanych	m²	Montaż WC podwieszanego	szt	inna
Demontaż sufitów podwieszanych	m²	sufit podwieszany z led	kpl	inna
Demontaż sufitów podwieszanych	m²	sufit podwieszany z led	m2	inna
Demontaż sufitów podwieszanych	m²	sufit podwieszany + led	kpl	inna
Demontaż sufitów podwieszanych	m²	Demontaż sufitów podwieszanych łazienka rodziców. Prawdopodbnie się rozleci.	m²	ta-sama
Demontaż ścianek z GK	m²	demontaz sufitow z gk	m2	inna
Demontaż ścianek z GK	m²	Demontaz korek drewniany	m²	inna
Demontaże drzwi zewnętrznych - drzwi z ościeżnicą	kpl	demontaz drzwi z oscieznicami	szt	ta-sama
Demontaże drzwi zewnętrznych - drzwi z ościeżnicą	kpl	Demontaż ościeżnic metalowych	kpl	inna
Demontaże drzwi zewnętrznych - drzwi z ościeżnicą	kpl	demontaz oscieznic	szt	inna
Demontaże: wszelkie niezbędne demontaże szaf, zabudowy etc. - finalnie dopiero po obejrzeniu zastanego stanu będzie można to ocenić	kpl	Demontaże: wszelkie niezbędne demontaże szaf, zabudowy, rozbiórka 3 pieców kaflowych - finalnie dopiero po obejrzeniu i zastanego stanu będzie można to ocenić.	kpl	ta-sama
Demontaże: wszelkie niezbędne demontaże szaf, zabudowy etc. - finalnie dopiero po obejrzeniu zastanego stanu będzie można to ocenić	kpl	Demontaże: wszelkie niezbędne demontaże szaf, zabudowy etc. wanna itp.	kpl	ta-sama
Demontaże: wszelkie niezbędne demontaże szaf, zabudowy etc. - finalnie dopiero po obejrzeniu zastanego stanu będzie można to ocenić	kpl	Demontaże: wszelkie niezbędne demontaże szaf, zabudowy etc. - glify okien dachowych,schodek pod pralka piwnica,wyposarzenie lazienek.	kpl	ta-sama
Demontaże: wszelkie niezbędne demontaże szaf, zabudowy etc. - finalnie dopiero po obejrzeniu zastanego stanu będzie można to ocenić	kpl	Demontaże: wszelkie niezbędne demontaże szaf, zabudowy etc.	kpl	ta-sama
Demontaże: wszelkie niezbędne demontaże szaf, zabudowy etc. - finalnie dopiero po obejrzeniu zastanego stanu będzie można to ocenić	kpl	Demontaże: wszelkie niezbędne demontaże szaf, zabudowy, kuchnia, łazienka etc.	kpl	ta-sama
Demontaże: wszelkie niezbędne demontaże szaf, zabudowy etc. - finalnie dopiero po obejrzeniu zastanego stanu będzie można to ocenić	kpl	Demontaże: wszelkie niezbędne demontaże - głównie łazienki, barierki, etc.	kpl	ta-sama
Demontaże: wszelkie niezbędne demontaże szaf, zabudowy etc. - finalnie dopiero po obejrzeniu zastanego stanu będzie można to ocenić	kpl	Demontaże: wszelkie niezbędne demontaże szaf, wanny etc.	kpl	ta-sama
Skucie posadzki/lastryko 10 cm - beton zbrojony	m²	Skucie posadzki m2	m²	inna
Skucie wylewki do 6cm	m²	Skucie wylewki	m²	ta-sama
Skucie wylewki do 6cm	m²	skucie wylewki 100	m2	ta-sama
Skuwanie glazury z klejem i płytami GK - ściany i podłogi	m²	Skuwanie glazury z klejem ściany i podłogi	m²	inna
Skuwanie glazury z klejem i płytami GK - ściany i podłogi	m²	Skuwanie glazury z klejem ściany i podłogi  w lazienkach	m2	inna
Skuwanie glazury z klejem i płytami GK - ściany i podłogi	m²	Skuwanie glazury z klejem ściany i podłogi  w lazienkach + korytarz	m2	inna
Skuwanie glazury z klejem i płytami GK - ściany i podłogi	m²	Skuwanie glazury z klejem ściany i podłogi w łazienkach oraz kuchni etc.	m²	inna
Skuwanie glazury z klejem ściany i podłogi	m²	Skuwanie glazury z klejem ściany i podłogi  w lazienkach	m2	ta-sama
Skuwanie glazury z klejem ściany i podłogi	m²	Skuwanie glazury z klejem ściany i podłogi  w lazienkach + korytarz	m2	ta-sama
Skuwanie glazury z klejem ściany i podłogi	m²	Skuwanie glazury z klejem ściany i podłogi w łazienkach oraz kuchni etc.	m²	ta-sama
Skuwanie glazury z klejem ściany i podłogi	m²	Układanie glazury na glify i małe ściany	mb	inna
Skuwanie glazury z klejem ściany i podłogi	m²	fugowanie ścian i podłóg	m2	inna
Skuwanie tynku ze ścian i sufitów	m²	skuwanie tynku sufit	m2	ta-sama
Skuwanie tynku ze ścian i sufitów	m²	tynkowanie suftow i ścian mp75 + siatka	m2	inna
Skuwanie tynku ze ścian i sufitów	m²	Tynkowanie ręczne ścian lub sufitów do 1 cm	m²	inna
Skuwanie tynku ze ścian i sufitów	m²	Tynkowanie ściany lub sufitów do 1cm	m2	inna
Skuwanie tynku ze ścian i sufitów	m²	Tynkowanie ściany lub sufitów do 3 cm -	m2	inna
Skuwanie tynku ze ścian i sufitów	m²	Tynkowanie ściany lub sufitów do 1cm -	m²	inna
Skuwanie tynku ze ścian i sufitów	m²	Gruntowanie ścian, sufitów i podłóg	m²	inna
Skuwanie tynku ze ścian i sufitów	m²	gruntowanie ścian i sufitów  jednokrotne	m2	inna
Szlifowanie posadzki lub ścian do 1 cm	m²	Szlifowanie ścian	m²	inna
Szlifowanie posadzki lub ścian do 1 cm	m²	Tynkowanie ściany lub sufitów do 1cm	m2	inna
Szlifowanie posadzki lub ścian do 1 cm	m²	Tynkowanie ręczne ścian lub sufitów do 1 cm	m²	inna
Szlifowanie posadzki lub ścian do 1 cm	m²	Tynkowanie ściany lub sufitów do 1cm - 5%	m2	inna
Szlifowanie posadzki lub ścian do 1 cm	m²	szlifowanie/matowiecie ścian	m2	inna
Szlifowanie ścian po kleju, przygotowanie do dalszych prac	m²	Przeszlifowanie ścian pod dalsze prace	m²	ta-sama
Szlifowanie ścian po kleju, przygotowanie do dalszych prac	m²	Poprawki ścian szpachlowanie/szlifowanie	m²	inna
Szlifowanie ścian po kleju, przygotowanie do dalszych prac	m²	Szlifowanie ścian	m²	inna
Szlifowanie/usuwanie subitu	m²	Szlifowanie sufitu	m²	inna
Szlifowanie/usuwanie subitu	m²	Szlifowanie ścian	m²	inna
Szlifowanie/usuwanie subitu	m²	szlifowanie/matowiecie ścian	m2	inna
Szlifowanie/usuwanie subitu	m²	gruntowanie + szlifowanie tynku	m2	inna
Szlifowanie/usuwanie subitu	m²	szlifowanie subitu wraz z utylizacją	m2	ta-sama
Usunięcie metalowych futryn	kpl	Usunięcie futryn	kpl	ta-sama
Usuwanie podłogi drewnianej klejonej - trudny demontaż, mocny klej, małe kawałki	m²	usuwanie podłogi drewnianej na klej	m2	inna
Usuwanie podłogi drewnianej na klej - prosty demontaż	m²	usuwanie podłogi drewnianej na klej	m2	ta-sama
Usuwanie podłogi pływającej panele etc.	m²	usuwanie podłogi drewnianej na klej	m2	inna
Wybicie otworu drzwiowego w ścianie działowej z montażem nadproża	szt	Wybicie otworu drzwiowego z montażem nadproża + murowanie	szt	ta-sama
Wybicie otworu drzwiowego w ścianie działowej z montażem nadproża	szt	Przesunięcie otworu drzwiowego z montażem nadproża + murowanie	szt	inna
Wybicie otworu drzwiowego w ścianie działowej z montażem nadproża	szt	Przesunięcie otworu drzwiowego z montażem nadproża + murowanie - kuchnia	szt	inna
Wybicie otworu drzwiowego w ścianie działowej z montażem nadproża	szt	Wykucie nadproża, montaż nowego i powiększenie otworu drzwiowego do kuchni z salonu	kpl	inna
Wybicie otworu drzwiowego w ścianie działowej z montażem nadproża	szt	Montaż nadproży w nowo murowanej ścianie	szt	inna
Wybicie otworu drzwiowego w ścianie działowej z montażem nadproża	szt	Przesuniecie otworu drzwiowego  murowanie	szt.	inna
Wybicie otworu drzwiowego w ścianie działowej z montażem nadproża	szt	wybicie otworu drzwiowego	szt.	ta-sama
Wyburzanie ścian 12-20 cm grubości - materiał miękki	m²	Wyburzanie ścian do 12 cm grubości - materiał miękki	m²	inna
Wyburzanie ścian 12-20 cm grubości - materiał miękki	m²	Wyburzanie ścian 12-20 cm grubości	m²	ta-sama
Wyburzanie ścian 12-20 cm grubości - materiał miękki	m²	Wyburzanie ścian do 12cm grubości	m2	inna
Wyburzanie ścian 12-20 cm grubości - materiał miękki	m²	Wyburzanie ścian do 12 cm grubości - żelbeton	m²	inna
Wyburzanie ścian do 12 -20 cm - żelbeton	m²	Wyburzanie ścian do 12 cm grubości - żelbeton	m²	inna
Wyburzanie ścian do 12 -20 cm - żelbeton	m²	Wyburzanie ścian do 12cm grubości	m2	inna
Wyburzanie ścian do 12 -20 cm - żelbeton	m²	Wyburzanie ścian 12-20 cm grubości	m²	inna
Wyburzanie ścian do 12 -20 cm - żelbeton	m²	Wyburzanie ścian do 12 cm grubości - materiał miękki	m²	inna
Wyburzanie ścian do 12 -20 cm - żelbeton	m²	Wyburzanie ścian 12-20 cm grubości - materiał miękki	m²	inna
Wyburzanie ścian do 12 cm grubości - materiał miękki	m²	Wyburzanie ścian 12-20 cm grubości - materiał miękki	m²	inna
Wyburzanie ścian do 12 cm grubości - materiał miękki	m²	Wyburzanie ścian do 12cm grubości	m2	ta-sama
Wyburzanie ścian do 12 cm grubości - materiał miękki	m²	Wyburzanie ścian do 12 cm grubości - żelbeton	m²	inna
Wyburzanie ścian do 12 cm grubości - materiał miękki	m²	Wyburzanie ścian 12-20 cm grubości	m²	inna
Wyburzanie ścian do 12 cm grubości - żelbeton	m²	Wyburzanie ścian do 12cm grubości	m2	inna
Wyburzanie ścian do 12 cm grubości - żelbeton	m²	Wyburzanie ścian do 12 cm grubości - materiał miękki	m²	inna
Wyburzanie ścian do 12 cm grubości - żelbeton	m²	Wyburzanie ścian 12-20 cm grubości	m²	inna
Wyburzanie ścian do 12 cm grubości - żelbeton	m²	Wyburzanie ścian 12-20 cm grubości - materiał miękki	m²	inna
Wyburzanie ścian powyżej 20 cm grubości - materiał miękki	m²	Wyburzanie ścian 12-20 cm grubości - materiał miękki	m²	inna
Wyburzanie ścian powyżej 20 cm grubości - materiał miękki	m²	Wyburzanie ścian do 12 cm grubości - materiał miękki	m²	inna
Wyburzanie ścian powyżej 20 cm grubości - materiał miękki	m²	Wyburzanie ścian 12-20 cm grubości	m²	inna
Wyburzanie ścian powyżej 20 cm grubości - materiał miękki	m²	Wyburzanie ścian do 12 cm grubości - żelbeton	m²	inna
Wyburzanie ścian powyżej 20 cm grubości - materiał miękki	m²	Wyburzanie ścian do 12cm grubości	m2	inna
Wykucie nadproża i powiększenie otworu drzwiowego	kpl	Wykucie nadproża i powiększenie otworu drzwiowego przesuwanie otworu.	kpl	ta-sama
Wykucie nadproża i powiększenie otworu drzwiowego	kpl	Wykucie nadproża, montaż nowego i powiększenie otworu drzwiowego do kuchni z salonu	kpl	ta-sama
Wykucie nadproża i powiększenie otworu drzwiowego	kpl	Wybicie otworu drzwiowego z montażem nadproża + murowanie	szt	inna
Wykucie nadproża i powiększenie otworu drzwiowego	kpl	Przesunięcie otworu drzwiowego z montażem nadproża + murowanie	szt	inna
Wykucie nadproża i powiększenie otworu drzwiowego	kpl	zmniejszenie otworu drzwiowego		inna
Wykucie nadproża i powiększenie otworu drzwiowego	kpl	zmniejszenie otworu drzwiowego	szt	inna
Wykucie nadproża i powiększenie otworu drzwiowego	kpl	przerobienie otworu drzwowiego	kpl	inna
Wykucie nadproża i powiększenie otworu drzwiowego	kpl	Przesunięcie otworu drzwiowego z montażem nadproża + murowanie - kuchnia	szt	inna
Zabezpieczenia mebli, podłóg, okien, drzwi i elementów niezbędnych do prac. Demontaż gniazd, włączników, lamp, karniszy etc. Zabezpieczenie sprzętów i wszelkich niezbędnych elementów. Oklejanie do malowania etc. Zabezpieczanie elementów już wykonanych, glazura zabudowy etc.	m²	Zabezpieczenia mebli, podłóg, okien, drzwi i elementów niezbędnych do prac. Demontaż gniazd, włączników, lamp, karniszy etc. zabezpieczenie sprzętów i wszelkich niezbdnych elementów. okleajnie do malowania etc. Zabezpieczanie elementów już wykonanych, glazura zabudowy etc.	kpl	ta-sama
Zabezpieczenia mebli, podłóg, okien, drzwi i elementów niezbędnych do prac. Demontaż gniazd, włączników, lamp, karniszy etc. Zabezpieczenie sprzętów i wszelkich niezbędnych elementów. Oklejanie do malowania etc. Zabezpieczanie elementów już wykonanych, glazura zabudowy etc.	m²	Zabezpieczenia mebli, podłóg, okien, drzwi i elementów niezbędnych do prac. Zabezpieczanie elementów już wykonanych, glazura zabudowy etc. Dbanie o porządek w trakcie trwania całego remontu.	m²	inna
Zabezpieczenia mebli, podłóg, okien, drzwi i elementów niezbędnych do prac. Demontaż gniazd, włączników, lamp, karniszy etc. Zabezpieczenie sprzętów i wszelkich niezbędnych elementów. Oklejanie do malowania etc. Zabezpieczanie elementów już wykonanych, glazura zabudowy etc.	m²	Zabezpieczenia mebli, podłóg, okien, drzwi i elementów niezbędnych do prac. Zabezpieczanie elementów już wykonanych, glazura zabudowy etc. - mieszkanie zamieszkane	m²	inna
Zabezpieczenia mebli, podłóg, okien, drzwi i elementów niezbędnych do prac. Zabezpieczanie elementów już wykonanych, glazura zabudowy etc. - mieszkanie zamieszkane	m²	Zabezpieczenia mebli, podłóg, okien, drzwi i elementów niezbędnych do prac. Zabezpieczanie elementów już wykonanych, glazura zabudowy etc. Dbanie o porządek w trakcie trwania całego remontu.	m²	ta-sama
Zabezpieczenia mebli, podłóg, okien, drzwi i elementów niezbędnych do prac. Zabezpieczanie elementów już wykonanych, glazura zabudowy etc. - mieszkanie zamieszkane	m²	Zabezpieczenia mebli, podłóg, okien, drzwi i elementów niezbędnych do prac. Demontaż gniazd, włączników, lamp, karniszy etc. zabezpieczenie sprzętów i wszelkich niezbdnych elementów. okleajnie do malowania etc. Zabezpieczanie elementów już wykonanych, glazura zabudowy etc.	kpl	inna
Zabezpieczenia mebli, podłóg, okien, drzwi i elementów niezbędnych do prac. Zabezpieczanie elementów już wykonanych, glazura zabudowy etc. - mieszkanie zamieszkane	m²	Zabezpieczenia mebli, podłóg, okien, drzwi i elementów niezbędnych do prac. Demontaż gniazd, włączników, lamp, karniszy etc. Zabezpieczenie sprzętów i wszelkich niezbędnych elementów. Oklejanie do malowania etc. Zabezpieczanie elementów już wykonanych, glazura zabudowy etc.	m²	inna
Zdzieranie starej farby z tynkiem	m²	Zdzieranie starej farby	m²	inna
Zdzieranie starej farby z tynkiem	m²	Zdzieranie starej farby ze sciany razem z tynkiem	m2	ta-sama
Zdzieranie starej farby z tynkiem	m²	zdzieranie starej farby z sufitu	m2	inna
Zdzieranie starej farby z tynkiem	m²	Zdzieranie starej farby 20%	m2	inna
Zdzieranie starej farby z tynkiem	m²	Zdzieranie starej farby z gładzią	m²	inna
Zdzieranie starej farby z tynkiem	m²	Zdzieranie starej farby z tynkiem ok 10% całego domu	m²	ta-sama
Zdzieranie starej farby z tynkiem	m²	Zdzieranie starej grunt-farby	m2	inna
Zdzieranie starej farby z tynkiem	m²	Zdzieranie starej farby + betonkontakt	m²	inna
Zdzieranie tapet i usuwanie kleju	m²	Zdzieranie tapet i usuwanie kleju z sufitu	m²	ta-sama
Akrylowanie listew przypodłogowych	mb	Szpachlowanie i malowanie listew przypodłogowych	mb	inna
Akrylowanie listew przypodłogowych	mb	Demontaż listew przypodłogowych	mb	inna
Akrylowanie listew przypodłogowych	mb	Demontaż listew przypodłogowych + czyszczenie	mb	inna
Akrylowanie listew przypodłogowych	mb	Montaż listew przypodłogowych poliuretan lub MDF	mb	inna
Akrylowanie listew przypodłogowych	mb	demontaż listew przypodłogowych+ montaz z poworotem	mb	inna
Cokół docinany z płytek	mb	Cokół docinany z płytek wkuty w sciane	mb	ta-sama
Cokół docinany z płytek	mb	Cokół docinany z płytek wkuwany w ścianę	mb	ta-sama
Cokół docinany z płytek	mb	Cokół docinany z płytek licowany z tynkiem	mb	ta-sama
Docięcie i montaż progu w drzwiach wejściowych	szt	Montaż progu drzwi wejściowych	szt	ta-sama
Fugowanie	m²	Fugowanie	szt	ta-sama
Fugowanie	m²	Tapetowanie	m²	inna
Fugowanie	m²	Akrylowanie	mb	inna
Fugowanie	m²	Gruntowanie	m²	inna
Gruntowanie podłóg	m²	gruntowanie ścian i podłóg	m2	inna
Gruntowanie podłóg	m²	Gruntowanie	m²	inna
Gruntowanie podłóg	m²	Gruntowanie ścian, sufitów i podłóg	m²	inna
Gruntowanie podłóg	m²	gruntowanie suftiow	m2	inna
Gruntowanie podłóg	m²	fugowanie ścian i podłóg	m2	inna
Gruntowanie podłóg	m²	Dwukrotne gruntowanie ścian, sufitów i podłóg	m²	inna
Gruntowanie podłóg	m²	dwukrotne gruntowanie ścian, sufitów i podłóg		inna
Gruntowanie podłóg	m²	Gruntowanie podłóg x2 - przed wylewkami i po wylewkach	m²	ta-sama
Klejenie maty kompensacyjnej	m²	przyklejenie maty kompensacijnej	m2	ta-sama
Klejenie maty kompensacyjnej	m²	Montaż maty kompensacyjnej	m²	ta-sama
Klejenie maty kompensacyjnej	m²	Przyklejenie maty kompensacyjnej pod płytki wielkoformatowe	m²	ta-sama
Klejenie maty kompensacyjnej	m²	Wklejanie maty hydroizolacyjnej	m²	inna
Klejenie paneli winylowych jodełka	m²	Klejenie paneli winylowych mijanka	m²	inna
Klejenie paneli winylowych jodełka	m²	Układanie paneli winylowych na klej jodelka francuzka	m2	ta-sama
Klejenie paneli winylowych jodełka	m²	Układanie paneli winylowych na klej	m²	inna
Klejenie paneli winylowych jodełka	m²	Układanie paneli laminowanych jodełką	m²	inna
Klejenie paneli winylowych jodełka	m²	Układanie paneli winylowych jodełka na klej - zostaje ta sama cena, klej wliczony	m²	ta-sama
Klejenie paneli winylowych jodełka	m²	Układanie paneli winylowych wysoki stopień skomplikowania prac, jodełka	m²	inna
Klejenie paneli winylowych jodełka	m²	Klejenie paneli na sciane	m²	inna
Klejenie paneli winylowych mijanka	m²	Układanie paneli winylowych na klej	m²	inna
Klejenie paneli winylowych mijanka	m²	Układanie paneli winylowych na klej jodelka francuzka	m2	inna
Klejenie paneli winylowych mijanka	m²	Układanie paneli laminowanych jodełką	m²	inna
Klejenie paneli winylowych mijanka	m²	Klejenie paneli na sciane	m²	inna
Klejenie paneli winylowych układ prosty,	m²	Układanie paneli winylowych na klej	m²	ta-sama
Klejenie paneli winylowych układ prosty,	m²	Klejenie paneli winylowych mijanka	m²	inna
Klejenie paneli winylowych układ prosty,	m²	Układanie paneli winylowych na klej jodelka francuzka	m2	inna
Klejenie paneli winylowych układ prosty,	m²	Układanie paneli winylowych niski stopień skomplikowania parc	m2	inna
Malowanie listew przypodłogowych	mb	Akrylowanie listew przypodłogowych	mb	inna
Malowanie listew przypodłogowych	mb	Szpachlowanie i malowanie listew przypodłogowych	mb	ta-sama
Malowanie listew przypodłogowych	mb	Demontaż listew przypodłogowych	mb	inna
Malowanie listew przypodłogowych	mb	Demontaż listew przypodłogowych + czyszczenie	mb	inna
Malowanie listew przypodłogowych	mb	Montaż listew przypodłogowych poliuretan lub MDF	mb	inna
Malowanie listew przypodłogowych	mb	demontaż listew przypodłogowych+ montaz z poworotem	mb	inna
Montaż listew przypodłogowych metalowych	mb	Demontaż listew przypodłogowych	mb	inna
Montaż listew przypodłogowych metalowych	mb	Montaż listew przypodłogowych poliuretan lub MDF	mb	inna
Montaż listew przypodłogowych metalowych	mb	demontaż listew przypodłogowych+ montaz z poworotem	mb	inna
Montaż listew przypodłogowych metalowych	mb	Demontaż listew przypodłogowych + czyszczenie	mb	inna
Montaż listew przypodłogowych metalowych	mb	Akrylowanie listew przypodłogowych	mb	inna
Montaż listew przypodłogowych metalowych	mb	Szpachlowanie i malowanie listew przypodłogowych	mb	inna
Montaż listew przypodłogowych metalowych	mb	Montaż listew przypodłogowych niskich ukrytych wraz z obróbką	mb	inna
Montaż listew przypodłogowych metalowych	mb	Montaż listew aluminiowych	mb	inna
Montaż listew przypodłogowych poliuretan lub MDF	mb	Demontaż listew przypodłogowych	mb	inna
Montaż listew przypodłogowych poliuretan lub MDF	mb	demontaż listew przypodłogowych+ montaz z poworotem	mb	inna
Montaż listew przypodłogowych poliuretan lub MDF	mb	Demontaż listew przypodłogowych + czyszczenie	mb	inna
Montaż listew przypodłogowych poliuretan lub MDF	mb	Akrylowanie listew przypodłogowych	mb	inna
Ogrzewanie podłogowe elektryczne, montaż maty	m²	Ogrzewanie podłogowe i ścienne elektryczne, ułożenie maty oraz przewodów	m2	ta-sama
Ogrzewanie podłogowe elektryczne, montaż maty	m²	Ogrzewanie podłogowe elektryczne, ułożenie maty + wylewka samopoziomująca	m²	inna
Ogrzewanie podłogowe elektryczne, montaż maty	m²	Montaż grzejnika elektrycznego	szt	inna
Ogrzewanie podłogowe elektryczne, montaż maty	m²	Montaż WC z podwieszanego / elektrycznego	szt	inna
Ogrzewanie podłogowe elektryczne, montaż maty	m²	Ogrzewanie podłogowe elektryczne, ułożenie maty w kleju, doprowadzenia przewodów i czujników.	m²	ta-sama
Ogrzewanie podłogowe elektryczne, ułożenie maty + wylewka samopoziomująca	m²	Ogrzewanie podłogowe i ścienne elektryczne, ułożenie maty oraz przewodów	m2	inna
Ogrzewanie podłogowe elektryczne, ułożenie maty + wylewka samopoziomująca	m²	Ogrzewanie podłogowe elektryczne, ułożenie maty w kleju, doprowadzenia przewodów i czujników.	m²	inna
Położenie gresu na podłodze (karo) 30x30	m²	Położenie gresu na podłodze 120x20 mijanka	m2	inna
Położenie gresu na podłodze (karo) 30x30	m²	Położenie gresu na podłodze gorseciki	m²	inna
Położenie gresu na podłodze (karo) 30x30	m²	Położenie gresu na podłodze + pralnia	m2	inna
Położenie gresu na podłodze (karo) 30x30	m²	Położenie gresu na podłodze  przedpokój	m2	inna
Położenie gresu na podłodze (karo) 30x30	m²	Położenie gresu na podłodze + kuchnia i przedpokój (karo)	m²	ta-sama
Położenie gresu na podłodze (karo) 30x30	m²	Położenie gresu na podłodze format 120x120 (kuchnia)	m²	inna
Położenie gresu na podłodze (karo) 30x30	m²	Położenie gresu na podłodze format standard od 30x30 do 60x120	m²	inna
Położenie gresu na podłodze (karo) 30x30	m²	Położenie gresu na podłodze format mały mozaika	m²	inna
Położenie gresu na podłodze format 120x120	m²	Położenie gresu na podłodze format 120x120 (kuchnia)	m²	ta-sama
Położenie gresu na podłodze format 120x120	m²	Położenie gresu na podłodze format mały mozaika	m²	inna
Położenie gresu na podłodze format 120x120	m²	Położenie gresu na podłodze 120x20 mijanka	m2	inna
Położenie gresu na podłodze format 120x120	m²	Położenie gresu na podłodze format standard od 30x30 do 60x120	m²	inna
Położenie gresu na podłodze format 120x120	m²	Położenie gresu na podłodze gorseciki	m²	inna
Położenie gresu na podłodze format 120x120	m²	Położenie gresu na podłodze + pralnia	m2	inna
Położenie gresu na podłodze format 120x120	m²	Położenie gresu na podłodze  przedpokój	m2	inna
Położenie gresu na podłodze format 120x120	m²	układania gresu na podłodze format standard	m2	inna
Położenie gresu na podłodze format mały 20x20	m²	Położenie gresu na podłodze format mały mozaika	m²	inna
Położenie gresu na podłodze format mały 20x20	m²	Położenie gresu na podłodze format 120x120 (kuchnia)	m²	inna
Położenie gresu na podłodze format mały 20x20	m²	Położenie gresu na podłodze 120x20 mijanka	m2	inna
Położenie gresu na podłodze format mały 20x20	m²	Położenie gresu na podłodze gorseciki	m²	inna
Położenie gresu na podłodze format mały 20x20	m²	Położenie gresu na podłodze + pralnia	m2	inna
Położenie gresu na podłodze format mały 20x20	m²	Położenie gresu na podłodze format standard od 30x30 do 60x120	m²	inna
Położenie gresu na podłodze format mały 20x20	m²	układanie glazury na podłodze format 20x20	m2	inna
Położenie gresu na podłodze format mały 20x20	m²	Położenie gresu na podłodze format mały cegiełki i inne np 10x10, 6x15 itp.	m²	inna
Położenie gresu na podłodze format mały cegiełki i inne np 10x10, 6x15 itp.	m²	Położenie gresu na podłodze format mały mozaika	m²	inna
Położenie gresu na podłodze format mały cegiełki i inne np 10x10, 6x15 itp.	m²	Położenie gresu na podłodze format 120x120 (kuchnia)	m²	inna
Położenie gresu na podłodze format mały cegiełki i inne np 10x10, 6x15 itp.	m²	Położenie płytek między szafkami mały format cegiełki itp.	m²	inna
Położenie gresu na podłodze format standard od 30x30 do 60x120	m²	układanie glazury na podłodze format standard od 30x30 do 120x60	m2	inna
Położenie gresu na podłodze format standard od 30x30 do 60x120	m²	Układanie glazury na podłodze format standard od 30x30 do 120x60 (karo)	m²	inna
Położenie gresu na podłodze format standard od 30x30 do 60x120	m²	Położenie płytek między szafkami format standard od 30x30 do 60x120	m²	inna
Położenie gresu na podłodze format standard od 30x30 do 60x120	m²	układania gresu na podłodze format standard	m2	ta-sama
Położenie gresu na podłodze format standard od 30x30 do 60x120	m²	Położenie gresu na podłodze format 120x120 (kuchnia)	m²	inna
Położenie gresu na podłodze format standard od 30x30 do 60x120	m²	Układanie glazury na ścianie format standard od 30x30 do 120x60	m²	inna
Położenie gresu na podłodze format standard od 30x30 do 60x120	m²	Położenie gresu na podłodze format mały mozaika	m²	inna
Położenie gresu na podłodze format standard od 30x30 do 60x120	m²	Położenie gresu na podłodze 120x20 mijanka	m2	inna
Położenie gresu na podłodze wielki format 120x270 itp.	m²	Położenie gresu na podłodze format 120x120 (kuchnia)	m²	inna
Położenie gresu na podłodze wielki format 120x270 itp.	m²	Położenie gresu na podłodze format mały cegiełki i inne np 10x10, 6x15 itp.	m²	inna
Położenie gresu na podłodze wielki format 120x270 itp.	m²	Położenie gresu na podłodze 120x20 mijanka	m2	inna
Położenie gresu na podłodze wielki format 120x270 itp.	m²	Położenie gresu na podłodze format mały mozaika	m²	inna
Położenie gresu na podłodze wielki format 120x270 itp.	m²	Położenie gresu na podłodze format standard od 30x30 do 60x120	m²	inna
Położenie gresu na podłodze wielki format 120x270 itp.	m²	Położenie gresu na podłodze gorseciki	m²	inna
Położenie gresu na podłodze wielki format 120x270 itp.	m²	Położenie gresu na podłodze + pralnia	m2	inna
Położenie gresu na podłodze wielki format 120x270 itp.	m²	Położenie gresu na podłodze  przedpokój	m2	inna
Położenie płytek na podłodze 20x20	m²	Położenie plytek na podłodze wiatrolap 20x20 +20x6	m2	ta-sama
Położenie płytek na podłodze 20x20	m²	Położenie plytek na podłodze pokoj pani Joanny,korytaz,pokoj dzienny 20X20	m2	ta-sama
Położenie płytek na podłodze 20x20	m²	Położenie gresu na podłodze 120x20 mijanka	m2	inna
Położenie płytek na podłodze 20x20	m²	Położenie gresu na podłodze + pralnia	m2	inna
Położenie płytek na podłodze 20x20	m²	Położenie plytek na podłodze  spizarnia,garag,kotlownia,	m2	inna
Położenie płytek na podłodze 20x20	m²	Położenie gresu na podłodze  przedpokój	m2	inna
Położenie płytek na podłodze 20x20	m²	Położenie trawertynu na podłodze	m²	inna
Położenie płytek na podłodze 20x20	m²	Położenie gresu na podłodze gorseciki	m²	inna
Położenie płytek na podłodze 120x120	m²	Położenie plytek na podłodze wiatrolap 20x20 +20x6	m2	inna
Położenie płytek na podłodze 120x120	m²	Położenie gresu na podłodze 120x20 mijanka	m2	inna
Położenie płytek na podłodze 120x120	m²	Położenie gresu na podłodze format 120x120 (kuchnia)	m²	ta-sama
Położenie płytek na podłodze 120x120	m²	Położenie plytek na podłodze pokoj pani Joanny,korytaz,pokoj dzienny 20X20	m2	inna
Położenie płytek na podłodze 120x120	m²	Położenie plytek na podłodze  spizarnia,garag,kotlownia,	m2	inna
Położenie płytek na podłodze 120x120	m²	Położenie gresu na podłodze + pralnia	m2	inna
Położenie płytek na podłodze 120x120	m²	Położenie gresu na podłodze  przedpokój	m2	inna
Położenie płytek na podłodze 120x120	m²	Położenie trawertynu na podłodze	m²	inna
Położenie trawertynu na podłodze	m²	Położenie gresu na podłodze + pralnia	m2	inna
Położenie trawertynu na podłodze	m²	Położenie gresu na podłodze gorseciki	m²	inna
Położenie trawertynu na podłodze	m²	Położenie gresu na podłodze  przedpokój	m2	inna
Położenie trawertynu na podłodze	m²	Położenie gresu na podłodze 120x20 mijanka	m2	inna
Szycie dylatacji z dyblami	mb	szycie delatacji	mb	ta-sama
Szycie dylatacji z dyblami	mb	Szycie dylatacji w posadzce	mb	ta-sama
Układanie paneli laminowanych jodełka - wysoki stopień skomplikowania prac	m²	Układanie paneli winylowych wysoki stopień skomplikowania prac, jodełka	m²	inna
Układanie paneli laminowanych jodełka - wysoki stopień skomplikowania prac	m²	Układanie paneli laminowanych niski stopień skomplikowania prac	m²	inna
Układanie paneli laminowanych jodełka - wysoki stopień skomplikowania prac	m²	Układanie parkietu jodełka - wysoki stopień skomplikowania prac	m²	inna
Układanie paneli laminowanych jodełka - wysoki stopień skomplikowania prac	m²	Układanie paneli winylowych niski stopień skomplikowania parc	m2	inna
Układanie paneli laminowanych jodełka - wysoki stopień skomplikowania prac	m²	Układanie paneli winylowych pływających średni stopień skomplikowania	m2	inna
Układanie paneli laminowanych jodełka - wysoki stopień skomplikowania prac	m²	Układanie paneli laminowanych jodełką	m²	ta-sama
Układanie paneli laminowanych jodełka - wysoki stopień skomplikowania prac	m²	Układanie paneli winylowych na klej jodelka francuzka	m2	inna
Układanie paneli laminowanych niski stopień skomplikowania prac	m²	Układanie paneli winylowych niski stopień skomplikowania parc	m2	inna
Układanie paneli laminowanych niski stopień skomplikowania prac	m²	Układanie paneli winylowych wysoki stopień skomplikowania prac, jodełka	m²	inna
Układanie paneli laminowanych niski stopień skomplikowania prac	m²	Układanie paneli winylowych pływających średni stopień skomplikowania	m2	inna
Układanie paneli laminowanych niski stopień skomplikowania prac	m²	Układanie parkietu jodełka - wysoki stopień skomplikowania prac	m²	inna
Układanie paneli laminowanych niski stopień skomplikowania prac	m²	Układanie paneli laminowanych jodełką	m²	inna
Układanie paneli winylowych pływających jodełka wysoki stopień skomplikowania prac	m²	Układanie paneli winylowych wysoki stopień skomplikowania prac, jodełka	m²	ta-sama
Układanie paneli winylowych pływających jodełka wysoki stopień skomplikowania prac	m²	Układanie paneli winylowych pływających średni stopień skomplikowania	m2	inna
Układanie paneli winylowych pływających jodełka wysoki stopień skomplikowania prac	m²	Układanie paneli winylowych niski stopień skomplikowania parc	m2	inna
Układanie paneli winylowych pływających jodełka wysoki stopień skomplikowania prac	m²	Układanie parkietu jodełka - wysoki stopień skomplikowania prac	m²	inna
Układanie paneli winylowych pływających jodełka wysoki stopień skomplikowania prac	m²	Układanie paneli laminowanych niski stopień skomplikowania prac	m²	inna
Układanie paneli winylowych pływających jodełka wysoki stopień skomplikowania prac	m²	Układanie paneli winylowych na klej jodelka francuzka	m2	inna
Układanie paneli winylowych pływających niski stopień skomplikowania prac	m²	Układanie paneli winylowych niski stopień skomplikowania parc	m2	ta-sama
Układanie paneli winylowych pływających niski stopień skomplikowania prac	m²	Układanie paneli winylowych pływających średni stopień skomplikowania	m2	inna
Układanie paneli winylowych pływających niski stopień skomplikowania prac	m²	Układanie paneli laminowanych niski stopień skomplikowania prac	m²	inna
Układanie paneli winylowych pływających niski stopień skomplikowania prac	m²	Układanie paneli winylowych wysoki stopień skomplikowania prac, jodełka	m²	inna
Układanie paneli winylowych pływających niski stopień skomplikowania prac	m²	Układanie parkietu jodełka - wysoki stopień skomplikowania prac	m²	inna
Układanie parkietu jodełka - wysoki stopień skomplikowania prac	m²	Układanie paneli winylowych wysoki stopień skomplikowania prac, jodełka	m²	inna
Układanie parkietu jodełka - wysoki stopień skomplikowania prac	m²	Układanie paneli winylowych niski stopień skomplikowania parc	m2	inna
Układanie parkietu jodełka - wysoki stopień skomplikowania prac	m²	Układanie paneli laminowanych niski stopień skomplikowania prac	m²	inna
Układanie parkietu jodełka - wysoki stopień skomplikowania prac	m²	Układanie paneli winylowych pływających średni stopień skomplikowania	m2	inna
Układanie parkietu jodełka - wysoki stopień skomplikowania prac	m²	Montaż ścian GK z wełną mineralną - podwójna płyta obustronnie - wysoki stopień skomplikowania prac	m²	inna
Układanie parkietu z gruntowaniem mijanka	m²	Układanie parkietu	m²	ta-sama
Uzupełnianie posadzki po wyburzeniach	mb	skuwanie posadzki celem przygotowania wygłuszenia	m2	inna
Wylewka betonowa ok. 3-5 cm	m²	Wylewka betonowa ok. 3-5 cm	kpl	ta-sama
Wylewka samopoziomująca w całym mieszkaniu do 5 mm	m²	Wylewka samopoziomująca w całym mieszkaniu do 8 mm	m²	inna
Wylewka samopoziomująca w całym mieszkaniu do 5 mm	m²	wylewka smaopoziomująca w całym mieszkaniu do 12mm	m2	inna
Wylewka samopoziomująca w całym mieszkaniu do 5 mm	m²	Wylewka samopoziomująca do 5 mm	m²	ta-sama
Akrylowanie łączeń ścian i sufitów / akrylowanie dylatacji - polecam, bo zdecydowanie poprawia estetykę w narożnikach oraz przykrywa potencjalne pęknięcia	mb	akrylowanie łączeń ścian i sufitów - polecam bo zdecydowanie poprawia estetyke w narożnikach oraz przykrywa potencjalne pęknięcia	mb	ta-sama
Akrylowanie łączeń ścian i sufitów / akrylowanie dylatacji - polecam, bo zdecydowanie poprawia estetykę w narożnikach oraz przykrywa potencjalne pęknięcia	mb	wklejanie taśmy w łączenie sufit-ściana oraz dylatacje - poprawia estetyke oraz chroni przed pęknięciami	mb	inna
Dodatek za wklejanie siatki tynkarskiej	m²	Dodatek za wklejanie siatki tynkarskiej	mb	ta-sama
Gładzie na sufitach "finish" stan deweloperski (2 warstwy) - standard wykończenia Q3	m²	Gładzie na ścianch "fisnish" stan deweloperski (2 warstwy) - standard wykończenia Q3	m2	inna
Gładzie na sufitach "finish" stan deweloperski (2 warstwy) - standard wykończenia Q3	m²	Gładzie na sufitach "finish" stan deweloperski (2 warstwy) - standard Q3	m²	ta-sama
Gładzie na sufitach "finish" stan deweloperski (2 warstwy) - standard wykończenia Q3	m²	Gładzie na sufitach "fisnish" stan deweloperski (2-3 warstwy)  - premium-  standard wykończenia Q4	m2	inna
Gładzie na sufitach "finish" stan deweloperski (2 warstwy) - standard wykończenia Q3	m²	Gładzie na sufitach "finish" stan deweloperski (2 warstwy) - standard	m²	ta-sama
Gładzie na sufitach "finish" stan deweloperski (2 warstwy) - standard wykończenia Q3	m²	Gładzie na ścianch "fisnish" stan deweloperski (2-3  warstwy) - premium - standard wykończenia Q4	m2	inna
Gładzie na sufitach "finish" stan deweloperski (2 warstwy) - standard wykończenia Q3	m²	Gładzie na ścianach "finish" stan deweloperski (2 warstwy) - standard	m²	inna
Gładzie na sufitach "finish" stan deweloperski (2 warstwy) - standard wykończenia Q3	m²	Gładzie na sufitach "finish" stan deweloperski (2-3 warstwy) - premium - gruntowanie farbą podkładową w cenie	m²	inna
Gładzie na sufitach "finish" stan deweloperski (2 warstwy) - standard wykończenia Q3	m²	Gładzie na ścianch "fisnish" stan deweloperski (2-3  warstwy) - premium -  gruntowanie farbą podkładową w cenie	m2	inna
Gładzie na sufitach "finish" stan deweloperski (2-3 warstwy) - premium - standard wykończenia Q4	m²	Gładzie na ścianch "fisnish" stan deweloperski (2-3  warstwy) - premium - standard wykończenia Q4	m2	inna
Gładzie na sufitach "finish" stan deweloperski (2-3 warstwy) - premium - standard wykończenia Q4	m²	Gładzie na sufitach "fisnish" stan deweloperski (2 warstwy) - standard wykończenia Q3	m2	inna
Gładzie na sufitach "finish" stan deweloperski (2-3 warstwy) - premium - standard wykończenia Q4	m²	Gładzie na ścianch "fisnish" stan deweloperski (2 warstwy) - standard wykończenia Q3	m2	inna
Gładzie na sufitach "finish" stan deweloperski (2-3 warstwy) - premium - standard wykończenia Q4	m²	Gładzie na sufitach "finish" stan deweloperski (2 warstwy) - standard Q3	m²	inna
Gładzie na sufitach "finish" stan deweloperski (2-3 warstwy) - premium - standard wykończenia Q4	m²	Gładzie na sufitach "finish" stan deweloperski (2 warstwy) - standard	m²	inna
Gładzie na sufitach "finish" stan deweloperski (2-3 warstwy) - premium - standard wykończenia Q4	m²	Gładzie na ścianach "finish" stan deweloperski (2 warstwy) - standard	m²	inna
Gładzie na sufitach "finish" stan deweloperski (2-3 warstwy) - premium - standard wykończenia Q4	m²	Gładzie na sufitach "finish" stan deweloperski (2-3 warstwy) - premium - gruntowanie farbą podkładową w cenie	m²	ta-sama
Gładzie na sufitach "finish" stan deweloperski (2-3 warstwy) - premium - standard wykończenia Q4	m²	Gładzie na ścianch "fisnish" stan deweloperski (2-3  warstwy) - premium -  gruntowanie farbą podkładową w cenie	m2	inna
Gładzie na ścianach "finish" stan deweloperski (2 warstwy) - standard wykończenia Q3	m²	Gładzie na sufitach "fisnish" stan deweloperski (2 warstwy) - standard wykończenia Q3	m2	inna
Gładzie na ścianach "finish" stan deweloperski (2 warstwy) - standard wykończenia Q3	m²	Gładzie na ścianch "fisnish" stan deweloperski (2-3  warstwy) - premium - standard wykończenia Q4	m2	inna
Gładzie na ścianach "finish" stan deweloperski (2 warstwy) - standard wykończenia Q3	m²	Gładzie na ścianach "finish" stan deweloperski (2 warstwy) - standard	m²	ta-sama
Gładzie na ścianach "finish" stan deweloperski (2 warstwy) - standard wykończenia Q3	m²	Gładzie na sufitach "finish" stan deweloperski (2 warstwy) - standard Q3	m²	inna
Gładzie na ścianach "finish" stan deweloperski (2 warstwy) - standard wykończenia Q3	m²	Gładzie na sufitach "fisnish" stan deweloperski (2-3 warstwy)  - premium-  standard wykończenia Q4	m2	inna
Gładzie na ścianach "finish" stan deweloperski (2 warstwy) - standard wykończenia Q3	m²	Gładzie na sufitach "finish" stan deweloperski (2 warstwy) - standard	m²	inna
Gładzie na ścianach "finish" stan deweloperski (2 warstwy) - standard wykończenia Q3	m²	Gładzie na ścianch "fisnish" stan deweloperski (2-3  warstwy) - premium -  gruntowanie farbą podkładową w cenie	m2	inna
Gładzie na ścianach "finish" stan deweloperski (2 warstwy) - standard wykończenia Q3	m²	Gładzie na sufitach "finish" stan deweloperski (2-3 warstwy) - premium - gruntowanie farbą podkładową w cenie	m²	inna
Gładzie na ścianach "finish" stan deweloperski (2-3 warstwy) - premium - standard wykończenia Q4	m²	Gładzie na sufitach "fisnish" stan deweloperski (2-3 warstwy)  - premium-  standard wykończenia Q4	m2	inna
Gładzie na ścianach "finish" stan deweloperski (2-3 warstwy) - premium - standard wykończenia Q4	m²	Gładzie na ścianch "fisnish" stan deweloperski (2 warstwy) - standard wykończenia Q3	m2	inna
Gładzie na ścianach "finish" stan deweloperski (2-3 warstwy) - premium - standard wykończenia Q4	m²	Gładzie na sufitach "fisnish" stan deweloperski (2 warstwy) - standard wykończenia Q3	m2	inna
Gładzie na ścianach "finish" stan deweloperski (2-3 warstwy) - premium - standard wykończenia Q4	m²	Gładzie na ścianach "finish" stan deweloperski (2 warstwy) - standard	m²	inna
Gładzie na ścianach "finish" stan deweloperski (2-3 warstwy) - premium - standard wykończenia Q4	m²	Gładzie na sufitach "finish" stan deweloperski (2 warstwy) - standard Q3	m²	inna
Gładzie na ścianach "finish" stan deweloperski (2-3 warstwy) - premium - standard wykończenia Q4	m²	Gładzie na ścianch "fisnish" stan deweloperski (2-3  warstwy) - premium -  gruntowanie farbą podkładową w cenie	m2	ta-sama
Gładzie na ścianach "finish" stan deweloperski (2-3 warstwy) - premium - standard wykończenia Q4	m²	Gładzie na sufitach "finish" stan deweloperski (2 warstwy) - standard	m²	inna
Gładzie na ścianach "finish" stan deweloperski (2-3 warstwy) - premium - standard wykończenia Q4	m²	Gładzie na sufitach "finish" stan deweloperski (2-3 warstwy) - premium - gruntowanie farbą podkładową w cenie	m²	inna
Gładzie na ścianach i sufitach rynek wtórny (3-4 warstwy) + podkład z tynku jeżeli będzie potrzebny, jak nie to cena nieco niższa	m²	Gładzie na ścianach i sufitach rynek wtórny (3-4 warstwy) + podkład z tynku	m²	ta-sama
Gładzie na ścianach i sufitach rynek wtórny (3-4 warstwy) + podkład z tynku jeżeli będzie potrzebny, jak nie to cena nieco niższa	m²	Gładzie na ścianach i sufitach rynek wtórny (3-4 warstwy) + tynkowanie po skucie płytek - kuchnia	m²	ta-sama
Gładzie na ścianach i sufitach rynek wtórny (3-4 warstwy) + podkład z tynku jeżeli będzie potrzebny, jak nie to cena nieco niższa	m²	Gładzie na ścianach i sufitach rynek wtórny  (3-4 warstwy)	m2	ta-sama
Gładzie na ścianach i sufitach rynek wtórny (3-4 warstwy) + podkład z tynku jeżeli będzie potrzebny, jak nie to cena nieco niższa	m²	Gładzie na ścianach i sufitach rynek wtórny (3-4 warstwy) - kuchnia sufit, utrudniony dostęp. zaokrąglenia.	m²	ta-sama
Gruntowanie farbą podkładową - bardzo zalecane na świeże gładzie. Dzięki temu zmniejszamy chłonność powierzchni oraz unikamy na ścianach pasów i wrażenia nierównego malowania. Również przy malowaniu tynków bez gładzi warto zrobić taką warstwę podkładową.	m²	gruntowanie farba podkładową - bardzo zalecane na świeże gładzie. dzięki temu zmniejszamy chłonność powierzchni oraz unikamy na ścianach pasów i wrażenia nierównego malowania. Również przy malowaniu tynków bez gładzi warto zrobić taką warstwe podkładową. do ustalenia czy konieczne	m2	ta-sama
Gruntowanie farbą podkładową - bardzo zalecane na świeże gładzie. Dzięki temu zmniejszamy chłonność powierzchni oraz unikamy na ścianach pasów i wrażenia nierównego malowania. Również przy malowaniu tynków bez gładzi warto zrobić taką warstwę podkładową.	m²	Gruntowanie farbą podkładową - bardzo zalecane na świeże gładzie. Dzięki temu zmniejszamy chłonność powierzchni oraz unikamy na ścianach pasów i wrażenia nierównego malowania	m²	ta-sama
Gruntowanie powierzchni betonkontaktem	mb	gruntowanie powierzchni ścian + drobne poprawki	m2	inna
Gruntowanie powierzchni ścian i sufitów przed gładziami i po gładziach	m²	Gruntowanie powierzchni ścian i sufitów przed tynkami i po tynkach	m²	inna
Gruntowanie powierzchni ścian i sufitów przed gładziami i po gładziach	m²	szpachlowanie laczen przygotowanie pod gladz sufitow gk	mb	inna
Gruntowanie powierzchni ścian i sufitów przed gładziami i po gładziach	m²	gruntowanie powierzchni ścian + drobne poprawki	m2	inna
Gruntowanie powierzchni ścian i sufitów przed gładziami i po gładziach	m²	Gruntowanie ścian, sufitów i podłóg	m²	inna
Gruntowanie powierzchni ścian i sufitów przed gładziami i po gładziach	m²	gruntowanie ścian i sufitów  jednokrotne	m2	inna
Gruntowanie ścian jednokrotne	m²	gruntowanie ścian i sufitów  jednokrotne	m2	ta-sama
Gruntowanie ścian jednokrotne	m²	Gruntowanie ścian jednokrotne + drobne poprawki	m²	inna
Gruntowanie ścian jednokrotne	m²	gruntowanie ścian i podłóg	m2	inna
Gruntowanie ścian jednokrotne	m²	Czyszczenie i gruntowanie ścian jednokrotne + drobne poprawki	m²	inna
Gruntowanie ścian jednokrotne	m²	Dwukrotne gruntowanie ścian, sufitów i podłóg	m²	inna
Gruntowanie ścian jednokrotne	m²	dwukrotne gruntowanie ścian, sufitów i podłóg		inna
Gruntowanie ścian jednokrotne	m²	Gruntowanie ścian, sufitów i podłóg	m²	inna
Gruntowanie ścian jednokrotne + drobne poprawki	m²	Czyszczenie i gruntowanie ścian jednokrotne + drobne poprawki	m²	ta-sama
Gruntowanie ścian jednokrotne + drobne poprawki	m²	Gruntowanie ścian jednokrotne	m²	inna
Gruntowanie ścian jednokrotne + drobne poprawki	m²	gruntowanie powierzchni ścian + drobne poprawki	m2	ta-sama
Gruntowanie ścian jednokrotne + drobne poprawki	m²	gruntowanie ścian i sufitów  jednokrotne	m2	inna
Malowanie sufitów farbą silikonową lub akrylową na biało	m²	Malowanie ścian i sufitów farbą silikonową lub akrylową na biało	m²	inna
Malowanie sufitów farbą silikonową lub akrylową na biało	m²	Malowanie sufitów farbą silikonową lub akrylową na biało (garderoba)	m²	ta-sama
Malowanie sufitów farbą silikonową lub akrylową na biało	m²	Malowanie ścian farbą silikonową lub akrylową - kolor	m²	inna
Malowanie sufitu w kolorze	m²	Malowanie ścian w kolorze	m2	inna
Malowanie sufitu w kolorze	m²	Malowanie sufitu	m²	inna
Malowanie sufitu w kolorze	m²	Odcinanie kolorów przy suficie	mb	inna
Malowanie sufitu w kolorze	m²	Szlifowanie sufitu	m²	inna
Malowanie sztukaterii	mb	malowanie sztukaterii Limę wach	mb	ta-sama
Malowanie sztukaterii	mb	Malowanie sufitu	m²	inna
Malowanie sztukaterii	mb	malowanie ??	m2	inna
Malowanie ścian emulsją z gruntem (przykrycie koloru, żeby malować na biało) - 1 warstwa	m²	Malowanie ścian emulsją z gruntem (przykrycie koloru, żeby malować na biało) - 2 warstwy	m²	inna
Malowanie ścian emulsją z gruntem (przykrycie koloru, żeby malować na biało) - 1 warstwa	m²	Malowanie ścian farba podkladowa (przykrycie koloru, żeby malować na bało) - 1 warstwa	m2	ta-sama
Malowanie ścian farbą strukturalną efekt beton - do ustalenia dokładnie produkt i czy to ma być beton, tynk dekoracyjny czy farba, bo cena może się różnić. Od 40 do 150 zł	m²	Malowanie ścian farbą strukturalną limewash z lakierem- do ustalenia dokładnie produkt i czy to ma być beton, tynk dekoracyjny czy farba, bo cena może się różnić. Od 40 do 150 zł	m²	ta-sama
Malowanie ścian i sufitów farbą silikonową lub akrylową na biało	m²	Malowanie  sufitów farba sylikonowa lub akrylowa  na biało	m2	inna
Malowanie ścian i sufitów farbą silikonową lub akrylową na biało	m²	Malowanie sufitów farbą silikonową lub akrylową na biało (garderoba)	m²	inna
Malowanie ścian i sufitów farbą silikonową lub akrylową na biało	m²	Malowanie ścian farbą silikonową lub akrylową - kolor	m²	inna
Malowanie ścian w kolorze	m²	Malowanie sufitu w kolor	m2	inna
Malowanie ścian w kolorze	m²	ponowne malowanie ścian - zmiana koloru	m2	inna
Malowanie ścian w kolorze	m²	fugowanie ścian i podłóg	m2	inna
Malowanie ścian w kolorze	m²	tapetowanie scian	m2	inna
Malowanie ścian w kolorze	m²	Szlifowanie ścian	m²	inna
Montaż karniszy	mb	Montaż karniszy na kotwe chemiczną	szt	ta-sama
Montaż karniszy	mb	demontaż kominka	kpl	inna
Montaż karniszy	mb	Montaż kanału TV	szt	inna
Montaż karniszy	mb	Montaż TV	kpl	inna
Montaż listew sztukateryjnych na ścianach przygotowanych do malowania (docinanie, montaż, szpachlowanie połączeń, akrylowanie, szlifowanie)	mb	montaż listw sztukateryjnych sufitowych(osłona karnisza) przygotowane do malowania (docinanie, montaż, szpachlowanie połączeń, akrylowanie, szlifowanie)	mb	inna
Montaż listew sztukateryjnych na ścianach przygotowanych do malowania (docinanie, montaż, szpachlowanie połączeń, akrylowanie, szlifowanie)	mb	Montaż listew sztukateryjnych sufitowych (osłona karnisza) przygotowanych do malowania (docinanie, montaż, szpachlowanie połączeń, akrylowanie, szlifowanie) + dodatkowe czyszczenie listwy z pozostałości kleju	mb	inna
Montaż listew sztukateryjnych sufitowych (osłona karnisza) przygotowanych do malowania (docinanie, montaż, szpachlowanie połączeń, akrylowanie, szlifowanie)	mb	montaż listw sztukateryjnych na ścianach przygotowane do malowania (docinanie, montaż, szpachlowanie połączeń, akrylowanie, szlifowanie)	mb	inna
Montaż listew sztukateryjnych sufitowych (osłona karnisza) przygotowanych do malowania (docinanie, montaż, szpachlowanie połączeń, akrylowanie, szlifowanie)	mb	Montaż listew sztukateryjnych sufitowych (osłona karnisza) przygotowanych do malowania (docinanie, montaż, szpachlowanie połączeń, akrylowanie, szlifowanie) + dodatkowe czyszczenie listwy z pozostałości kleju	mb	ta-sama
Montaż nadproży w nowo murowanej ścianie	szt	Wybicie otworu drzwiowego w ścianie działowej z montażem nadproża	szt	inna
Montaż nadproży w nowo murowanej ścianie	szt	Montaż nadproży	szt	ta-sama
Montaż płyt GK na klej na ścianach	m²	montaz gk na klej	m2	ta-sama
Montaż płyty OSB na ścianie	mb	montaz osb 20mm na scianie	m2	ta-sama
Montaż płyty OSB na ścianie	mb	montaż płyt gk w na klej na ścianach	m2	inna
Montaż płyty OSB na ścianie	mb	demontaz oscieznic	szt	inna
Montaż profili wzmocnionych pod ościeżnice	kpl	Montaż profili LED podtynkowych w suficie	mb	inna
Montaż profili wzmocnionych pod ościeżnice	kpl	montaż profili ledowych	mb	inna
Montaż ścian GK z wełną mineralną - podwójna płyta obustronnie - niski stopień skomplikowania prac	m²	Montaż ścian GK z wełną mineralną - podwójna płyta obustronnie - wysoki stopień skomplikowania prac	m²	inna
Montaż ścian GK z wełną mineralną - podwójna płyta obustronnie - niski stopień skomplikowania prac	m²	Montaż ścian GK z wełną mineralną - podwójna płyta obustronnie + wzmocnienie	kpl	inna
Montaż ścian GK z wełną mineralną - podwójna płyta obustronnie - niski stopień skomplikowania prac	m²	Montaż ścian GK z wełną mineralną - podwójna płyta obustronnie - z z otworem drzwiowym	m²	inna
Montaż ścian GK z wełną mineralną - podwójna płyta obustronnie - wysoki stopień skomplikowania prac	m²	Montaż ścian GK z wełną mineralną - podwójna płyta obustronnie - niski stopień skomplikowania prac	m²	inna
Montaż ścian GK z wełną mineralną - podwójna płyta obustronnie - wysoki stopień skomplikowania prac	m²	Montaż ścian GK z wełną mineralną - podwójna płyta obustronnie + wzmocnienie	kpl	inna
Montaż ścian GK z wełną mineralną - podwójna płyta obustronnie - wysoki stopień skomplikowania prac	m²	Montaż ścian GK z wełną mineralną - podwójna płyta obustronnie - z z otworem drzwiowym	m²	inna
Montaż ścian GK z wełną mineralną - podwójna płyta obustronnie - wysoki stopień skomplikowania prac	m²	Układanie parkietu jodełka - wysoki stopień skomplikowania prac	m²	inna
Murowanie ścian z bloczków komórkowych 10 cm	m²	Murowanie ścian z bloczków komórkowych 7,5 cm	m2	inna
Murowanie ścian z bloczków komórkowych 10 cm	m²	domurowanie scianki z bloczkow 10cm+	m2	ta-sama
Murowanie ścian z bloczków komórkowych 10 cm	m²	Murowanie ścian z bloczków komórkowych 7,5 cm (skomplikowany montaż)	m²	inna
Murowanie ścian z bloczków komórkowych 5 cm	m²	Murowanie ścian z bloczków komórkowych 10 cm	m²	inna
Murowanie ścian z bloczków komórkowych 5 cm	m²	Murowanie ścian z bloczków komórkowych 7,5 cm	m2	inna
Murowanie ścian z bloczków komórkowych 5 cm	m²	Murowanie ścian z bloczków komórkowych 7,5 cm (skomplikowany montaż)	m²	inna
Murowanie ścian z bloczków komórkowych 5 cm	m²	domurowanie scianki z bloczkow 10cm+	m2	inna
Murowanie ścian z bloczków komórkowych 7,5 cm	m²	Murowanie ścian z bloczków komórkowych 10 cm	m²	inna
Murowanie ścian z bloczków komórkowych 7,5 cm	m²	Murowanie ścian z bloczków komórkowych 7,5 cm (skomplikowany montaż)	m²	inna
Murowanie ścian z bloczków komórkowych 7,5 cm	m²	domurowanie scianki z bloczkow 10cm+	m2	inna
Murowanie ścian z bloczków komórkowych 7,5 cm (skomplikowany montaż)	m²	Murowanie ścian z bloczków komórkowych 7,5 cm	m2	inna
Murowanie ścian z bloczków komórkowych 7,5 cm (skomplikowany montaż)	m²	Murowanie ścian z bloczków komórkowych 10 cm	m²	inna
Naprawy ścian i sufitów po kuciu, bruzdowaniu, tynkowanie bruzd (liczone w metrach bieżących)	mb	Naprawy ścian i sufitów po kuciu, bruzdowaniu, tynkowanie bruzd (liczone w metrach bieżących) z gruntowaniem	mb	ta-sama
Naprawy ścian i sufitów po kuciu, bruzdowaniu, tynkowanie bruzd (liczone w metrach bieżących)	mb	Naprawy ścian i sufitów po kuciu, bruzdowaniu, tynkowanie bruzd	mb	ta-sama
Odcinanie kolorów, lamperie itp.	mb	Odcinanie kolorów przy suficie	mb	ta-sama
Poprawki malarskie po stolarzach	kpl	Poprawki szpachlarskie w całym mieszkaniu	m²	inna
Przesunięcie otworu drzwiowego z montażem nadproża + murowanie	szt	Przesunięcie otworu drzwiowego z montażem nadproża + murowanie - kuchnia	szt	ta-sama
Przesunięcie otworu drzwiowego z montażem nadproża + murowanie	szt	Wybicie otworu drzwiowego z montażem nadproża + murowanie	szt	inna
Przesunięcie otworu drzwiowego z montażem nadproża + murowanie	szt	Przesuniecie otworu drzwiowego  murowanie	szt.	ta-sama
Przesunięcie otworu drzwiowego z montażem nadproża + murowanie	szt	Wybicie otworu drzwiowego w ścianie działowej z montażem nadproża	szt	inna
Przesunięcie otworu drzwiowego z montażem nadproża + murowanie	szt	Wykucie nadproża i powiększenie otworu drzwiowego przesuwanie otworu.	kpl	inna
Przesunięcie otworu drzwiowego z montażem nadproża + murowanie	szt	Wykucie nadproża, montaż nowego i powiększenie otworu drzwiowego do kuchni z salonu	kpl	inna
Sufit podwieszany montaż stelaża z płytami - niski stopień skomplikowania prac	m²	Montaż ścian GK z wełną mineralną - podwójna płyta obustronnie - niski stopień skomplikowania prac	m²	inna
Sufit podwieszany montaż stelaża z płytami - niski stopień skomplikowania prac	m²	Montaż ścian GK z wełną mineralną - podwójna płyta obustronnie - wysoki stopień skomplikowania prac	m²	inna
Sufit podwieszany montaż stelaża z płytami - niski stopień skomplikowania prac	m²	Układanie paneli laminowanych niski stopień skomplikowania prac	m²	inna
Sufit podwieszany montaż stelaża z płytami - niski stopień skomplikowania prac	m²	Układanie paneli winylowych niski stopień skomplikowania parc	m2	inna
Sufit podwieszany montaż stelaża z płytami - niski stopień skomplikowania prac	m²	Układanie parkietu jodełka - wysoki stopień skomplikowania prac	m²	inna
Szlifowanie mleczka z tynków deweloperskich	m²	szlifowanie mleczka z tynków deweloperskich - jeżeli ściany będą tego wymagały. Do sprawdzenia na miejscu.	m2	ta-sama
Szlifowanie mleczka z tynków deweloperskich	m²	szlifowanie mleczka na podłodze	m²	inna
Tapetowanie	m²	tapetowanie scian	m2	ta-sama
Tapetowanie	m²	Tapetowanie ściany	m²	ta-sama
Tapetowanie	m²	Gruntowanie	m²	inna
Tapetowanie	m²	Fugowanie	m²	inna
Tapetowanie	m²	Fugowanie	szt	inna
Tynk dekoracyjny efekt betonu	m²	Tynk dekoracyjny sypialnia	m²	ta-sama
Tynk dekoracyjny efekt betonu	m²	beton dekoracijny	m2	ta-sama
Tynkowanie ręczne ścian lub sufitów do 1 cm	m²	Tynkowanie ściany lub sufitów do 1cm	m2	ta-sama
Tynkowanie ręczne ścian lub sufitów do 1 cm	m²	Tynkowanie ściany lub sufitów do 3 cm -	m2	inna
Tynkowanie ręczne ścian lub sufitów do 1 cm	m²	Tynkowanie ściany lub sufitów do 1cm - 5%	m2	ta-sama
Tynkowanie ręczne ścian lub sufitów do 1 cm	m²	Tynkowanie ściany lub sufitów do 1cm -	m²	ta-sama
Tynkowanie ręczne ścian lub sufitów do 1 cm	m²	Tynkowanie ściany lub sufitów do 1cm - mp75	m²	ta-sama
Tynkowanie ręczne ścian lub sufitów do 1 cm	m²	Tynkowanie ściany lub sufitów - równaniepo wyburzeniach	m2	inna
Tynkowanie ręczne ścian lub sufitów do 1 cm	m²	Skuwanie tynku ze ścian i sufitów	m²	inna
Tynkowanie ręczne ścian lub sufitów do 1 cm	m²	Szlifowanie posadzki lub ścian do 1 cm	m²	inna
Tynkowanie/wyrównywanie ścian lub sufitów na listwach tynkarskich do kilku cm grubości.	m²	Tynkowanie/wyrównywanie ścian lub sufitów na listwach tynkarskich do kilku cm grubości. Naprawa sufitu po zalaniu i niektórych ściane w łazience. podsumowanie m2 po wykonaniu prac	m²	ta-sama
Tynkowanie/wyrównywanie ścian lub sufitów na listwach tynkarskich do kilku cm grubości.	m²	Tynkowanie ściany lub sufitów - równaniepo wyburzeniach	m2	inna
Tynkowanie/wyrównywanie ścian lub sufitów na listwach tynkarskich do kilku cm grubości.	m²	Tynkowanie ręczne ścian lub sufitów do 1 cm	m²	inna
Wklejanie taśmy w łączenie sufit-ściana oraz dylatacje - poprawia estetykę oraz chroni przed pęknięciami	mb	akrylowanie łączeń ścian i sufitów - polecam bo zdecydowanie poprawia estetyke w narożnikach oraz przykrywa potencjalne pęknięcia	mb	inna
Wklejanie taśmy w łączenie sufit-ściana oraz dylatacje - poprawia estetykę oraz chroni przed pęknięciami	mb	Akrylowanie łączeń ścian i sufitów / akrylowanie dylatacji - polecam, bo zdecydowanie poprawia estetykę w narożnikach oraz przykrywa potencjalne pęknięcia	mb	inna
Gładzie po bruzdach, wykonanie gładzi po usuwaniu sztukaterii etc.	mb	Wykonanie gładzi po bruzdach, wykonanie gładzi po usuwaniu sztukaterii	mb	ta-sama
Gładzie po bruzdach, wykonanie gładzi po usuwaniu sztukaterii etc.	mb	Wykonanie gładzi po bruzdach	mb	ta-sama
Gładzie po bruzdach, wykonanie gładzi po usuwaniu sztukaterii etc.	mb	Wykonanie gładzi po bruzdach z gruntowaniem	mb	ta-sama
Gładzie po bruzdach, wykonanie gładzi po usuwaniu sztukaterii etc.	mb	Wykonanie gładzi po bruzdach + czesciowa gladz na scianach	mb	ta-sama
Zabudowy rur z GK (piony wodne, rury gazowe etc.) - po obejrzeniu	mb	Zabudowy rur z gk (piony wodne, rury gazowe etc.) - zabudowa rury wc + zabudowa starego pionu	kpl	ta-sama
Instalacja wod-kan nowe punkty, przeniesienie lub przedłużenie - każdy punkt	pkt	Instalacja wod-kan nowe punkty, przeniesienie lub przedłużenie - każdy punkt	szt	ta-sama
Instalacja wod-kan nowe punkty, przeniesienie lub przedłużenie - każdy punkt	pkt	Wkucie w ścianę instalacji wod-kan każdy punkt	pkt	inna
Akrylowanie	mb	malowanie ??	m2	inna
Akrylowanie	mb	Fugowanie	m²	inna
Akrylowanie	mb	Fugowanie	szt	inna
Biały montaż baterii podtynkowej bidetka	kpl	Biały montaż baterii podtynkowych	kpl	inna
Biały montaż baterii podtynkowej bidetka	kpl	bialy montaz baterii podtynkowej do umywalki	kpl	inna
Biały montaż baterii podtynkowej bidetka	kpl	bialy montaz baterii podtynkowej do umywalki	klp	inna
Biały montaż baterii podtynkowej bidetka	kpl	Montaż baterii umywalkowej podtynkowej	szt	inna
Biały montaż baterii podtynkowej bidetka	kpl	Montaż baterii na wannowej podtynkowej	kpl	inna
Biały montaż baterii podtynkowej bidetka	kpl	Montaż bidetu podtynkowego	szt	inna
Biały montaż baterii podtynkowej bidetka	kpl	Montaż baterii prysznicowej/wannowej podtynkowej	szt	inna
Biały montaż baterii podtynkowej bidetka	kpl	bialy montaz baterii podtynkowej do wanny/prysznica razem z sluchawka i deszczownica	kpl	inna
Biały montaż baterii podtynkowej do umywalki	kpl	bialy montaz baterii podtynkowej do umywalki	klp	ta-sama
Biały montaż baterii podtynkowej do umywalki	kpl	Montaż baterii umywalkowej podtynkowej	szt	inna
Biały montaż baterii podtynkowej do umywalki	kpl	Biały montaż baterii podtynkowych	kpl	inna
Biały montaż baterii podtynkowej do umywalki	kpl	Biały montaż baterii podtynkowej bidetka	kpl	inna
Biały montaż baterii podtynkowej do umywalki	kpl	Montaż baterii do umywalki	szt	inna
Biały montaż baterii podtynkowej do umywalki	kpl	Montaż baterii na wannowej podtynkowej	kpl	inna
Biały montaż baterii podtynkowej do umywalki	kpl	Montaż baterii prysznicowej/wannowej podtynkowej	szt	inna
Biały montaż baterii podtynkowej do umywalki	kpl	Montaż baterii umywalkowej podtynkowej razem z podlaczeniem zasilania wody	szt	inna
Biały montaż baterii podtynkowej do wanny/prysznica razem ze słuchawką i deszczownicą	kpl	bialy montaz baterii podtynkowej do wanny/prysznica razem z sluchawka i deszczawnica	klp	ta-sama
Biały montaż baterii podtynkowej do wanny/prysznica razem ze słuchawką i deszczownicą	kpl	bialy montaz baterii podtynkowej do wanny/prysznica razem z sluchawka i deszczownica	kpl	ta-sama
Biały montaż baterii podtynkowej do wanny/prysznica razem ze słuchawką i deszczownicą	kpl	bialy montaz baterii podtynkowej do wanny/prysznica razem z sluchawka i deszczawnica pralnia	kpl	ta-sama
Biały montaż baterii podtynkowej do wanny/prysznica razem ze słuchawką i deszczownicą	kpl	Montaż baterii prysznicowej/wannowej podtynkowej razem z podlaczeniem zasilania wody	szt	inna
Biały montaż baterii podtynkowej do wanny/prysznica razem ze słuchawką i deszczownicą	kpl	bialy montaz baterii podtynkowej do umywalki	kpl	inna
Biały montaż baterii podtynkowej do wanny/prysznica razem ze słuchawką i deszczownicą	kpl	bialy montaz baterii podtynkowej do umywalki	klp	inna
Biały montaż baterii podtynkowej do wanny/prysznica razem ze słuchawką i deszczownicą	kpl	Montaż baterii prysznicowej/wannowej podtynkowej	szt	inna
Biały montaż baterii podtynkowej do wanny/prysznica razem ze słuchawką i deszczownicą	kpl	Montaż baterii umywalkowej podtynkowej razem z podlaczeniem zasilania wody	szt	inna
Dodatek za schodek pod prysznicem - murowanie i wykonanie spadki na podwyższeniu	kpl	Dodatek za schodek pod prysznicem -wykonanie spadki na podwyższeniu	kpl	ta-sama
Dodatek za schodek pod prysznicem - murowanie i wykonanie spadki na podwyższeniu	kpl	wykonanie podwyższenia w strefie prysznica pod odpływ liniwy	kpl	ta-sama
Dwukrotne gruntowanie ścian, sufitów i podłóg	m²	dwukrotne gruntowanie ścian, sufitów i podłóg		ta-sama
Dwukrotne gruntowanie ścian, sufitów i podłóg	m²	Gruntowanie ścian, sufitów i podłóg	m²	ta-sama
Dwukrotne gruntowanie ścian, sufitów i podłóg	m²	gruntowanie ścian i sufitów  jednokrotne	m2	inna
Dwukrotne gruntowanie ścian, sufitów i podłóg	m²	gruntowanie ścian i podłóg	m2	inna
Dwukrotne gruntowanie ścian, sufitów i podłóg	m²	Gruntowanie ścian jednokrotne	m²	inna
Dwukrotne gruntowanie ścian, sufitów i podłóg	m²	fugowanie ścian i podłóg	m2	inna
Dwukrotne gruntowanie ścian, sufitów i podłóg	m²	Gruntowanie podłóg	m²	inna
Fugowanie fugą epoksydową format płytek standard	m²	Fugowanie ścian i podłóg fugą epoksydową płytka mały format	m²	inna
Fugowanie fugą epoksydową format płytek standard	m²	Fugowanie ścian i podłóg płytka format standard - fuga cementowa	m²	inna
Fugowanie fugą epoksydową format płytek standard	m²	Fugowanie ścian i podłóg płytka format standard	m²	inna
Fugowanie fugą epoksydową format płytek standard	m²	Fugowanie ścian i podłóg płytka format standard	szt	inna
Fugowanie fugą epoksydową format płytek standard	m²	fugowanie ścian i podłóg fuga epoksydowa	m2	ta-sama
Fugowanie fugą epoksydową format płytek standard	m²	Fugowanie ścian i podłóg fuga cementowa płytka mały format	m²	inna
Fugowanie ścian i podłóg fuga cementowa płytka mały format	m²	Fugowanie ścian i podłóg fugą epoksydową płytka mały format	m²	inna
Fugowanie ścian i podłóg fuga cementowa płytka mały format	m²	Fugowanie ścian i podłóg płytka format standard - fuga cementowa	m²	inna
Fugowanie ścian i podłóg fuga cementowa płytka mały format	m²	Fugowanie ścian i podłóg płytka format standard	m²	inna
Fugowanie ścian i podłóg fuga cementowa płytka mały format	m²	Fugowanie ścian i podłóg płytka format standard	szt	inna
Fugowanie ścian i podłóg fuga cementowa płytka mały format	m²	fugowanie ścian i podłóg fuga epoksydowa	m2	inna
Fugowanie ścian i podłóg fuga cementowa płytka mały format	m²	fugowanie ścian i podłóg - fuga ceramiczna	m2	inna
Fugowanie ścian i podłóg fuga cementowa płytka mały format	m²	fugowanie ścian i podłóg	m2	inna
Fugowanie ścian i podłóg fugą epoksydową płytka mały format	m²	Fugowanie ścian i podłóg fuga cementowa płytka mały format	m²	inna
Fugowanie ścian i podłóg fugą epoksydową płytka mały format	m²	fugowanie ścian i podłóg fuga epoksydowa	m2	inna
Fugowanie ścian i podłóg fugą epoksydową płytka mały format	m²	Fugowanie ścian i podłóg płytka format standard - fuga cementowa	m²	inna
Fugowanie ścian i podłóg fugą epoksydową płytka mały format	m²	Fugowanie ścian i podłóg płytka format standard	m²	inna
Fugowanie ścian i podłóg fugą epoksydową płytka mały format	m²	Fugowanie ścian i podłóg płytka format standard	szt	inna
Fugowanie ścian i podłóg fugą epoksydową płytka mały format	m²	fugowanie ścian i podłóg - fuga ceramiczna	m2	inna
Fugowanie ścian i podłóg fugą epoksydową płytka mały format	m²	fugowanie ścian i podłóg	m2	inna
Fugowanie ścian i podłóg płytka format standard	m²	Fugowanie ścian i podłóg płytka format standard	szt	ta-sama
Fugowanie ścian i podłóg płytka format standard	m²	Fugowanie ścian i podłóg płytka format standard - fuga cementowa	m²	ta-sama
Fugowanie ścian i podłóg płytka format standard	m²	Fugowanie ścian i podłóg fuga cementowa płytka mały format	m²	inna
Fugowanie ścian i podłóg płytka format standard	m²	Fugowanie ścian i podłóg fugą epoksydową płytka mały format	m²	inna
Fugowanie ścian i podłóg płytka format standard	m²	fugowanie ścian i podłóg	m2	ta-sama
Fugowanie ścian i podłóg płytka format standard	m²	fugowanie ścian i podłóg fuga epoksydowa	m2	inna
Fugowanie ścian i podłóg płytka format standard	m²	fugowanie ścian i podłóg - fuga ceramiczna	m2	ta-sama
Fugowanie ścian i podłóg płytka format standard	m²	układania gresu na podłodze format standard	m2	inna
Klejenie płyt GK	m²	Klejenie plyty weglowej	m²	inna
Licowanie ścian płytami GK + wklejanie taśm i przygotowanie pod malowanie/tapetę	m²	licowanie ścian płytkami gk + wklejanie taśm i przygotwanie pod malowanie/tapete+ malowanie	m2	ta-sama
Malowanie sufitów i ścian bez glazury + gładź na suficie	m²	Malowanie sufitów i ścian bez glazury bez gładzi - farba ceramiczna	m²	inna
Malowanie sufitów i ścian bez glazury + gładź na suficie	m²	Układanie glazury na glify i małe ściany	mb	inna
Montaż akcesoriów łazienkowych	szt	montaz akcesorii- haczyki	szt	ta-sama
Montaż akcesoriów łazienkowych	szt	montaz akcesorii - haczyki	szt	ta-sama
Montaż baterii do umywalki	szt	montaż umywalki z syfonem i bateria ?	kpl	inna
Montaż baterii do umywalki	szt	Montaż baterii umywalkowej podtynkowej	szt	inna
Montaż baterii do umywalki	szt	bialy montaz baterii podtynkowej do umywalki	kpl	inna
Montaż baterii do umywalki	szt	bialy montaz baterii podtynkowej do umywalki	klp	inna
Montaż baterii do umywalki	szt	Montaż umywalki	szt	inna
Montaż baterii do umywalki	szt	montaż baterii	szt	inna
Montaż baterii do umywalki	szt	demontaż baterii	kpl	inna
Montaż baterii do umywalki	szt	Montaż baterii zlewozmywakowej	szt	inna
Montaż baterii prysznicowej/wannowej podtynkowej razem z podłączeniem zasilania wody	szt	Montaż baterii umywalkowej podtynkowej razem z podlaczeniem zasilania wody	szt	inna
Montaż baterii prysznicowej/wannowej podtynkowej razem z podłączeniem zasilania wody	szt	Montaż baterii prysznicowej/wannowej podtynkowej	szt	ta-sama
Montaż baterii prysznicowej/wannowej podtynkowej razem z podłączeniem zasilania wody	szt	montaż baterii prysznicowo/wannowej natynkowej pralnia	kpl	inna
Montaż baterii prysznicowej/wannowej podtynkowej razem z podłączeniem zasilania wody	szt	Montaż baterii prysznicowo-wannowej natynkowej	szt	inna
Montaż baterii prysznicowej/wannowej podtynkowej razem z podłączeniem zasilania wody	szt	bialy montaz baterii podtynkowej do wanny/prysznica razem z sluchawka i deszczownica	kpl	inna
Montaż baterii prysznicowej/wannowej podtynkowej razem z podłączeniem zasilania wody	szt	Biały montaż baterii podtynkowej do wanny/prysznica razem ze słuchawką i deszczownicą	kpl	inna
Montaż baterii prysznicowej/wannowej podtynkowej razem z podłączeniem zasilania wody	szt	bialy montaz baterii podtynkowej do wanny/prysznica razem z sluchawka i deszczawnica	klp	inna
Montaż baterii prysznicowej/wannowej podtynkowej razem z podłączeniem zasilania wody	szt	bialy montaz baterii podtynkowej do wanny/prysznica razem z sluchawka i deszczawnica pralnia	kpl	inna
Montaż baterii prysznicowo-wannowej natynkowej	szt	montaż baterii prysznicowo/wannowej natynkowej pralnia	kpl	ta-sama
Montaż baterii prysznicowo-wannowej natynkowej	szt	Montaż baterii prysznicowej/wannowej podtynkowej	szt	inna
Montaż baterii prysznicowo-wannowej natynkowej	szt	Montaż baterii na wannowej podtynkowej	kpl	inna
Montaż baterii prysznicowo-wannowej natynkowej	szt	Montaż baterii umywalkowej podtynkowej	szt	inna
Montaż baterii prysznicowo-wannowej natynkowej	szt	Montaż baterii prysznicowej/wannowej podtynkowej razem z podlaczeniem zasilania wody	szt	inna
Montaż baterii prysznicowo-wannowej natynkowej	szt	Montaż kabiny prysznicowej uzywanej	kpl	inna
Montaż baterii prysznicowo-wannowej natynkowej	szt	montaż baterii	szt	inna
Montaż baterii umywalkowej podtynkowej razem z podłączeniem zasilania wody	szt	Montaż baterii prysznicowej/wannowej podtynkowej razem z podlaczeniem zasilania wody	szt	inna
Montaż baterii umywalkowej podtynkowej razem z podłączeniem zasilania wody	szt	Montaż baterii umywalkowej podtynkowej	szt	ta-sama
Montaż baterii umywalkowej podtynkowej razem z podłączeniem zasilania wody	szt	Montaż baterii na wannowej podtynkowej	kpl	inna
Montaż baterii umywalkowej podtynkowej razem z podłączeniem zasilania wody	szt	bialy montaz baterii podtynkowej do umywalki	kpl	inna
Montaż baterii umywalkowej podtynkowej razem z podłączeniem zasilania wody	szt	bialy montaz baterii podtynkowej do umywalki	klp	inna
Montaż baterii umywalkowej podtynkowej razem z podłączeniem zasilania wody	szt	montaż baterii prysznicowo/wannowej natynkowej pralnia	kpl	inna
Montaż baterii umywalkowej podtynkowej razem z podłączeniem zasilania wody	szt	bialy montaz baterii podtynkowej do wanny/prysznica razem z sluchawka i deszczownica	kpl	inna
Montaż baterii umywalkowej podtynkowej razem z podłączeniem zasilania wody	szt	Biały montaż baterii podtynkowej do wanny/prysznica razem ze słuchawką i deszczownicą	kpl	inna
Montaż baterii wannowej wolnostojącej	szt	Montaż wanny wolnostojącej z syfonem	kpl	inna
Montaż baterii wannowej wolnostojącej	szt	Montaż baterii na wannowej podtynkowej	kpl	inna
Montaż baterii wannowej wolnostojącej	szt	Montaż baterii prysznicowo-wannowej natynkowej	szt	inna
Montaż baterii wannowej wolnostojącej	szt	montaz wanny wolnostojacej / dolegajacej do sciany	kpl	inna
Montaż baterii wannowej wolnostojącej	szt	Montaż baterii zlewozmywakowej	szt	inna
Montaż baterii wannowej wolnostojącej	szt	montaż baterii prysznicowo/wannowej natynkowej pralnia	kpl	inna
Montaż baterii wannowej wolnostojącej	szt	Montaż baterii prysznicowej/wannowej podtynkowej	szt	inna
Montaż baterii wannowej wolnostojącej	szt	montaż baterii	szt	inna
Montaż bidetu podtynkowego	szt	montaż syfonu podtynkowego	kpl	inna
Montaż bidetu podtynkowego	szt	Biały montaż baterii podtynkowej bidetka	kpl	inna
Montaż bidetu podtynkowego	szt	Montaz modula podtynkowego do toalety	kpl	inna
Montaż bidetu podtynkowego	szt	montaz puszek podtynkowych	szt	inna
Montaż bidetu podtynkowego	szt	Biały montaż baterii podtynkowych	kpl	inna
Montaż bidetu podtynkowego	szt	demontaz sufitu kasetowego	m2	inna
Montaż bidetu podtynkowego	szt	Montaż baterii umywalkowej podtynkowej	szt	inna
Montaż bidetu podtynkowego	szt	Montaż baterii na wannowej podtynkowej	kpl	inna
Montaż brodzika z kabiną prysznicową	kpl	Montaż  kabiną prysznicową	kpl	ta-sama
Montaż brodzika z kabiną prysznicową	kpl	Montaż kabiny prysznicowej	kpl	ta-sama
Montaż brodzika z kabiną prysznicową	kpl	demontaz kabiny prysznicowej z brodzikiem ( z zachowaniem)	kpl	inna
Montaż brodzika z kabiną prysznicową	kpl	Montaż kabiny prysznicowej uzywanej	kpl	ta-sama
Montaż brodzika z kabiną prysznicową	kpl	wymiana sylikonu kabina prysznicowa	kpl	inna
Montaż brodzika z kabiną prysznicową	kpl	Montaz drzwi prysznicowych	kpl	inna
Montaż deski wc elektrycznej	szt	Montaż WC z podwieszanego / elektrycznego	szt	inna
Montaż deski wc elektrycznej	szt	Montaż grzejnika elektrycznego	szt	inna
Montaż deski wc elektrycznej	szt	Montaż deski elewacyjnej ze stelażem	m²	inna
Montaż geberitu	szt	montaz szafki nad geberitem	szt	inna
Montaż geberitu	szt	montaz szafek nad geberitem	szt	inna
Montaż geberitu	szt	montaż baterii	szt	inna
Montaż geberitu	szt	demontaż baterii	kpl	inna
Montaż geberitu	szt	Montaż TV	kpl	inna
Montaż geberitu	szt	złożenie i Montaż szafki nad geberitem	szt	inna
Montaż geberitu	szt	Montaż profili i płyt GK w zabudowie geberitu	kpl	inna
Montaż gniazdek i włączników standard	szt	Montaż gniazdek i włączników	szt	ta-sama
Montaż gniazdek i włączników standard	szt	Montaż gniazdek i wyłączników	szt	ta-sama
Montaż gniazdek i włączników standard	szt	Montaż gniazda TV i internet	szt	inna
Montaż grzejnika elektrycznego	szt	Demontaż grzejników	szt	inna
Montaż grzejnika elektrycznego	szt	Demontaż grzejników trudne	szt	inna
Montaż grzejnika elektrycznego	szt	Montaż grzejnika z zaworami	szt	inna
Montaż grzejnika elektrycznego	szt	ponowny montaz grzejnika	szt	inna
Montaż grzejnika elektrycznego	szt	Montaż WC z podwieszanego / elektrycznego	szt	inna
Montaż grzejnika elektrycznego	szt	montaz grzalki do grzejnika	szt	inna
Montaż grzejnika elektrycznego	szt	Montaż grzejników ponowny	szt	inna
Montaż grzejnika elektrycznego	szt	Montaż grzejników po malowaniu	szt	inna
Montaż grzejnika z zaworami	szt	Montaż grzejników dekoracyjnych z zaworami	szt	inna
Montaż grzejnika z zaworami	szt	Demontaż grzejników	szt	inna
Montaż grzejnika z zaworami	szt	montaz grzalki do grzejnika	szt	inna
Montaż grzejnika z zaworami	szt	ponowny montaz grzejnika	szt	inna
Montaż grzejnika z zaworami	szt	Montaż grzejnika elektrycznego	szt	inna
Montaż grzejnika z zaworami	szt	Montaż zaworów	szt	inna
Montaż grzejnika z zaworami	szt	Montaż grzejników ponowny	szt	inna
Montaż grzejnika z zaworami	szt	Montaż grzejników po malowaniu	szt	inna
Montaż i podłączenie listw led + taśm	mb	Montaż i podłączenie taśm LED	mb	inna
Montaż i podłączenie listw led + taśm	mb	montaż listew led + taśm ledowych	mb	ta-sama
Montaż i podłączenie listw led + taśm	mb	Montaż listew LED + taśm LED	kpl	ta-sama
Montaż i podłączenie listw led + taśm	mb	Montaż i podłączenie okapu	szt	inna
Montaż i podłączenie listw led + taśm	mb	Montaż taśm LED	mb	inna
Montaż i podłączenie listw led + taśm	mb	Montaż i podłączenie transformatora	mb	inna
Montaż i podłączenie listw led + taśm	mb	Demontaż listew przypodłogowych + czyszczenie	mb	inna
Montaż i podłączenie listw led + taśm	mb	Lutowanie taśm LED i podłączenie do transformatora	pkt	inna
Montaż i podłączenie transformatora	mb	Lutowanie taśm LED i podłączenie do transformatora	pkt	inna
Montaż i podłączenie transformatora	mb	Montaż transformatorów	szt	ta-sama
Montaż i podłączenie transformatora	mb	Montaż i podłączenie okapu	szt	inna
Montaż i podłączenie transformatora	mb	Montaż i podłączenie taśm LED	mb	inna
Montaż i podłączenie transformatora	mb	Montaż i podłączenie listw led + taśm	mb	inna
Montaż i podłączenie transformatora	mb	Montaż okapu i podłączenie do wentylacji	kpl	inna
Montaż kratki wentylacyjnej	kpl	montaz wentylatora	szt	inna
Montaż kratki wentylacyjnej	kpl	Montaż i demontaż kratek wentylacyjnych	szt	ta-sama
Montaż kratki wentylacyjnej	kpl	montaz kratki plastikowej	szt	ta-sama
Montaż kratki wentylacyjnej	kpl	Montaż maty kompensacyjnej	m²	inna
Montaż kratki wentylacyjnej	kpl	Montaż okapu i podłączenie do wentylacji	kpl	inna
Montaż lamp	szt	Demontaz lamp	szt	inna
Montaż lamp	szt	Montaż LED	mb	inna
Montaż lamp	szt	Montaż TV	kpl	inna
Montaż lamp	szt	Montaż lustra	szt	inna
Montaż lamp	szt	montaz listwy	mb	inna
Montaż lamp	szt	Montaż taśm LED	mb	inna
Montaż lamp	szt	Montaż zlewu	szt	inna
Montaż lamp	szt	montaż luksferów	kpl	inna
Montaż lustra	szt	Montaż lustra z LED	szt	inna
Montaż lustra	szt	Montaż LED	mb	inna
Montaż lustra	szt	Montaż lustra z podświetleniem	szt	inna
Montaż lustra	szt	montaz listwy	mb	inna
Montaż lustra	szt	Montaż lamp	szt	inna
Montaż lustra	szt	Montaż TV	kpl	inna
Montaż lustra	szt	montaż luksferów	kpl	inna
Montaż lustra	szt	Montaż lustra - zwykłe wiszące	kpl	ta-sama
Montaż lustra z LED	szt	Montaż lustra	szt	inna
Montaż lustra z LED	szt	Montaż lustra z podświetleniem	szt	ta-sama
Montaż lustra z LED	szt	Montaż LED	mb	inna
Montaż lustra z LED	szt	Montaż lustra - zwykłe wiszące	kpl	inna
Montaż lustra z LED	szt	Montaż taśm LED	mb	inna
Montaż lustra z LED	szt	Montaż zlewu	szt	inna
Montaż lustra z LED	szt	montaż profili ledowych	mb	inna
Montaż lustra z LED	szt	montaż listew led + taśm ledowych	mb	inna
Montaż odpływu liniowego z wypoziomowaniem spadku - koperta	kpl	Montaż odpływu liniowego z wypoziomowaniem spadku	kpl	inna
Montaż odpływu liniowego z wypoziomowaniem spadku - koperta	kpl	Montaż odpływu liniowego z wypoziomowaniem spadku - odpływ jednospadkowy	kpl	inna
Montaż odpływu liniowego z wypoziomowaniem spadku - koperta	kpl	montaz kratki sciekowej wraz z wypoziomowaniem (KOPERTA)	kpl	ta-sama
Montaż odpływu liniowego z wypoziomowaniem spadku - odpływ jednospadkowy	kpl	Montaż odpływu liniowego z wypoziomowaniem spadku	kpl	ta-sama
Montaż ościeżnicy z drzwiami i klamkami	szt	demontaz drzwi z oscieznicami	szt	inna
Montaż ościeżnicy z drzwiami i klamkami	szt	Montaż drzwi, ościeżnic stałych, klamek, zamków	szt	inna
Montaż ościeżnicy z drzwiami i klamkami	szt	Montaż drzwi, ościeżnic regulowanych, klamek, zamków	szt	ta-sama
Montaż profili i płyt GK w zabudowie geberitu	kpl	zabudowa pionów z gk i płyty	szt	inna
Montaż profili i płyt GK w zabudowie geberitu	kpl	Montaż geberitu	szt	inna
Montaż rewizji z glazury	kpl	montaż rewizji na liczniki z glzury	kpl	ta-sama
Montaż rewizji z glazury	kpl	montaż rewizji na liczniki	kpl	inna
Montaż rewizji z glazury	kpl	montaż rewizji na liczniki z gk 30/30	kpl	inna
Montaż syfonów	szt	Montaż syfonów	kpl	ta-sama
Montaż syfonów	szt	Montaż syfonu	szt	ta-sama
Montaż syfonów	szt	montaż syfonu podtynkowego	kpl	inna
Montaż syfonów	szt	montaż domofonu	szt	inna
Montaż syfonów	szt	Montaż TV	kpl	inna
Montaż szyby stałej do odpływu liniowego	kpl	Montaż odpływu liniowego z wypoziomowaniem spadku	kpl	inna
Montaż umywalki nablatowej lub na szafke	szt	Montaż umywalki wiszącej	szt	inna
Montaż umywalki nablatowej lub na szafke	szt	Złożenie i montaż szafki podumywalkowej	szt	inna
Montaż umywalki nablatowej lub na szafke	szt	Montaż umywalki	szt	inna
Montaż umywalki wiszącej	szt	Montaż umywalki	szt	inna
Montaż umywalki wiszącej	szt	Montaż baterii do umywalki	szt	inna
Montaż umywalki wiszącej	szt	Montaż umywalki nablatowej lub na szafke	szt	inna
Montaż umywalki wiszącej	szt	Złożenie i montaż szafki podumywalkowej	szt	inna
Montaż umywalki wiszącej	szt	montaż umywalki z syfonem i bateria ?	kpl	inna
Montaż umywalki wiszącej	szt	Montaż baterii umywalkowej podtynkowej	szt	inna
Montaż umywalki wiszącej	szt	montaz przedscianki za umywalka z wzmocnieniem	kpl	inna
Montaż umywalki wiszącej	szt	Montaż lustra - zwykłe wiszące	kpl	inna
Montaż wanny wolnostojącej z syfonem	kpl	montaz wanny wolnostojacej / dolegajacej do sciany	kpl	ta-sama
Montaż wanny z zabudową z bloczków i rewizją oraz LED	kpl	Montaż wanny z zabudową z bloczków i rewizją	kpl	inna
Montaż WC podwieszanego	szt	Montaż WC z podwieszanego / elektrycznego	szt	ta-sama
Montaż WC podwieszanego	szt	Montaż wieszaków?	kpl	inna
Montaż WC podwieszanego	szt	demontaż sufitów podwieszanych	m2	inna
Montaż WC podwieszanego	szt	Montaż TV	kpl	inna
Montaż zaworów czerpalnych do umywalek i zlewów	szt	Montaż zaworów umywalka x2, pralka	szt	ta-sama
Montaż zaworów czerpalnych do umywalek i zlewów	szt	Montaż zaworów	szt	ta-sama
Montaż zaworów czerpalnych do umywalek i zlewów	szt	Montaż umywalki	szt	inna
Podłączenie pralki	szt	Podłączenie suszarki	szt	inna
Podłączenie pralki	szt	Podłączenie zmywarki	szt	inna
Podłączenie pralki	szt	Podłączenie piekarnika	szt	inna
Podłączenie pralki	szt	Podłączenie indukcji	szt	inna
Podłączenie pralki	szt	Montaż i podłączenie okapu	szt	inna
Podłączenie suszarki	szt	Podłączenie zmywarki	szt	inna
Podłączenie suszarki	szt	Podłączenie pralki	szt	inna
Podłączenie suszarki	szt	Podłączenie piekarnika	szt	inna
Podłączenie suszarki	szt	Podłączenie indukcji	szt	inna
Przyklejenie maty kompensacyjnej pod płytki wielkoformatowe	m²	przyklejenie maty kompensacijnej	m2	ta-sama
Silikonowanie	mb	sylikonowanie progow	mb	ta-sama
Silikonowanie	mb	Silikonowanie parapetu	mb	inna
Silikonowanie	mb	sylikonowanie na progach	mb	ta-sama
Silikonowanie	mb	sylikonowane progow	mb	ta-sama
Silikonowanie	mb	silikon w salonie	mb	ta-sama
Sufit podwieszany z LED wg. projektu	kpl	sufit podwieszany z led	kpl	ta-sama
Sufit podwieszany z LED wg. projektu	kpl	sufit podwieszany z led	m2	ta-sama
Sufit podwieszany z LED wg. projektu	kpl	sufit podwieszany + led	kpl	ta-sama
Sufit podwieszany z LED wg. projektu	kpl	Sufit podwieszany + LED prosty	kpl	ta-sama
Sufit podwieszany z LED wg. projektu	kpl	Sufit podwieszany - z wneka na led	m2	ta-sama
Sufit podwieszany z LED wg. projektu	kpl	sufit podwieszany	m2	inna
Sufit podwieszany z LED wg. projektu	kpl	Sufit podwieszany	kpl	inna
Sufit podwieszany z LED wg. projektu	kpl	Sufit podwieszany pod prysznicem	kpl	inna
Szlifowanie krawędzi płytek na 45 stopni	mb	Szlifowanie krawędzi płytek czyste cięcie	mb	inna
Szlifowanie krawędzi płytek na 45 stopni	mb	Szlifowanie krawendzi plytek(czyste ciecje)	mb	inna
Szlifowanie krawędzi płytek na 45 stopni	mb	ciecie plytek 45 stopni	mb	ta-sama
Szlifowanie krawędzi płytek czyste cięcie	mb	Szlifowanie krawendzi plytek(czyste ciecje)	mb	ta-sama
Szlifowanie krawędzi płytek czyste cięcie	mb	Szlifowanie krawędzi płytek na 45 stopni	mb	inna
Szlifowanie krawędzi płytek czyste cięcie	mb	Czyste cięcie płytki	mb	ta-sama
Tynkowanie/wyrównanie ścian pod układanie glazury	m²	Tynkowanie/wyrównanie ścian pod układanie glazury - wklejanie GK	m²	ta-sama
Tynkowanie/wyrównanie ścian pod układanie glazury	m²	Tynkowanie/wyrównanie ścian pod układanie glazury - gk przykręcane lub na stelażu	m²	ta-sama
Tynkowanie/wyrównanie ścian pod układanie glazury	m²	tynkowanie/wyrównanie ścian z gk na klej	m2	ta-sama
Tynkowanie/wyrównanie ścian pod układanie glazury	m²	Układanie glazury na ścianie malu format	mb	inna
Tynkowanie/wyrównanie ścian pod układanie glazury	m²	Układanie glazury na ścianie format standard	m²	inna
Tynkowanie/wyrównanie ścian pod układanie glazury	m²	układanie glazury na ścianie format standard od 10x15	m2	inna
Tynkowanie/wyrównanie ścian pod układanie glazury	m²	układanie glazury	m2	inna
Układanie glazury mały format 6,5 x 20	m²	układanie glazury mały format 7,5 x 30	m2	inna
Układanie glazury mały format 6,5 x 20	m²	układanie glazury mały format 20 x 20	m2	inna
Układanie glazury mały format 6,5 x 20	m²	układanie glazury mały format 6,5 x 20 z fugowaniem	m2	ta-sama
Układanie glazury mały format 6,5 x 20	m²	Układanie glazury na ścianie mały format np. 6,5 x 15	m²	inna
Układanie glazury mały format 6,5 x 20	m²	układanie glazury mały format  z fugowaniem	m2	inna
Układanie glazury mały format 6,5 x 20	m²	układanie glazury mały format 7,4 x 30 - jodełka	m2	inna
Układanie glazury mały format 6,5 x 20	m²	Układanie glazury mały format 12,5x12,5 z fugowaniem	m²	inna
Układanie glazury mały format 6,5 x 20	m²	Układanie glazury na ścianie malu format	mb	inna
Układanie glazury na glify i małe ściany - mały format	mb	Układanie glazury na glify i małe ściany	mb	ta-sama
Układanie glazury na glify i małe ściany - mały format	mb	Układanie glazury na ścianie malu format	mb	ta-sama
Układanie glazury na glify i małe ściany - mały format	mb	Układanie glazury na ścianie mały format np. 6,5 x 15	m²	inna
Układanie glazury na glify i małe ściany - mały format	mb	Układanie glazury na ścianie format standard	m²	inna
Układanie glazury na glify i małe ściany - mały format	mb	Układanie glazury na ścianie format duży 120x120	m²	inna
Układanie glazury na glify i małe ściany - mały format	mb	Układanie glazury na ścianie wielki format 120x270	m²	inna
Układanie glazury na glify i małe ściany - mały format	mb	Układanie glazury na ścianie i podłodze format duży 120x120	m²	inna
Układanie glazury na glify i małe ściany - mały format	mb	układanie glazury mały format 20 x 20	m2	inna
Układanie glazury na podłodze duży format 120x120	m²	Układanie glazury na ścianie i podłodze format duży 120x120	m²	ta-sama
Układanie glazury na podłodze duży format 120x120	m²	układanie glazury na podłodze format 20x20	m2	inna
Układanie glazury na podłodze duży format 120x120	m²	Układanie glazury na ścianie format duży 120x120	m²	inna
Układanie glazury na podłodze duży format 120x120	m²	układanie glazury na podłodze format  mozaika	m2	inna
Układanie glazury na podłodze duży format 120x120	m²	układanie glazury na podłodze format standard od 30x30 do 120x60	m2	inna
Układanie glazury na podłodze duży format 120x120	m²	Układanie glazury na podłodze format standard od 30x30 do 120x60 (karo)	m²	inna
Układanie glazury na podłodze duży format 120x120	m²	Układanie glazury na ścianie wielki format 120x270	m²	inna
Układanie glazury na podłodze duży format 120x120	m²	układania gresu na podłodze format standard	m2	inna
Układanie glazury na podłodze format 20x20	m²	Układanie glazury na podłodze duży format 120x120	m²	inna
Układanie glazury na podłodze format 20x20	m²	układanie glazury na podłodze format  mozaika	m2	inna
Układanie glazury na podłodze format 20x20	m²	Układanie glazury na ścianie i podłodze format duży 120x120	m²	inna
Układanie glazury na podłodze format 20x20	m²	układanie glazury na podłodze format standard od 30x30 do 120x60	m2	inna
Układanie glazury na podłodze format 20x20	m²	Układanie glazury na ścianie format duży 120x120	m²	inna
Układanie glazury na podłodze format 20x20	m²	układanie glazury mały format 20 x 20	m2	inna
Układanie glazury na podłodze format 20x20	m²	układania gresu na podłodze format standard	m2	inna
Układanie glazury na podłodze format 20x20	m²	Układanie glazury na ścianie wielki format 120x270	m²	inna
Układanie glazury na podłodze format standard od 30x30 do 120x60	m²	Układanie glazury na podłodze format standard od 30x30 do 120x60 (karo)	m²	inna
Układanie glazury na podłodze format standard od 30x30 do 120x60	m²	Układanie glazury na ścianie format standard od 30x30 do 120x60	m²	inna
Układanie glazury na podłodze format standard od 30x30 do 120x60	m²	układanie glazury na ścianie format standard od 30x30 do 120x60 pralnia piwnica	m2	inna
Układanie glazury na podłodze format standard od 30x30 do 120x60	m²	Położenie gresu na podłodze format standard od 30x30 do 60x120	m²	inna
Układanie glazury na podłodze format standard od 30x30 do 120x60	m²	Układanie glazury na podłodze duży format 120x120	m²	inna
Układanie glazury na podłodze format standard od 30x30 do 120x60	m²	układanie glazury na podłodze format 20x20	m2	inna
Układanie glazury na podłodze format standard od 30x30 do 120x60	m²	układanie glazury na ścianie format standard od 10x15	m2	inna
Układanie glazury na podłodze format standard od 30x30 do 120x60	m²	Układanie glazury na ścianie i podłodze format duży 120x120	m²	inna
Układanie glazury na podłodze format standard od 30x30 do 120x60 (karo)	m²	układanie glazury na podłodze format standard od 30x30 do 120x60	m2	inna
Układanie glazury na podłodze format standard od 30x30 do 120x60 (karo)	m²	Układanie glazury na ścianie format standard od 30x30 do 120x60	m²	inna
Układanie glazury na podłodze format standard od 30x30 do 120x60 (karo)	m²	układanie glazury na ścianie format standard od 30x30 do 120x60 pralnia piwnica	m2	inna
Układanie glazury na podłodze format standard od 30x30 do 120x60 (karo)	m²	Położenie gresu na podłodze format standard od 30x30 do 60x120	m²	inna
Układanie glazury na podłodze format standard od 30x30 do 120x60 (karo)	m²	Układanie glazury na podłodze duży format 120x120	m²	inna
Układanie glazury na podłodze format standard od 30x30 do 120x60 (karo)	m²	układanie glazury na ścianie format standard od 10x15	m2	inna
Układanie glazury na podłodze format standard od 30x30 do 120x60 (karo)	m²	układanie glazury na podłodze format 20x20	m2	inna
Układanie glazury na podłodze format standard od 30x30 do 120x60 (karo)	m²	układanie glazury na ścianie format standard od 30x30 do 120x60 - dopasowanie się do obcnych płytek	m2	inna
Układanie glazury na podłodze lub ścianie mozaika	m²	układanie glazury na podłodze format  mozaika	m2	ta-sama
Układanie glazury na podłodze lub ścianie mozaika	m²	Układanie glazury na ścianie i podłodze format duży 120x120	m²	inna
Układanie glazury na podłodze lub ścianie mozaika	m²	Układanie glazury na ścianie malu format	mb	inna
Układanie glazury na podłodze lub ścianie mozaika	m²	układanie glazury na podłodze format 20x20	m2	inna
Układanie glazury na podłodze lub ścianie mozaika	m²	Układanie glazury na glify i małe ściany	mb	inna
Układanie glazury na podłodze lub ścianie mozaika	m²	Układanie glazury na ścianie format standard	m²	inna
Układanie glazury na podłodze lub ścianie mozaika	m²	Układanie glazury na podłodze duży format 120x120	m²	inna
Układanie glazury na podłodze lub ścianie mozaika	m²	Układanie glazury na ścianie format duży 120x120	m²	inna
Układanie glazury na podłodze wielki format np. 120x270	m²	układanie glazury na podłodze format 20x20	m2	inna
Układanie glazury na podłodze wielki format np. 120x270	m²	Układanie glazury na ścianie wielki format 120x270	m²	inna
Układanie glazury na podłodze wielki format np. 120x270	m²	Układanie glazury na podłodze duży format 120x120	m²	inna
Układanie glazury na podłodze wielki format np. 120x270	m²	Układanie glazury na ścianie i podłodze format duży 120x120	m²	inna
Układanie glazury na podłodze wielki format np. 120x270	m²	układanie glazury na podłodze format  mozaika	m2	inna
Układanie glazury na podłodze wielki format np. 120x270	m²	układanie glazury na podłodze format standard od 30x30 do 120x60	m2	inna
Układanie glazury na podłodze wielki format np. 120x270	m²	Układanie glazury na ścianie format duży 120x120	m²	inna
Układanie glazury na podłodze wielki format np. 120x270	m²	Układanie glazury na podłodze format standard od 30x30 do 120x60 (karo)	m²	inna
Układanie glazury na ścianie mały format np. 6,5 x 15	m²	Układanie glazury na ścianie malu format	mb	inna
Układanie glazury na ścianie mały format np. 6,5 x 15	m²	Układanie glazury mały format 6,5 x 20	m²	inna
Układanie glazury na ścianie mały format np. 6,5 x 15	m²	układanie glazury mały format 7,5 x 30	m2	ta-sama
Układanie glazury na ścianie mały format np. 6,5 x 15	m²	układanie glazury mały format 20 x 20	m2	ta-sama
Układanie glazury na ścianie mały format np. 6,5 x 15	m²	Układanie glazury na ścianie format duży 120x120	m²	inna
Układanie glazury na ścianie mały format np. 6,5 x 15	m²	układanie glazury mały format 6,5 x 20 z fugowaniem	m2	inna
Układanie glazury na ścianie mały format np. 6,5 x 15	m²	Układanie glazury na ścianie format standard	m²	inna
Układanie glazury na ścianie mały format np. 6,5 x 15	m²	Układanie glazury na ścianie wielki format 120x270	m²	inna
Układanie glazury na ścianie format duży 120x120	m²	Układanie glazury na ścianie i podłodze format duży 120x120	m²	ta-sama
Układanie glazury na ścianie format duży 120x120	m²	Układanie glazury na podłodze duży format 120x120	m²	inna
Układanie glazury na ścianie format duży 120x120	m²	Układanie glazury na ścianie wielki format 120x270	m²	inna
Układanie glazury na ścianie format duży 120x120	m²	Układanie glazury na ścianie malu format	mb	inna
Układanie glazury na ścianie format duży 120x120	m²	Układanie glazury na ścianie format standard	m²	inna
Układanie glazury na ścianie format duży 120x120	m²	układanie glazury na ścianie format standard od 10x15	m2	inna
Układanie glazury na ścianie format duży 120x120	m²	Układanie glazury na ścianie mały format np. 6,5 x 15	m²	inna
Układanie glazury na ścianie format duży 120x120	m²	Układanie glazury na ścianie format standard od 30x30 do 120x60	m²	inna
Układanie glazury na ścianie format standard od 30x30 do 120x60	m²	układanie glazury na ścianie format standard od 30x30 do 120x60 pralnia piwnica	m2	ta-sama
Układanie glazury na ścianie format standard od 30x30 do 120x60	m²	układanie glazury na podłodze format standard od 30x30 do 120x60	m2	inna
Układanie glazury na ścianie format standard od 30x30 do 120x60	m²	układanie glazury na ścianie format standard od 10x15	m2	ta-sama
Układanie glazury na ścianie format standard od 30x30 do 120x60	m²	Układanie glazury na podłodze format standard od 30x30 do 120x60 (karo)	m²	inna
Układanie glazury na ścianie format standard od 30x30 do 120x60	m²	Układanie glazury na ścianie format standard	m²	ta-sama
Układanie glazury na ścianie format standard od 30x30 do 120x60	m²	układanie glazury na ścianie format standard od 30x30 do 120x60 - dopasowanie się do obcnych płytek	m2	ta-sama
Układanie glazury na ścianie format standard od 30x30 do 120x60	m²	Układanie glazury na ścianie format duży 120x120	m²	inna
Układanie glazury na ścianie format standard od 30x30 do 120x60	m²	Układanie glazury na ścianie wielki format 120x270	m²	inna
Układanie glazury na ścianie wielki format 120x270	m²	Układanie glazury na ścianie format duży 120x120	m²	inna
Układanie glazury na ścianie wielki format 120x270	m²	Układanie glazury na ścianie malu format	mb	inna
Układanie glazury na ścianie wielki format 120x270	m²	Układanie glazury na ścianie format standard	m²	inna
Układanie glazury na ścianie wielki format 120x270	m²	Układanie glazury na ścianie i podłodze format duży 120x120	m²	inna
Układanie glazury na ścianie wielki format 120x270	m²	układanie glazury na ścianie format standard od 10x15	m2	inna
Układanie glazury na ścianie wielki format 120x270	m²	Układanie glazury na ścianie mały format np. 6,5 x 15	m²	inna
Układanie glazury na ścianie wielki format 120x270	m²	Układanie glazury na ścianie format standard od 30x30 do 120x60	m²	inna
Układanie glazury na ścianie wielki format 120x270	m²	układanie glazury na podłodze format 20x20	m2	inna
Układanie płytek w glifach, półeczkach itp. do 20 cm - format standard	mb	Układanie płytek w glifach, półeczkach itp. do 20 cm - format 120x120	mb	inna
Układanie płytek w glifach, półeczkach itp. do 20 cm - format standard	mb	Układanie płytek w glifach, półeczkach itp. do 20 cm wielki format	mb	inna
Układanie płytek w glifach, półeczkach itp. do 20 cm - format standard	mb	układanie płytek w glifach, półeczkach itp. do 20 cm	mb	ta-sama
Układanie płytek w glifach, półeczkach itp. do 20 cm - format standard	mb	układanie płytek w glifach, półeczkach itp.	mb	ta-sama
Układanie płytek w glifach, półeczkach itp. do 20 cm - format standard	mb	Układanie płytek wielki format	m²	inna
Układanie płytek w glifach, półeczkach itp. do 20 cm wielki format	mb	układanie płytek w glifach, półeczkach itp. do 20 cm	mb	inna
Układanie płytek w glifach, półeczkach itp. do 20 cm wielki format	mb	Układanie płytek w glifach, półeczkach itp. do 20 cm - format 120x120	mb	ta-sama
Układanie płytek w glifach, półeczkach itp. do 20 cm wielki format	mb	Układanie płytek w glifach, półeczkach itp. do 20 cm - format standard	mb	inna
Układanie płytek w glifach, półeczkach itp. do 20 cm wielki format	mb	układanie płytek w glifach, półeczkach itp.	mb	inna
Układanie płytek w glifach, półeczkach itp. do 20 cm wielki format	mb	Układanie płytek wielki format	m²	inna
Układanie płytek w glifach, półeczkach itp. do 20 cm wielki format	mb	Układanie plytek wielki format ciana	m²	inna
Wiercenie otworów w płytkach	szt	wywiercenie otworow w osb	szt	inna
Wiercenie otworów w płytkach	szt	wywiercenie otworow w blacie	szt	inna
Wiercenie otworów w płytkach	szt	otwory w plytkach w kotlowni	szt	ta-sama
Wklejanie maty hydroizolacyjnej	m²	wklejanie taśmy hydroizolacyjniej	mb	inna
Wklejanie maty hydroizolacyjnej	m²	wklejenie tasmy hydroizolacyjnej	mb	inna
Wklejanie taśmy hydroizolacyjnej	mb	wklejenie tasmy hydroizolacyjnej	mb	ta-sama
Wklejanie taśmy hydroizolacyjnej	mb	Wklejanie maty hydroizolacyjnej	m²	inna
Wkucie w ścianę działową instalacji wod-kan każdy punkt/zespół punktów. Kompleksowo razem z zaszpachlowaniem	pkt	Wkucie w ścianę instalacji wod-kan każdy punkt/zespół punktów. Kompleksowo razem z zaszpachlowaniem	pkt	ta-sama
Wkucie w ścianę działową instalacji wod-kan każdy punkt/zespół punktów. Kompleksowo razem z zaszpachlowaniem	pkt	Wkucie w ścianę nośną/żelbet instalacji wod-kan każdy punkt/zespół punktów. Kompleksowo razem z zaszpachlowaniem	kpl	inna
Wkucie w ścianę działową instalacji wod-kan każdy punkt/zespół punktów. Kompleksowo razem z zaszpachlowaniem	pkt	Wkucie w ścianę nośną/żelbet instalacji wod-kan każdy punkt/zespół punktów. Kompleksowo razem z zaszpachlowaniem	pkt	inna
Wkucie w ścianę działową instalacji wod-kan każdy punkt/zespół punktów. Kompleksowo razem z zaszpachlowaniem	pkt	Wkucie w ścianę instalacji wod-kan każdy punkt ściana działowa	pkt	ta-sama
Wkucie w ścianę działową instalacji wod-kan każdy punkt/zespół punktów. Kompleksowo razem z zaszpachlowaniem	pkt	Wkucie w ścianę instalacji wod-kan każdy punkt	pkt	ta-sama
Wkucie w ścianę nośną/żelbet instalacji wod-kan każdy punkt/zespół punktów. Kompleksowo razem z zaszpachlowaniem	kpl	Wkucie w ścianę nośną/żelbet instalacji wod-kan każdy punkt/zespół punktów. Kompleksowo razem z zaszpachlowaniem	pkt	ta-sama
Wkucie w ścianę nośną/żelbet instalacji wod-kan każdy punkt/zespół punktów. Kompleksowo razem z zaszpachlowaniem	kpl	Wkucie w ścianę instalacji wod-kan każdy punkt/zespół punktów. Kompleksowo razem z zaszpachlowaniem	pkt	inna
Wkucie w ścianę nośną/żelbet instalacji wod-kan każdy punkt/zespół punktów. Kompleksowo razem z zaszpachlowaniem	kpl	Wkucie w ścianę działową instalacji wod-kan każdy punkt/zespół punktów. Kompleksowo razem z zaszpachlowaniem	pkt	inna
Wkucie w ścianę nośną/żelbet instalacji wod-kan każdy punkt/zespół punktów. Kompleksowo razem z zaszpachlowaniem	kpl	Wkucie w ścianę instalacji wod-kan każdy punkt ściana działowa	pkt	inna
Wkucie w ścianę nośną/żelbet instalacji wod-kan każdy punkt/zespół punktów. Kompleksowo razem z zaszpachlowaniem	kpl	Wkucie w ścianę instalacji wod-kan każdy punkt	pkt	inna
Wykonanie przedścianki pod prysznicem z 1 półką	szt	wykonanie przedścianki pod prysznicem 1 półką	kpl	ta-sama
Wykonanie przedścianki pod prysznicem z 1 półką	szt	Wykonanie przedścianki pod prysznicem z  półką	szt	ta-sama
Wykonanie przedścianki pod prysznicem z 1 półką	szt	Wykonanie przedścianki pod prysznicem z 3 półkami	szt	inna
Wykonanie przedścianki pod prysznicem z 1 półką	szt	Wykonanie przedścianki pod prysznicem z 2 półkami	szt	inna
Wykonanie przedścianki pod prysznicem z 1 półką	szt	Wykonanie przedścianki pod prysznicem 2 półki	szt	inna
Wykonanie przedścianki pod prysznicem z 1 półką	szt	Wykonanie przedścianki pod prysznicem z wneka	szt	inna
Wykonanie przedścianki pod prysznicem z 1 półką	szt	wykonanie przedścianki pod prysznicem + waanna	szt	inna
Wykonanie przedścianki pod prysznicem z 1 półką	szt	wykonanie przedścianki pod prysznicem z 4 półkami (aktualizacja)	szt	inna
Wykonanie przedścianki pod prysznicem z 2 półkami	kpl	Wykonanie przedścianki pod prysznicem z 2 półkami	szt	ta-sama
Wykonanie przedścianki pod prysznicem z 2 półkami	kpl	Wykonanie przedścianki pod prysznicem z 3 półkami	szt	inna
Wykonanie przedścianki pod prysznicem z 2 półkami	kpl	Wykonanie przedścianki pod prysznicem z  półką	szt	inna
Wykonanie przedścianki pod prysznicem z 2 półkami	kpl	wykonanie przedścianki pod prysznicem 1 półką	szt	inna
Wykonanie przedścianki pod prysznicem z 2 półkami	kpl	wykonanie przedścianki pod prysznicem 1 półką	kpl	inna
Wykonanie przedścianki pod prysznicem z 2 półkami	kpl	Wykonanie przedścianki pod prysznicem 2 półki	szt	ta-sama
Wykonanie przedścianki pod prysznicem z 2 półkami	kpl	Wykonanie przedścianki pod prysznicem z wneka	szt	inna
Wykonanie przedścianki pod prysznicem z 2 półkami	kpl	wykonanie przedścianki pod prysznicem z 4 półkami (aktualizacja)	szt	inna
Wykonanie przedścianki pod prysznicem z 3 półkami	szt	Wykonanie przedścianki pod prysznicem z 2 półkami	szt	inna
Wykonanie przedścianki pod prysznicem z 3 półkami	szt	Wykonanie przedścianki pod prysznicem z  półką	szt	inna
Wykonanie przedścianki pod prysznicem z 3 półkami	szt	wykonanie przedścianki pod prysznicem 1 półką	szt	inna
Wykonanie przedścianki pod prysznicem z 3 półkami	szt	wykonanie przedścianki pod prysznicem 1 półką	kpl	inna
Wykonanie przedścianki pod prysznicem z 3 półkami	szt	Wykonanie przedścianki pod prysznicem 2 półki	szt	inna
Wykonanie przedścianki pod prysznicem z 3 półkami	szt	Wykonanie przedścianki pod prysznicem z wneka	szt	inna
Wykonanie przedścianki pod prysznicem z 3 półkami	szt	wykonanie przedścianki pod prysznicem z 4 półkami (aktualizacja)	szt	inna
Wykonanie przedścianki pod prysznicem z 3 półkami	szt	wykonanie przedścianki pod prysznicem z zaokragleniami	szt	inna
Wykonanie przycisku WC z glazury	szt	wykonanie półki z glazury	kpl	inna
Wykonanie przycisku WC z glazury	szt	Wykonanie półki z glazury z led	kpl	inna
Wykonanie punktów oświetleniowych	szt	Wykonanie punktów oświetleniowych/elektrycznych	szt	ta-sama
Wykonanie punktów oświetleniowych	szt	Wykonanie punktów oświetleniowych, czujki, rolety	szt	ta-sama
Wykonanie punktów oświetleniowych	szt	Wykonanie punktów lan	pkt	inna
Wykonanie punktów elektrycznych pod włącznik, gniazdko	szt	Wykonanie punktów oświetleniowych/elektrycznych	szt	inna
Wykonanie punktów elektrycznych pod włącznik, gniazdko	szt	Wykonanie punktu elektrycznego	szt	ta-sama
Wykonanie zabudowy rur z gk	mb	Wykonanie zabudowy rur z gk - cały pion do zabudowy	kpl	ta-sama
Wykonanie zabudowy rur z gk	mb	montaz zabudowy rur	kpl	ta-sama
Wykonanie zabudowy rur z gk	mb	Dmontaz zabudowy z gk	m²	inna
Wykonanie zabudowy rur z gk	mb	zabudowa rur z gk mala	mb	ta-sama
Wykonanie zabudowy rur z gk	mb	zabudowa rur od rekuperacji z gk	m2	ta-sama
Złożenie i montaż szafki nad geberitem	szt	montaz szafki nad geberitem	szt	ta-sama
Złożenie i montaż szafki nad geberitem	szt	montaz szafek nad geberitem	szt	ta-sama
Złożenie i montaż szafki nad geberitem	szt	Złożenie i montaż szafki podumywalkowej	szt	inna
Złożenie i montaż szafki nad geberitem	szt	Montaż geberitu	szt	inna
Złożenie i montaż szafki podumywalkowej	szt	złożenie i Montaż szafki nad geberitem	szt	inna
Złożenie i montaż szafki podumywalkowej	szt	Montaż i powieszenie szafek	szt	inna
Złożenie i montaż szafki podumywalkowej	szt	Montaż umywalki nablatowej lub na szafke	szt	inna
Złożenie i montaż szafki podumywalkowej	szt	Montaż umywalki wiszącej	szt	inna
Zmiana kanalizacji z wanny na odpływ liniowy - skucie posadzki, obniżenie rur w pionie, wykonanie odpowiedniego spadku	kpl	Wyprowadzenie kanalizacji z wanny na prysznic - skucie posadzki, obniżenie rur w pionie, wykonanie odpowiedniego spadku	kpl	ta-sama
Montaż baterii zlewozmywakowej	szt	montaż baterii	szt	inna
Montaż baterii zlewozmywakowej	szt	Montaż baterii umywalkowej podtynkowej	szt	inna
Montaż baterii zlewozmywakowej	szt	Montaż baterii do umywalki	szt	inna
Montaż baterii zlewozmywakowej	szt	demontaż baterii	kpl	inna
Montaż baterii zlewozmywakowej	szt	bialy montaz baterii podtynkowej do umywalki	kpl	inna
Montaż baterii zlewozmywakowej	szt	bialy montaz baterii podtynkowej do umywalki	klp	inna
Montaż baterii zlewozmywakowej	szt	Montaż baterii na wannowej podtynkowej	kpl	inna
Montaż baterii zlewozmywakowej	szt	Biały montaż baterii podtynkowych	kpl	inna
Montaż LED	mb	Montaż taśm LED	mb	ta-sama
Montaż LED	mb	Montaż lamp	szt	inna
Montaż LED	mb	Montaż TV	kpl	inna
Montaż LED	mb	Montaż zlewu	szt	inna
Montaż LED	mb	montaż profili ledowych	mb	inna
Montaż LED	mb	Montaż lustra	szt	inna
Montaż LED	mb	Montaż lustra z LED	szt	inna
Montaż LED	mb	Demontaz lamp	szt	inna
Montaż oświetlenia LED	szt	Montaż LED	mb	inna
Montaż oświetlenia LED	szt	Montaż lustra z podświetleniem	szt	inna
Montaż oświetlenia LED	szt	Montaż taśm LED	mb	inna
Montaż oświetlenia LED	szt	Montaż lustra z LED	szt	inna
Montaż oświetlenia LED	szt	montaż profili ledowych	mb	inna
Montaż oświetlenia LED	szt	Montaż i podłączenie taśm LED	mb	inna
Montaż oświetlenia LED	szt	montaż listew led + taśm ledowych	mb	inna
Montaż oświetlenia LED	szt	Montaż listew LED + taśm LED	kpl	inna
Montaż syfonu	szt	Montaż syfonów	szt	ta-sama
Montaż syfonu	szt	Montaż syfonów	kpl	ta-sama
Montaż syfonu	szt	montaż domofonu	szt	inna
Montaż syfonu	szt	montaż syfonu podtynkowego	kpl	inna
Montaż syfonu	szt	Montaż TV	kpl	inna
Montaż syfonu	szt	Montaż LED	mb	inna
Montaż syfonu	szt	Montaż syfonu + dojazd dodatkowy	kpl	ta-sama
Montaż zlewu	szt	Montaż LED	mb	inna
Montaż zlewu	szt	Montaż TV	kpl	inna
Montaż zlewu	szt	Montaż zaworów	szt	inna
Montaż zlewu	szt	Montaż lamp	szt	inna
Montaż zlewu	szt	Montaż taśm LED	mb	inna
Montaż zlewu	szt	Montaż lustra z LED	szt	inna
Montaż zlewu	szt	montaż zlewu z wywierceniem otworu	szt	inna
Montaż zlewu z wywierceniem otworu	szt	wywiercenie otworow w osb	szt	inna
Montaż zlewu z wywierceniem otworu	szt	Montaż zlewu	szt	inna
Podłączenie indukcji	szt	Podłączenie pralki	szt	inna
Podłączenie indukcji	szt	Podłączenie suszarki	szt	inna
Podłączenie indukcji	szt	Podłączenie zmywarki	szt	inna
Podłączenie indukcji	szt	Podłączenie piekarnika	szt	inna
Podłączenie piekarnika	szt	Podłączenie pralki	szt	inna
Podłączenie piekarnika	szt	Podłączenie suszarki	szt	inna
Podłączenie piekarnika	szt	Podłączenie zmywarki	szt	inna
Podłączenie piekarnika	szt	Montaż i podłączenie okapu	szt	inna
Podłączenie piekarnika	szt	Podłączenie indukcji	szt	inna
Podłączenie zmywarki	szt	Podłączenie suszarki	szt	inna
Podłączenie zmywarki	szt	Podłączenie pralki	szt	inna
Podłączenie zmywarki	szt	Podłączenie piekarnika	szt	inna
Podłączenie zmywarki	szt	Podłączenie indukcji	szt	inna
Położenie płytek między szafkami - mozaika	m²	Położenie płytek między szafkami	m²	inna
Położenie płytek między szafkami - mozaika	m²	położenie płytek między szafkami maly format	m2	inna
Położenie płytek między szafkami - mozaika	m²	położenie płytek między szafkami male plytki	m2	inna
Położenie płytek między szafkami - mozaika	m²	Położenie płytek między szafkami mały format cegiełki itp.	m²	inna
Położenie płytek między szafkami - mozaika	m²	Położenie płytek między szafkami format standard od 30x30 do 60x120	m²	inna
Położenie płytek między szafkami - mozaika	m²	położenie płytek między szafkami - cena zalezy od rodzaju płytek oraz ułożenie kuchni	m2	inna
Położenie płytek między szafkami format standard od 30x30 do 60x120	m²	Położenie gresu na podłodze format standard od 30x30 do 60x120	m²	inna
Położenie płytek między szafkami format standard od 30x30 do 60x120	m²	położenie płytek między szafkami maly format	m2	inna
Położenie płytek między szafkami format standard od 30x30 do 60x120	m²	Położenie płytek między szafkami	m²	ta-sama
Położenie płytek między szafkami format standard od 30x30 do 60x120	m²	układanie glazury na podłodze format standard od 30x30 do 120x60	m2	inna
Położenie płytek między szafkami format standard od 30x30 do 60x120	m²	Położenie płytek między szafkami mały format cegiełki itp.	m²	inna
Położenie płytek między szafkami format standard od 30x30 do 60x120	m²	Układanie glazury na podłodze format standard od 30x30 do 120x60 (karo)	m²	inna
Położenie płytek między szafkami format standard od 30x30 do 60x120	m²	położenie płytek między szafkami male plytki	m2	inna
Położenie płytek między szafkami format standard od 30x30 do 60x120	m²	Położenie płytek między szafkami - mozaika	m²	inna
Położenie płytek między szafkami mały format cegiełki itp.	m²	położenie płytek między szafkami maly format	m2	ta-sama
Położenie płytek między szafkami mały format cegiełki itp.	m²	położenie płytek między szafkami male plytki	m2	ta-sama
Położenie płytek między szafkami mały format cegiełki itp.	m²	Położenie płytek między szafkami	m²	inna
Położenie płytek między szafkami mały format cegiełki itp.	m²	Położenie płytek między szafkami - mozaika	m²	inna
Położenie płytek między szafkami mały format cegiełki itp.	m²	Położenie płytek między szafkami format standard od 30x30 do 60x120	m²	inna
Położenie płytek między szafkami mały format cegiełki itp.	m²	Położenie gresu na podłodze format mały cegiełki i inne np 10x10, 6x15 itp.	m²	inna
Układanie glazury na ścianie format standard	m²	układanie glazury na ścianie format standard od 10x15	m2	ta-sama
Układanie glazury na ścianie format standard	m²	Układanie glazury na ścianie malu format	mb	inna
Układanie glazury na ścianie format standard	m²	Układanie glazury na ścianie format standard od 30x30 do 120x60	m²	ta-sama
Układanie glazury na ścianie format standard	m²	Układanie glazury na ścianie format duży 120x120	m²	inna
Układanie glazury na ścianie format standard	m²	Układanie glazury na ścianie wielki format 120x270	m²	inna
Układanie glazury na ścianie format standard	m²	Układanie glazury na ścianie mały format np. 6,5 x 15	m²	inna
Układanie glazury na ścianie format standard	m²	układanie glazury na ścianie format standard od 30x30 do 120x60 pralnia piwnica	m2	ta-sama
Układanie glazury na ścianie format standard	m²	Układanie glazury na ścianie i podłodze format duży 120x120	m²	inna
Układanie gresu 120x120	m²	ukladanie gresu w toalecie	m2	inna
Układanie gresu na podłodze format standard od 30x30 do 60x120	m²	Położenie gresu na podłodze format standard od 30x30 do 60x120	m²	ta-sama
Układanie gresu na podłodze format standard od 30x30 do 60x120	m²	układanie glazury na podłodze format standard od 30x30 do 120x60	m2	inna
Układanie gresu na podłodze format standard od 30x30 do 60x120	m²	Układanie glazury na podłodze format standard od 30x30 do 120x60 (karo)	m²	inna
Układanie gresu na podłodze format standard od 30x30 do 60x120	m²	układania gresu na podłodze format standard	m2	ta-sama
Układanie gresu na podłodze format standard od 30x30 do 60x120	m²	Układanie glazury na ścianie format standard od 30x30 do 120x60	m²	inna
Układanie gresu na podłodze format standard od 30x30 do 60x120	m²	układanie glazury na ścianie format standard od 30x30 do 120x60 pralnia piwnica	m2	inna
Układanie gresu na podłodze format standard od 30x30 do 60x120	m²	Położenie płytek między szafkami format standard od 30x30 do 60x120	m²	inna
Układanie gresu na podłodze format standard od 30x30 do 60x120	m²	Układanie glazury na podłodze duży format 120x120	m²	inna
Wklejanie narożników i wklejanie siatki + szpachlowanie narożniki, glify okienne etc. wszędzie tam gdzie to wymaga	mb	wklejanie narożników aluminiowych i wklejanie siatki + szpachlowanie narożniki, glify okienne etc. wszędzie tam gdzie to wymaga	mb	ta-sama
Montaż drzwi do systemu kasetowego	kpl	demontaz sufitu kasetowego	m2	inna
Montaż drzwi do systemu kasetowego	kpl	Montaz drzwi prysznicowych	kpl	inna
Montaż kasety pod drzwi przesuwne	szt	montaż podwojnych drzwi przesuwnych	kpl	inna
Montaż kasety pod drzwi przesuwne	szt	Montaz drzwi prysznicowych	kpl	inna
Montaż drzwi, ościeżnic stałych, klamek, zamków	szt	Montaż drzwi, ościeżnic regulowanych, klamek, zamków	szt	inna
Montaż drzwi, ościeżnic stałych, klamek, zamków	szt	Demontaż ościeżnic metalowych	kpl	inna
Montaż drzwi, ościeżnic stałych, klamek, zamków	szt	demontaz drzwi z oscieznicami	szt	inna
Montaż drzwi, ościeżnic regulowanych, klamek, zamków	szt	Montaż drzwi, ościeżnic stałych, klamek, zamków	szt	inna
Montaż drzwi, ościeżnic regulowanych, klamek, zamków	szt	demontaz drzwi z oscieznicami	szt	inna
Montaż klamek okiennych	szt	Montaż parapetów kamiennych	mb	inna
Montaż parapetów	mb	Demontaż parapetów	szt	inna
Montaż parapetów	mb	Montaż parapetów kamiennych	mb	ta-sama
Montaż parapetów	mb	demontaz parapetow betonowych	mb	inna
Montaż parapetów	mb	Montaż kinkietów	szt	inna
Montaż parapetów	mb	Montaż TV	kpl	inna
Montaż progu drzwi wejściowych	szt	Docięcie i montaż progu w drzwiach wejściowych	szt	ta-sama
Montaż progu drzwi wejściowych	szt	Montaz drzwi prysznicowych	kpl	inna
Silikonowanie parapetu	mb	Silikonowanie	mb	inna
Silikonowanie parapetu	mb	sylikonowanie progow	mb	inna
Silikonowanie parapetu	mb	sylikonowanie na progach	mb	inna
Silikonowanie parapetu	mb	sylikonowane progow	mb	inna
Dopasowanie otworów pod montaż drzwi - zmniejszenie otworu	szt	zmniejszenie otworów drzwiowych	kpl	ta-sama
Dopasowanie otworów pod montaż drzwi - zmniejszenie otworu	szt	Dopasowanie otworów drzwi	szt	ta-sama
Dopasowanie otworów pod montaż drzwi - zmniejszenie otworu	szt	zmniejszenie otworu drzwiowego		ta-sama
Dopasowanie otworów pod montaż drzwi - zmniejszenie otworu	szt	zmniejszenie otworu drzwiowego	szt	ta-sama
Poszerzenie otworów drzwi	szt	obnizenie otworow drzwi	szt	inna
Poszerzenie otworów drzwi	szt	przerobienie otworu drzwowiego	kpl	inna
Poszerzenie otworów drzwi	szt	zmniejszenie otworów drzwiowych	kpl	inna
Poszerzenie otworów drzwi	szt	Dopasowanie otworów drzwi	szt	inna
Poszerzenie otworów drzwi	szt	Powiększenie otworów drzwiowych o 10 cm	szt	ta-sama
Poszerzenie otworów drzwi	szt	zmniejszenie otworu drzwiowego		inna
Poszerzenie otworów drzwi	szt	zmniejszenie otworu drzwiowego	szt	inna
Poszerzenie otworów drzwi	szt	wywiercenie otworow w osb	szt	inna
Doprowadzenie przewodu 3-fazowego	kpl	Doprowadzenie przewodu 3-fazowego z montażem gniazda	kpl	inna
Doprowadzenie przewodu 3-fazowego z montażem gniazda	kpl	doprowadzenie przewodu 3 fazowego	kpl	inna
Lutowanie taśm LED	pkt	Lutowanie taśm LED i podłączenie do transformatora	pkt	ta-sama
Lutowanie taśm LED	pkt	Montaż taśm LED	mb	inna
Lutowanie taśm LED	pkt	Montaż i podłączenie taśm LED	mb	inna
Lutowanie taśm LED	pkt	montaż listew led + taśm ledowych	mb	inna
Lutowanie taśm LED	pkt	Montaż listew LED + taśm LED	kpl	inna
Montaż czujnika termostatycznego ze sterownikiem do ogrzewania podłogowego	szt	Montaż czujnika termostatycznego ze sterownikiem do ogrzewania	szt	ta-sama
Montaż gniazda TV i internet	szt	Montaż gniazdek i włączników	szt	inna
Montaż gniazda TV i internet	szt	Montaż gniazdek i wyłączników	szt	inna
Montaż gniazda TV i internet	szt	Montaż gniazdek i włączników standard	szt	inna
Montaż gniazdek i włączników	szt	Montaż gniazdek i wyłączników	szt	ta-sama
Montaż gniazdek i włączników	szt	Montaż gniazdek i włączników standard	szt	ta-sama
Montaż gniazdek i włączników	szt	Montaż gniazda TV i internet	szt	inna
Montaż gniazdek i włączników	szt	Montaż włączników schodowych/krzyżowych	szt	inna
Montaż kanału TV - wykucie i osadzenie + tynk - ściana działowa miękka	szt	Montaż kanału TV - wykucie i osadzenie + tynk - ściana żelbetowa	szt	inna
Montaż kanału TV - wykucie i osadzenie + tynk - ściana działowa miękka	szt	Montaż kanału TV - wykucie i osadzenie + tynk - ściana nieżelbetowa	szt	ta-sama
Montaż kanału TV - wykucie i osadzenie + tynk - ściana działowa miękka	szt	Montaż kanału TV -wykucie i osadzenie + tynk	szt	ta-sama
Montaż kanału TV - wykucie i osadzenie + tynk - ściana działowa miękka	szt	Montaż kanału TV - wykucie i osadzenie + tynk - żelbeton	szt	ta-sama
Montaż kanału TV - wykucie i osadzenie + tynk - ściana żelbetowa	szt	Montaż kanału TV - wykucie i osadzenie + tynk - ściana nieżelbetowa	szt	inna
Montaż kanału TV - wykucie i osadzenie + tynk - ściana żelbetowa	szt	Montaż kanału TV - wykucie i osadzenie + tynk - żelbeton	szt	inna
Montaż kanału TV - wykucie i osadzenie + tynk - ściana żelbetowa	szt	Montaż kanału TV -wykucie i osadzenie + tynk	szt	inna
Montaż kinkietów	szt	Montaż parapetów	mb	inna
Montaż kinkietów	szt	demontaż kominka	kpl	inna
Montaż kinkietów	szt	Demontaż parapetów	szt	inna
Montaż kinkietów	szt	Montaż TV	kpl	inna
Montaż lamp ze składaniem (trudne)	szt	Montaż prostych lamp (bez składania)	szt	inna
Montaż lamp ze składaniem (trudne)	szt	Montaż lamp	szt	inna
Montaż listew LED + taśm LED	kpl	montaż listew led + taśm ledowych	mb	ta-sama
Montaż listew LED + taśm LED	kpl	Montaż taśm LED	mb	inna
Montaż listew LED + taśm LED	kpl	Montaż i podłączenie listw led + taśm	mb	ta-sama
Montaż listew LED + taśm LED	kpl	Montaż i podłączenie taśm LED	mb	inna
Montaż listew LED + taśm LED	kpl	Montaż LED	mb	inna
Montaż listew LED + taśm LED	kpl	Montaż listew aluminiowych	mb	inna
Montaż listew LED + taśm LED	kpl	Montaż lustra z LED	szt	inna
Montaż listew LED + taśm LED	kpl	montaż profili ledowych	mb	inna
Montaż okapu i podłączenie do wentylacji	kpl	Montaż i podłączenie okapu	szt	ta-sama
Montaż okapu i podłączenie do wentylacji	kpl	Montaż i podłączenie taśm LED	mb	inna
Montaż okapu i podłączenie do wentylacji	kpl	Montaż i podłączenie transformatora	mb	inna
Montaż okapu i podłączenie do wentylacji	kpl	montaz wentylatora	szt	inna
Montaż okapu i podłączenie do wentylacji	kpl	Montaż kratki wentylacyjnej	kpl	inna
Montaż profili LED podtynkowych w suficie	mb	montaż profili wzmocnionych pod ościeżnice	kpl	inna
Montaż profili LED podtynkowych w suficie	mb	montaż profili ledowych	mb	ta-sama
Montaż profili LED podtynkowych w suficie	mb	montaz puszek podtynkowych	szt	inna
Montaż profili LED podtynkowych w suficie	mb	montaż lamp podtynkowych z obróbką	mb	inna
Montaż profili LED podtynkowych w suficie	mb	Montaż szynoprzewodów podtynkowych	mb	inna
Montaż profili LED podtynkowych w suficie	mb	Montaż LED	mb	inna
Montaż prostych lamp (bez składania)	szt	Montaż lamp ze składaniem (trudne)	szt	inna
Montaż prostych lamp (bez składania)	szt	Montaż lamp	szt	ta-sama
Montaż puszek elektrycznych	pkt	Montaż grzejnika elektrycznego	szt	inna
Montaż puszek elektrycznych	pkt	montaz puszek podtynkowych	szt	ta-sama
Montaż puszek elektrycznych	pkt	Montaż WC z podwieszanego / elektrycznego	szt	inna
Montaż rozdzielni CCTV - wycena indywidualna	kpl	Przeniesienie wentylacji - wycena indywidualna	kpl	inna
Montaż szynoprzewodów natynkowych	mb	Montaż szynoprzewodów podtynkowych	mb	inna
Montaż szynoprzewodów natynkowych	mb	Montaż szynoprzewodów	mb	ta-sama
Montaż szynoprzewodów natynkowych	mb	montaz puszek podtynkowych	szt	inna
Montaż taśm LED	mb	Montaż LED	mb	ta-sama
Montaż taśm LED	mb	montaż listew led + taśm ledowych	mb	inna
Montaż taśm LED	mb	Montaż listew LED + taśm LED	kpl	inna
Montaż taśm LED	mb	Montaż i podłączenie taśm LED	mb	ta-sama
Montaż taśm LED	mb	Montaż TV	kpl	inna
Montaż taśm LED	mb	Montaż i podłączenie listw led + taśm	mb	inna
Montaż taśm LED	mb	Montaż lamp	szt	inna
Montaż taśm LED	mb	montaż profili ledowych	mb	inna
Montaż transformatorów	szt	Montaż i podłączenie transformatora	mb	ta-sama
Montaż transformatorów	szt	Montaż TV	kpl	inna
Montaż uchwytu TV	kpl	Montaż uchywtu TV	szt	ta-sama
Montaż uchwytu TV	kpl	Montaż TV	kpl	ta-sama
Montaż uchwytu TV	kpl	Montaż kanału TV	szt	inna
Montaż wentylatora łazienkowego	kpl	montaz wentylatora	szt	ta-sama
Montaż wentylatora łazienkowego	kpl	Montaż akcesoriów łazienkowych	szt	inna
Montaż wentylatora łazienkowego	kpl	Montaż kratki wentylacyjnej	kpl	inna
Montaż wentylatora łazienkowego	kpl	Montaż i demontaż kratek wentylacyjnych	szt	inna
Montaż wentylatora łazienkowego	kpl	Montaż okapu i podłączenie do wentylacji	kpl	inna
Montaż włączników schodowych/krzyżowych	szt	Montaż gniazdek i włączników	szt	inna
Montaż/Przebudowa rozdzielni elektrycznej wraz z bezpiecznikami - do 12 modułów	kpl	Montaż/przebudowa rozdzielni elektrycznej wraz z bezpiecznikami - do 24 modułów	kpl	inna
Montaż/Przebudowa rozdzielni elektrycznej wraz z bezpiecznikami - do 12 modułów	kpl	Montaż/Przebudowa rozdzielni elektrycznej wraz z bezpiecznikami - do 18 modułów	kpl	inna
Montaż/Przebudowa rozdzielni elektrycznej wraz z bezpiecznikami - do 12 modułów	kpl	Przebudowa skrzynki elektrycznej wraz z bezpiecznikami - do 18modułów	kpl	inna
Montaż/Przebudowa rozdzielni elektrycznej wraz z bezpiecznikami - do 12 modułów	kpl	Przebudowa skrzynki elektrycznej wraz z bezpiecznikami - do 24 modułów	kpl	inna
Montaż/Przebudowa rozdzielni elektrycznej wraz z bezpiecznikami - do 12 modułów	kpl	Montaż/Przebudowa rozdzielni elektrycznej, dołożenie 1 bezpiecznika	szt	inna
Montaż/Przebudowa rozdzielni elektrycznej wraz z bezpiecznikami - do 12 modułów	kpl	Przebudowa skrzynki elektrycznej wraz z bezpiecznikami - do 18modułów (podtynkowo)	kpl	inna
Montaż/Przebudowa rozdzielni elektrycznej wraz z bezpiecznikami - do 18 modułów	kpl	Montaż/Przebudowa rozdzielni elektrycznej wraz z bezpiecznikami - do 12 modułów	kpl	inna
Montaż/Przebudowa rozdzielni elektrycznej wraz z bezpiecznikami - do 18 modułów	kpl	Montaż/przebudowa rozdzielni elektrycznej wraz z bezpiecznikami - do 24 modułów	kpl	inna
Montaż/Przebudowa rozdzielni elektrycznej wraz z bezpiecznikami - do 18 modułów	kpl	Przebudowa skrzynki elektrycznej wraz z bezpiecznikami - do 18modułów	kpl	ta-sama
Montaż/Przebudowa rozdzielni elektrycznej wraz z bezpiecznikami - do 18 modułów	kpl	Przebudowa skrzynki elektrycznej wraz z bezpiecznikami - do 24 modułów	kpl	inna
Montaż/Przebudowa rozdzielni elektrycznej wraz z bezpiecznikami - do 18 modułów	kpl	Montaż/Przebudowa rozdzielni elektrycznej, dołożenie 1 bezpiecznika	szt	inna
Montaż/Przebudowa rozdzielni elektrycznej wraz z bezpiecznikami - do 18 modułów	kpl	Przebudowa skrzynki elektrycznej wraz z bezpiecznikami - do 18modułów (podtynkowo)	kpl	ta-sama
Montaż/przebudowa rozdzielni elektrycznej wraz z bezpiecznikami - do 24 modułów	kpl	Montaż/Przebudowa rozdzielni elektrycznej wraz z bezpiecznikami - do 12 modułów	kpl	inna
Montaż/przebudowa rozdzielni elektrycznej wraz z bezpiecznikami - do 24 modułów	kpl	Montaż/Przebudowa rozdzielni elektrycznej wraz z bezpiecznikami - do 18 modułów	kpl	inna
Montaż/przebudowa rozdzielni elektrycznej wraz z bezpiecznikami - do 24 modułów	kpl	Przebudowa skrzynki elektrycznej wraz z bezpiecznikami - do 24 modułów	kpl	ta-sama
Montaż/przebudowa rozdzielni elektrycznej wraz z bezpiecznikami - do 24 modułów	kpl	Przebudowa skrzynki elektrycznej wraz z bezpiecznikami - do 18modułów	kpl	inna
Montaż/przebudowa rozdzielni elektrycznej wraz z bezpiecznikami - do 24 modułów	kpl	Montaż/Przebudowa rozdzielni elektrycznej, dołożenie 1 bezpiecznika	szt	inna
Montaż/przebudowa rozdzielni elektrycznej wraz z bezpiecznikami - do 24 modułów	kpl	Przebudowa skrzynki elektrycznej wraz z bezpiecznikami - do 18modułów (podtynkowo)	kpl	inna
Montaż/Przebudowa rozdzielni elektrycznej, dołożenie 1 bezpiecznika	szt	Montaż/Przebudowa rozdzielni elektrycznej wraz z bezpiecznikami - do 12 modułów	kpl	inna
Montaż/Przebudowa rozdzielni elektrycznej, dołożenie 1 bezpiecznika	szt	Montaż/Przebudowa rozdzielni elektrycznej wraz z bezpiecznikami - do 18 modułów	kpl	inna
Montaż/Przebudowa rozdzielni elektrycznej, dołożenie 1 bezpiecznika	szt	Montaż/przebudowa rozdzielni elektrycznej wraz z bezpiecznikami - do 24 modułów	kpl	inna
Montaż/Przebudowa rozdzielni elektrycznej, dołożenie 1 bezpiecznika	szt	Przeniesienie rozdzielni elektrycznej	kpl	inna
Montaż/Przebudowa rozdzielni elektrycznej, dołożenie 1 bezpiecznika	szt	Przebudowa skrzynki elektrycznej wraz z bezpiecznikami - do 18modułów	kpl	inna
Montaż/Przebudowa rozdzielni elektrycznej, dołożenie 1 bezpiecznika	szt	Przebudowa skrzynki elektrycznej wraz z bezpiecznikami - do 24 modułów	kpl	inna
Montaż/Przebudowa rozdzielni elektrycznej, dołożenie 1 bezpiecznika	szt	Przebudowa skrzynki elektrycznej wraz z bezpiecznikami - do 18modułów (podtynkowo)	kpl	inna
Układanie przewodów w peszlu	mb	Przeciąganie/układanie kabli w peszlach	mb	ta-sama
Wykonanie gniazda zewnętrznego na balkonie z przebiciem się przez ściane	szt	Wykonanie gniazda zewnętrznego na balkonie	szt	ta-sama
Wykonanie gniazda zewnętrznego na balkonie z przebiciem się przez ściane	szt	Przebicie się na zewnątrz - niestety przebijanie się przez żelbet	kpl	inna
Wykonanie punktów oświetleniowych, czujki, rolety	szt	Wykonanie punktów oświetleniowych	szt	ta-sama
Wykonanie punktów oświetleniowych, czujki, rolety	szt	Wykonanie punktów oświetleniowych/elektrycznych	szt	ta-sama
Wykonanie punktu lan, kamery, internet	m²	Wykonanie punktów lan	pkt	ta-sama
Wykonanie/przesunięcie punktów elektrycznych, gniazdka i włączniki, wiercenie otworu pod puszkę, montaż puszki, doprowadzenie kabla	szt	Wykonanie/przesunięcie punktów elektrycznych:gniazdka i włączniki, wiercenie otworu pod puszke, montaż puszki, doprowadzenie kabla	szt	ta-sama
Montaż filtra wody	szt	Montaż lustra	szt	inna
Montaż grzejników dekoracyjnych z zaworami	szt	Montaż grzejnika z zaworami	szt	inna
Montaż grzejników dekoracyjnych z zaworami	szt	Montaż narożników dekoracyjnych	mb	inna
Montaż grzejników dekoracyjnych z zaworami	szt	Demontaż grzejników	szt	inna
Montaż grzejników dekoracyjnych z zaworami	szt	Montaż grzejników ponowny	szt	inna
Montaż grzejników dekoracyjnych z zaworami	szt	ponowny montaz grzejnika	szt	inna
Montaż grzejników dekoracyjnych z zaworami	szt	Montaż grzejników po malowaniu	szt	inna
Montaż grzejników dekoracyjnych z zaworami	szt	montaz grzalki do grzejnika	szt	inna
Montaż grzejników dekoracyjnych z zaworami	szt	Montaż grzejnika elektrycznego	szt	inna
Przebudowa/doprowadzenie/wymiana instalacji wod-kan w kuchni	pkt	Przebudowa/doprowadzenie/wymiana instalacji wod-kan w kuchni/pralni	pkt	ta-sama
Przebudowa/doprowadzenie/wymiana instalacji wod-kan w kuchni	pkt	Przebudowa/doprowadzenie/wymiana instalacji wod-kan w kuchni i pralni	pkt	ta-sama
Przebudowa/doprowadzenie/wymiana instalacji wod-kan w kuchni	pkt	Przebudowa/doprowadzenie/wymiana instalacji wod-kan do pralki	pkt	inna
Przebudowa/doprowadzenie/wymiana instalacji wod-kan w kuchni	pkt	Przebudowa/doprowadzenie/wymiana instalacji wod-kan w kuchni - wykonanie podejść	pkt	ta-sama
Przebudowa/doprowadzenie/wymiana instalacji wod-kan w kuchni	pkt	przesunięcie isntalacji wod kan w kuchni	kpl	ta-sama
Rozkucie i zatynkowanie podejść grzejnikowych	kpl	Rozkucie i zatynkowanie podejść grzejnikowych i wód can	kpl	ta-sama
Rozkucie i zatynkowanie podejść grzejnikowych	kpl	Rozkucie i zatynkowanie podejść grzejnikowych + zmiana rozstawu podejść	kpl	ta-sama
Sufit podwieszany montaż stelaża z płytami - niski stopień skomplikowania prac	m²	sufit podwieszany	m2	ta-sama
Tynkowanie/wyrównywanie ścian lub sufitów na listwach tynkarskich do kilku cm grubości.	m²	Tynkowanie ściany lub sufitów do 3 cm -	m2	ta-sama
Układanie glazury na ścianie mały format np. 6,5 x 15	m²	układanie glazury mały format  z fugowaniem	m2	ta-sama
Układanie glazury na ścianie mały format np. 6,5 x 15	m²	układanie glazury mały format 7,4 x 30 - jodełka	m2	ta-sama
Układanie glazury na ścianie mały format np. 6,5 x 15	m²	Układanie glazury mały format 12,5x12,5 z fugowaniem	m²	ta-sama
Wykonanie punktów elektrycznych pod włącznik, gniazdko	szt	Wykonanie/przesunięcie punktów elektrycznych:gniazdka i włączniki, wiercenie otworu pod puszke, montaż puszki, doprowadzenie kabla	szt	ta-sama
Położenie płytek między szafkami format standard od 30x30 do 60x120	m²	położenie płytek między szafkami - cena zalezy od rodzaju płytek oraz ułożenie kuchni	m2	ta-sama
Położenie płytek między szafkami mały format cegiełki itp.	m²	położenie płytek między szafkami maly format	m2	ta-sama
Położenie płytek między szafkami mały format cegiełki itp.	m²	położenie płytek między szafkami male plytki	m2	ta-sama
Montaż lamp	szt	Montaż prostych lamp (bez składania)	szt	ta-sama
# katalog prac — pary spoza szablonu (ręczna ocena 2026-10-06)
Ułożenie płytek na kominku - wycena indywidualna	m²	Przeniesienie wentylacji - wycena indywidualna	kpl	inna
Demontaż i montaż lamp korytarz i salon	szt	Demontaz lamp	szt	inna
Demontaż i montaż lamp korytarz i salon	szt	Montaż lamp	szt	inna
Likwidacja punktu elektrycznego	szt	Wykonanie punktu elektrycznego	szt	inna
Montaż domofonu	szt	Montaż syfonu	szt	inna
Montaż domofonu	szt	Montaż syfonów	szt	inna
Montaż domofonu	szt	Montaż syfonów	kpl	inna
Montaż domofonu	szt	Montaż TV	kpl	inna
Montaż listew LED	mb	montaż listew led + taśm ledowych	mb	inna
Montaż listew LED	mb	Montaż listew LED + taśm LED	kpl	inna
Montaż listew LED	mb	Montaż LED	mb	inna
Montaż listew LED	mb	montaz listwy	mb	inna
Montaż listew LED	mb	Montaż lustra z LED	szt	inna
Montaż listew LED	mb	Montaż listew aluminiowych	mb	inna
Montaż listew LED	mb	montaż profili ledowych	mb	ta-sama
Montaż listew LED	mb	Montaż taśm LED	mb	inna
Montaż przedłużek elektr.	szt	Montaż grzejnika elektrycznego	szt	inna
Montaż przedłużek elektr.	szt	Montaż WC z podwieszanego / elektrycznego	szt	inna
Montaż puszki elektrycznej bez wiercenia otworu	szt	montaż zlewu z wywierceniem otworu	szt	inna
Montaż wiatraków elektrycznych	szt	Montaż grzejnika elektrycznego	szt	inna
Montaż wiatraków elektrycznych	szt	Montaż WC z podwieszanego / elektrycznego	szt	inna
Montaż wideofonu	kpl	montaż domofonu	szt	inna
Montaż wideofonu	kpl	Montaż syfonu	szt	inna
Montaż wideofonu	kpl	Montaż syfonów	szt	inna
Montaż wideofonu	kpl	Montaż syfonów	kpl	inna
Montaż wideofonu	kpl	Montaż TV	kpl	inna
Przeniesienie lampy na gotowej ścianie; kucie, prace elektryczne, tynk, grunt, szpachla, malowanie, montaż lampy.	kpl	Wykonanie przejścia z łukiem, wklejenie płyt gk, narożnika, montaż taśm, szpachlowanie. Kompleksowe przygotowanie do malowanie.	kpl	inna
Weryfikacja sprawności instalacji elektrycznej całego domu - wycena indywidualna	kpl	Weryfikacja sprawności instalacji elektrycznej całego domu, wymiana taśm izolacyjnych na połączenia wago	kpl	ta-sama
Wkuwanie rozdzielni w ściane od 1200 zł/kpl	kpl	Wkuwanie rozdzielni	kpl	ta-sama
Montaż grzałki elektrycznej do grzejnika; demontaż grzejnika, wymiana zaworów, ponowny montaż grzejnika	szt	Demontaż grzejników + ponowny montaż	szt	inna
Montaż przedłużek	szt	Montaż LED	mb	inna
Montaż przedłużek	szt	Montaż TV	kpl	inna
Próba ciśnieniowa instalacji c.w.u. oraz z.w.u.	kpl	próba ciśnieniowa instalacji	kpl	ta-sama
Układanie rur	mb	układanie glazury	m2	inna
Układanie rur	mb	ukladanie welny	mb	inna
Układanie rur	mb	układanie mozaiki	m2	inna
Układanie rur	mb	Układanie parkietu	m²	inna
Układanie rur	mb	Składanie mebli	kpl	inna
Układanie rur	mb	układanie trawertyn	m2	inna
Układanie rur	mb	mocowanie rur	kpl	inna
Wykonanie punktu elektrycznego	szt	likwidacja punktu elektrycznego	szt	inna
Wykonanie punktu elektrycznego	szt	Wykonanie punktów oświetleniowych/elektrycznych	szt	inna
Wykonanie punktu elektrycznego	szt	Wykonanie punktów elektrycznych pod włącznik, gniazdko	szt	ta-sama
Wykonanie punktu elektrycznego	szt	Wykonanie punktów lan	pkt	inna
Wentylacja w kuchni - wycena indywidualna	kpl	Przeniesienie wentylacji - wycena indywidualna	kpl	inna
Wentylacja w kuchni - wycena indywidualna	kpl	wykonanie wentylacji do kuchni -	kpl	ta-sama
Wykonanie wentylacji w kuchni - prawdopodobnie trzeba rozdzielić kanał i klapę zwrotną - weryfikacja na miejscu	kpl	Przebudowa/doprowadzenie/wymiana instalacji wod-kan w kuchni - wykonanie podejść	pkt	inna
Wymiana listwy w kuchni	mb	syliknowanie podloga-->listwy+kuchnia	mb	inna
Dopasowanie otworu drzwiowego - powiększenie otworu	kpl	Dopasowanie otworów pod montaż drzwi - zmniejszenie otworu	szt	inna
Dopasowanie otworu drzwiowego - powiększenie otworu	kpl	Wykucie nadproża i powiększenie otworu drzwiowego przesuwanie otworu.	kpl	inna
Dopasowanie otworu drzwiowego - powiększenie otworu	kpl	zmniejszenie otworu drzwiowego		inna
Dopasowanie otworu drzwiowego - powiększenie otworu	kpl	zmniejszenie otworu drzwiowego	szt	inna
Dopasowanie otworu drzwiowego - powiększenie otworu	kpl	Przesuniecie otworu drzwiowego  murowanie	szt.	inna
Dopasowanie otworu drzwiowego - powiększenie otworu	kpl	Powiększenie otworów drzwiowych o 10 cm	szt	ta-sama
Dopasowanie otworu drzwiowego - powiększenie otworu	kpl	Dopasowanie otworów drzwi	szt	inna
Dopasowanie otworu drzwiowego - powiększenie otworu	kpl	zmniejsznie otworu drzwiowego	szt	inna
Malowanie drzwi dwustronne	szt	Murowanie drzwi	kpl	inna
Malowanie parapetu	mb	Silikonowanie parapetu	mb	inna
Malowanie parapetu	mb	malowanie ??	m2	inna
Malowanie parapetu	mb	Malowanie sufitu	m²	inna
Malowanie parapetu	mb	Tapetowanie	m²	inna
Malowanie parapetu	mb	zrobienie parapetu z gk	kpl	inna
Montaż drzwi przesuwnych natynkowych	kpl	montaż podwojnych drzwi przesuwnych	kpl	inna
Montaż drzwi przesuwnych natynkowych	kpl	Montaz drzwi prysznicowych	kpl	inna
Montaż drzwi przesuwnych natynkowych	kpl	Montaż szynoprzewodów natynkowych	mb	inna
Montaż drzwi przesuwnych natynkowych	kpl	Montaż progu drzwi wejściowych	szt	inna
Montaż parapetów kamiennych	mb	Montaż parapetów	mb	ta-sama
Montaż parapetów kamiennych	mb	Demontaż parapetów	szt	inna
Montaż parapetów kamiennych	mb	demontaz parapetow betonowych	mb	inna
Montaż podwójnych drzwi przesuwnych	kpl	Montaz drzwi prysznicowych	kpl	inna
Wstawienie drzwi wejściowych	kpl	Montaż progu drzwi wejściowych	szt	inna
Wstawienie drzwi wejściowych	kpl	zmniejszenie otworów drzwiowych	kpl	inna
Wstawienie drzwi wejściowych	kpl	Docięcie i montaż progu w drzwiach wejściowych	szt	inna
Wywiercenie otworów w blacie drewnianym	szt	wywiercenie otworow w blacie	szt	ta-sama
Wywiercenie otworów w blacie drewnianym	szt	wywiercenie otworow w osb	szt	inna
Wywiercenie otworów w blacie drewnianym	szt	Wiercenie otworów w płytkach	szt	inna
Zmniejszenie otworu drzwiowego	szt	zmniejszenie otworu drzwiowego		ta-sama
Zmniejszenie otworu drzwiowego	szt	zmniejsznie otworu drzwiowego	szt	ta-sama
Zmniejszenie otworu drzwiowego	szt	zmniejszenie otworów drzwiowych	kpl	ta-sama
Zmniejszenie otworu drzwiowego	szt	przerobienie otworu drzwowiego	kpl	inna
Zmniejszenie otworu drzwiowego	szt	wybicie otworu drzwiowego	szt.	inna
Zmniejszenie otworu drzwiowego	szt	Przesuniecie otworu drzwiowego  murowanie	szt.	inna
Zmniejszenie otworu drzwiowego	szt	obnizenie otworow drzwi	szt	ta-sama
Zmniejszenie otworu drzwiowego	szt	Poszerzenie otworów drzwi	szt	inna
Cokół docinany z płytek wkuwany w ścianę	mb	Cokół docinany z płytek wkuty w sciane	mb	ta-sama
Cokół docinany z płytek wkuwany w ścianę	mb	Cokół docinany z płytek	mb	inna
Cokół docinany z płytek wkuwany w ścianę	mb	Cokół docinany z płytek licowany z tynkiem	mb	ta-sama
Dodatek za wylewkę samopoziomująca za każdy 1mm/3zł	mm	Wylewka samopoziomująca do 5 mm	m²	inna
Dodatek za wylewkę samopoziomująca za każdy 1mm/3zł	mm	skucie kawałka podłogi oraz wylewka samopoziomująca	m2	inna
Frezowanie pod ogrzewanie podłogowe	m²	ogrzewanie podłogowe wodne instalacja rur	m2	inna
Impregnowanie trawertynu	m²	układanie trawertyn	m2	inna
Mikrocement gabinet	m²	Mikrocement	m²	ta-sama
Montaż listew aluminiowych wokół kominka	mb	Montaż listew aluminiowych	mb	ta-sama
Montaż rozdzielaczy do ogrzewania	szt	montaż zaworów na pionach ogrzewania	szt	inna
Montaż ćwierćwałków z malowaniem	mb	montaz boazerii z malowaniem	m2	inna
Montaż ćwierćwałków z malowaniem	mb	Montaż grzejników po malowaniu	szt	inna
Ogrzewanie podłogowe wodne instalacja rur	m²	Bruzdowanie pod instalacje wod-kan w żelbecie	mb	inna
Ogrzewanie podłogowe wodne instalacja rur	m²	frezowanie pod orzewanie podłogowe	m2	inna
Otwory w płytkach pod rury	szt	otwory w plytkach w kotlowni	szt	inna
Szpachlowanie i malowanie listew przypodłogowych	mb	Akrylowanie listew przypodłogowych	mb	inna
Szpachlowanie i malowanie listew przypodłogowych	mb	szpachlowanie laczen przygotowanie pod gladz sufitow gk	mb	inna
Szpachlowanie i malowanie listew przypodłogowych	mb	Demontaż listew przypodłogowych	mb	inna
Układanie parkietu	m²	układanie rur	mb	inna
Układanie parkietu	m²	układanie mozaiki	m2	inna
Układanie parkietu	m²	ukladanie welny	mb	inna
Układanie parkietu	m²	parkiet	szt	inna
Ułożenie gresu na stopniach	szt	Położenie gresu na podłodze + pralnia	m2	inna
Wklejanie maty kompensacyjnej	m²	przyklejenie maty kompensacijnej	m2	ta-sama
Wklejanie maty kompensacyjnej	m²	Montaż maty kompensacyjnej	m²	ta-sama
Wklejanie maty kompensacyjnej	m²	Wklejanie maty hydroizolacyjnej	m²	inna
Wklejanie maty kompensacyjnej	m²	Przyklejenie maty kompensacyjnej pod płytki wielkoformatowe	m²	ta-sama
Dodatek za cięcie płytek na dworze	kpl	Dodatek za podcięcie wanny	kpl	inna
Dodatek za cięcie płytek na dworze	kpl	dodatek za podciecie pod wanna	kpl	inna
Dodatek za cięcie płytek na dworze	kpl	ciecie plytek 45 stopni	mb	inna
Dodatek za dojazd	kpl	dodatek za zabudowa wanny	kpl	inna
Dodatek za prace na wysokościach	kpl	dodatek za prace na wysokości	kpl	ta-sama
Malowanie rur i grzejników	kpl	Montaż grzejników po malowaniu	szt	inna
Montaż anemostatów	szt	Montaż TV	kpl	inna
Montaż gotowej barierki modułowej	mb	Montaż baterii umywalkowej podtynkowej	szt	inna
Montaż gotowej barierki modułowej	mb	Montaż baterii na wannowej podtynkowej	kpl	inna
Montaż kratek wentylacyjnych	szt	Montaż i demontaż kratek wentylacyjnych	szt	ta-sama
Montaż kratek wentylacyjnych	szt	Montaż kratki wentylacyjnej	kpl	ta-sama
Montaż kratek wentylacyjnych	szt	montaz kratek rewizyjnych	szt	inna
Montaż kratek wentylacyjnych	szt	montaz wentylatora	szt	inna
Montaż kratek wentylacyjnych	szt	Montaż okapu i podłączenie do wentylacji	kpl	inna
Montaż listwy ozdobnej na kominku	mb	Montaż listwy spadkowej	szt	inna
Montaż listwy ozdobnej na kominku	mb	montaz listwy spadkowej	mb	inna
Montaż listwy ozdobnej na kominku	mb	montaz listwy	mb	inna
Montaż lustra - zwykłe wiszące	kpl	Montaż lustra z LED	szt	inna
Montaż lustra - zwykłe wiszące	kpl	Montaż lustra	szt	ta-sama
Montaż lustra - zwykłe wiszące	kpl	Montaż lustra z podświetleniem	szt	inna
Montaż lustra - zwykłe wiszące	kpl	Montaż umywalki wiszącej	szt	inna
Montaż narożników dekoracyjnych	mb	Montaż grzejników dekoracyjnych z zaworami	szt	inna
Montaż schodów strychowych	szt	Montaż włączników schodowych/krzyżowych	szt	inna
Montaż wentylacji	mb	montaz wentylatora	szt	inna
Montaż wentylacji	mb	Montaż kratki wentylacyjnej	kpl	inna
Montaż wentylacji	mb	montaz kanalu wenylacji w kuchni	kpl	inna
Montaż wentylacji	mb	Montaż okapu i podłączenie do wentylacji	kpl	inna
Montaż wentylacji	mb	Montaż i demontaż kratek wentylacyjnych	szt	inna
Montaż wentylacji	mb	Montaż TV	kpl	inna
Montaż wieszaków w przedpokoju	szt	Montaż wieszaków?	kpl	ta-sama
Montaż ćwierćwałka	mb	Montaż umywalki	szt	inna
Montaż ćwierćwałka	mb	Montaż TV	kpl	inna
Mycie okien i futryn	kpl	Usunięcie futryn	kpl	inna
Odbiór mieszkania do 50m2	kpl	Odbiór mieszkania	kpl	ta-sama
Odbiór mieszkania do 50m2	kpl	odbiór mieszkania od dewelopera	kpl	ta-sama
Przeniesienie wentylacji - wycena indywidualna	kpl	Przeniesienie wentylacji	kpl	ta-sama
Przeniesienie wentylacji - wycena indywidualna	kpl	przenisienie wentylacji na przedscianke	kpl	ta-sama
Przenoszenie mebli - wycena indywidualna	kpl	Przeniesienie wentylacji - wycena indywidualna	kpl	inna
Przenoszenie mebli - wycena indywidualna	kpl	przenoszenie mebli	kpl	ta-sama
Spawanie konstrukcji - wycena indywidualna	kpl	Przeniesienie wentylacji - wycena indywidualna	kpl	inna
Usuwanie grzyba do 2m2	kpl	Usuwanie grzyba do 5m2	kpl	ta-sama
Wymiana silikonu na inny kolor	mb	wymiana sylikonu kabina prysznicowa	kpl	inna
Wymiana silikonów	mb	Silikonowanie	mb	inna
Wymiana silikonów	mb	wymiana sylikonu kabina prysznicowa	kpl	inna
Wymiana silikonów	mb	sylikonowanie na progach	mb	inna
Prace projektowe	kpl	Projekt	kpl	ta-sama
Projekt łazienki	kpl	Projekt	kpl	inna
Wizualizacja, projekt wykończenia oraz projekt kuchni	kpl	Projekt kuchni	kpl	inna
Bruzdowanie pod karnisz w suficie - żelbet	mb	Bruzdowanie pod kable elektryczne w żelbecie	mb	inna
Bruzdowanie pod karnisz w suficie - żelbet	mb	Bruzdowanie pod rury żelbet	mb	inna
Bruzdowanie pod karnisz w suficie - żelbet	mb	Bruzdowanie pod instalacje wod-kan w żelbecie	mb	inna
Delikatne wycinanie sztukaterii ściennej	mb	malowanie sztukaterii Limę wach	mb	inna
Delikatny demontaż sztukaterii sufitowej	mb	demontaz sufitu kasetowego	m2	inna
Delikatny demontaż sztukaterii sufitowej	mb	demontaz sufitow z gk	m2	inna
Delikatny demontaż sztukaterii sufitowej	mb	demontaż sufitów podwieszanych	m2	inna
Demontaż boazerii drewnianej	m²	montaz boazerii z malowaniem	m2	inna
Demontaż boazerii drewnianej	m²	Demontaz korek drewniany	m²	inna
Demontaż boazerii drewnianej	m²	demontaż baterii	kpl	inna
Demontaż grzejników + ponowny montaż	szt	Montaż grzejników ponowny	szt	inna
Demontaż grzejników + ponowny montaż	szt	ponowny montaz grzejnika	szt	inna
Demontaż grzejników + ponowny montaż	szt	Demontaż grzejników	szt	inna
Demontaż grzejników + ponowny montaż	szt	Montaż grzejników po malowaniu	szt	inna
Demontaż grzejników + ponowny montaż	szt	Demontaż grzejników trudne	szt	inna
Demontaż grzejników + ponowny montaż	szt	demontaż szafki z umywalką + ponowny montaż wraz z sylikonowaniem	kpl	inna
Demontaż grzejników + ponowny montaż	szt	Montaż grzejnika z zaworami	szt	inna
Demontaż grzejników + ponowny montaż	szt	montaz grzalki do grzejnika	szt	inna
Demontaż klimatyzacji - typu splity	szt	montaż klimatyzacji + uruchomienie	kpl	inna
Demontaż kominka	kpl	Montaż kinkietów	szt	inna
Demontaż kominka	kpl	Demontaz lamp	szt	inna
Demontaż kominka	kpl	Montaż WC kompakt	szt	inna
Demontaż kominka	kpl	demontaż linoleum	m2	inna
Demontaż kominka	kpl	montaż karniszy	mb	inna
Demontaż kuchni bez zniszczenia	kpl	Kuchnia z montażem - bez sprzętu AGD	kpl	inna
Demontaż listew przypodłogowych + montaż z powrotem - tylko jeżeli się do tego nadają.	mb	demontaż listew przypodłogowych+ montaz z poworotem	mb	ta-sama
Demontaż rur metalowych	mb	Demontaż ościeżnic metalowych	kpl	inna
Demontaż rur metalowych	mb	montaz rur skroplinowych	mb	inna
Demontaż rur metalowych	mb	montaz zabudowy rur	kpl	inna
Demontaż zabudowy kuchennej	kpl	montaz zabudowy rur	kpl	inna
Demontaż zabudowy kuchennej	kpl	Dmontaz zabudowy z gk	m²	inna
Demontaże drzwi wewnętrznych drewnianych	kpl	montaż podwojnych drzwi przesuwnych	kpl	inna
Demontaże drzwi wewnętrznych drewnianych	kpl	Demontaż boazerii drewnianej	m²	inna
Demontaże drzwi wewnętrznych drewnianych	kpl	Demontaz korek drewniany	m²	inna
Demontaże drzwi wewnętrznych drewnianych	kpl	demontaz drzwi z oscieznicami	szt	inna
Demontaże stelaż podtynkowy z zabudową.	kpl	Dmontaz zabudowy z gk	m²	inna
Demontaże stelaż podtynkowy z zabudową.	kpl	Montaż szynoprzewodów podtynkowych	mb	inna
Mechaniczne przebijanie otworów w ścianach lub stropach z cegły o długości przebicia do 1 ceg. - śr. rury do 40 mm	szt	Mechaniczne przebijanie otworów w ścianach lub stropach żelbetowych o długości przebicia do 100 cm - śr. rury do 60 mm	kpl	inna
Mechaniczne przebijanie otworów w ścianach lub stropach z cegły o długości przebicia do 1 ceg. - śr. rury do 40 mm	szt	Przebijanie otworów w ścianach z cegły o średnicy do 100mm na głębokośc do 50cm	szt	inna
Mechaniczne przebijanie otworów w ścianach lub stropach z cegły o długości przebicia do 1 ceg. - śr. rury do 40 mm	szt	Przebijanie otworów w stropach  o średnicy do 100mm na głębokośc do 50cm	szt	inna
Mechaniczne przebijanie otworów w ścianach lub stropach żelbetowych o długości przebicia do 100 cm - śr. rury do 60 mm	kpl	Przebijanie otworów w stropach  o średnicy do 100mm na głębokośc do 50cm	szt	inna
Mechaniczne przebijanie otworów w ścianach lub stropach żelbetowych o długości przebicia do 100 cm - śr. rury do 60 mm	kpl	Przebijanie otworów w ścianach z cegły o średnicy do 100mm na głębokośc do 50cm	szt	inna
Przebijanie otworów w stropach o średnicy do 100 mm na głębokość do 50 cm	szt	Przebijanie otworów w ścianach z cegły o średnicy do 100mm na głębokośc do 50cm	szt	inna
Przebijanie otworów w stropach o średnicy do 100 mm na głębokość do 50 cm	szt	Mechaniczne przebijanie otworów w ścianach lub stropach żelbetowych o długości przebicia do 100 cm - śr. rury do 60 mm	kpl	inna
Przebijanie otworów w ścianach z cegły o średnicy do 100 mm na głębokość do 50 cm	szt	Przebijanie otworów w stropach  o średnicy do 100mm na głębokośc do 50cm	szt	inna
Przebijanie otworów w ścianach z cegły o średnicy do 100 mm na głębokość do 50 cm	szt	Mechaniczne przebijanie otworów w ścianach lub stropach żelbetowych o długości przebicia do 100 cm - śr. rury do 60 mm	kpl	inna
Skucie glifu przy oknie	mb	skucie gifu przy oknie	kpl	ta-sama
Skuwanie płytek balkon	m²	skuwanie betonu	mb	inna
Skuwanie sufitu żelbet	m²	skuwanie tynku sufit	m2	inna
Skuwanie sufitu żelbet	m²	Malowanie sufitu	m²	inna
Skuwanie sufitu żelbet	m²	Skuwanie tynku ze ścian i sufitów	m²	inna
Skuwanie sufitu żelbet	m²	Szlifowanie sufitu	m²	inna
Skuwanie sufitu żelbet	m²	skuwanie betonu	mb	inna
Skuwanie sufitu żelbet	m²	Malowanie sufitu w kolor	m2	inna
Szlifowanie lakieru	m²	Szlifowanie ścian	m²	inna
Szlifowanie lakieru	m²	Szlifowanie sufitu	m²	inna
Usunięcie silikonu	mb	Usunięcie futryn	kpl	inna
Usunięcie silikonu	mb	Silikonowanie	mb	inna
Usuwanie papy z podłogi	m²	usuwanie kleju z podłóg po linoleum	m2	inna
Usuwanie papy z podłogi	m²	Usuwanie podłogi pływającej panele etc.	m²	inna
Usuwanie papy z podłogi	m²	Gruntowanie podłóg	m²	inna
Usuwanie papy z podłogi	m²	usuwanie podłogi drewnianej na klej	m2	inna
Usuwanie wykładzin klejonych	m²	Układanie paneli winylowych na klej	m²	inna
Wykuwanie wnęki pod półeczkę w ścianie + obróbka z gk - materiał miękki	szt	wykuwanie wneki na półke + obrobka	kpl	ta-sama
Zabezpieczenia mebli, podłóg, okien, drzwi i elementów niezbędnych do prac. Demontaż gniazd, włączników, lamp, karniszy etc. Zabezpieczenie sprzętów i wszelkich niezbędnych elementów. Oklejanie do malowania etc. Zabezpieczanie elementów już wykonanych, glazura zabudowy etc.	kpl	Zabezpieczenia mebli, podłóg, okien, drzwi i elementów niezbędnych do prac. Demontaż gniazd, włączników, lamp, karniszy etc. Zabezpieczenie sprzętów i wszelkich niezbędnych elementów. Oklejanie do malowania etc. Zabezpieczanie elementów już wykonanych, glazura zabudowy etc.	m²	ta-sama
Zabezpieczenia mebli, podłóg, okien, drzwi i elementów niezbędnych do prac. Demontaż gniazd, włączników, lamp, karniszy etc. Zabezpieczenie sprzętów i wszelkich niezbędnych elementów. Oklejanie do malowania etc. Zabezpieczanie elementów już wykonanych, glazura zabudowy etc.	kpl	Zabezpieczenia mebli, podłóg, okien, drzwi i elementów niezbędnych do prac. Zabezpieczanie elementów już wykonanych, glazura zabudowy etc. Dbanie o porządek w trakcie trwania całego remontu.	m²	inna
Zabezpieczenia mebli, podłóg, okien, drzwi i elementów niezbędnych do prac. Demontaż gniazd, włączników, lamp, karniszy etc. Zabezpieczenie sprzętów i wszelkich niezbędnych elementów. Oklejanie do malowania etc. Zabezpieczanie elementów już wykonanych, glazura zabudowy etc.	kpl	Zabezpieczenia mebli, podłóg, okien, drzwi i elementów niezbędnych do prac. Zabezpieczanie elementów już wykonanych, glazura zabudowy etc. - mieszkanie zamieszkane	m²	inna
wycinanie ścian do 20 cm szerokości	mb	Wyburzanie ścian do 12cm grubości	m2	inna
wycinanie ścian do 20 cm szerokości	mb	Wyburzanie ścian 12-20 cm grubości	m²	inna
Montaż grzejników po malowaniu	szt	Montaż grzejników ponowny	szt	ta-sama
Montaż grzejników po malowaniu	szt	Demontaż grzejników	szt	inna
Montaż grzejników po malowaniu	szt	Demontaż grzejników + ponowny montaż	szt	inna
Montaż grzejników po malowaniu	szt	ponowny montaz grzejnika	szt	ta-sama
Montaż grzejników po malowaniu	szt	Demontaż grzejników trudne	szt	inna
Montaż grzejników po malowaniu	szt	montaz grzalki do grzejnika	szt	inna
Montaż grzejników po malowaniu	szt	montaz boazerii z malowaniem	m2	inna
Montaż grzejników po malowaniu	szt	Montaż grzejnika z zaworami	szt	inna
Montaż i demontaż kratek wentylacyjnych	szt	Montaż kratki wentylacyjnej	kpl	ta-sama
Montaż i demontaż kratek wentylacyjnych	szt	montaz kratek rewizyjnych	szt	inna
Montaż i demontaż kratek wentylacyjnych	szt	montaz i demontaz szafki w kuchni	kpl	inna
Montaż i demontaż kratek wentylacyjnych	szt	montaz wentylatora	szt	inna
Układanie gresu na balkonie format standard od 30x30 do 60x120	m²	Układanie glazury na ścianie format standard od 30x30 do 120x60	m²	inna
Układanie gresu na balkonie format standard od 30x30 do 60x120	m²	Położenie gresu na podłodze format standard od 30x30 do 60x120	m²	inna
Układanie gresu na balkonie format standard od 30x30 do 60x120	m²	układanie glazury na podłodze format standard od 30x30 do 120x60	m2	inna
Układanie gresu na balkonie format standard od 30x30 do 60x120	m²	układanie glazury na ścianie format standard od 30x30 do 120x60 pralnia piwnica	m2	inna
Układanie gresu na balkonie format standard od 30x30 do 60x120	m²	Układanie glazury na podłodze format standard od 30x30 do 120x60 (karo)	m²	inna
Układanie gresu na balkonie format standard od 30x30 do 60x120	m²	układania gresu na podłodze format standard	m2	inna
Układanie gresu na balkonie format standard od 30x30 do 60x120	m²	układanie glazury na ścianie format standard od 10x15	m2	inna
Układanie gresu na balkonie format standard od 30x30 do 60x120	m²	układanie glazury na ścianie format standard od 30x30 do 120x60 - dopasowanie się do obcnych płytek	m2	inna
Ułożenie płytek na balkonach taras wentylowany - wysoki stopień skomplikowania prac. Po okręgu - montaż membrany i wsporników	m²	Montaż ścian GK z wełną mineralną - podwójna płyta obustronnie - wysoki stopień skomplikowania prac	m²	inna
Ułożenie płytek na balkonach taras wentylowany - wysoki stopień skomplikowania prac. Po okręgu - montaż membrany i wsporników	m²	Montaż ścian GK z wełną mineralną - podwójna płyta obustronnie - niski stopień skomplikowania prac	m²	inna
Wymiana kratki wentylacyjnej	kpl	Montaż kratki wentylacyjnej	kpl	inna
Czyste cięcie płytki	mb	ciecie plytek 45 stopni	mb	inna
Czyste cięcie płytki	mb	Szlifowanie krawędzi płytek czyste cięcie	mb	ta-sama
Demontaż + montaż WC podwieszanego	szt	Montaż WC podwieszanego	szt	inna
Demontaż + montaż WC podwieszanego	szt	Montaż WC z podwieszanego / elektrycznego	szt	inna
Demontaż + montaż WC podwieszanego	szt	demontaż sufitów podwieszanych	m2	inna
Demontaż + montaż WC podwieszanego	szt	Demontaż grzejników + ponowny montaż	szt	inna
Demontaż + montaż WC podwieszanego	szt	montaz i demontaz szafki w kuchni	kpl	inna
Demontaż + montaż WC podwieszanego	szt	demontaz montaz listw drzwiowych	kpl	inna
Demontaż + montaż WC podwieszanego	szt	demontaz montaz listw drzwiowych	szt	inna
Demontaż + montaż WC podwieszanego	szt	Montaż i demontaż kratek wentylacyjnych	szt	inna
Demontaż i montaż ościeżnicy bez uszkodzenia	szt	demontaz oscieznic	szt	inna
Dodatek za podcięcie wanny	kpl	dodatek za podciecie pod wanna	kpl	ta-sama
Dodatek za podcięcie wanny	kpl	dodatek za zabudowa wanny	kpl	inna
Fugowanie narożników fugą epoksydową	mb	fugowanie ścian i podłóg fuga epoksydowa	m2	inna
Klejenie winylu na ściany i sufit	m²	Klejenie paneli na sciane	m²	inna
Malowanie płytek	m²	malowanie ??	m2	inna
Malowanie płytek	m²	Malowanie sufitu	m²	inna
Malowanie płytek	m²	Malowanie sztukaterii	mb	inna
Malowanie sufitów i ścian bez glazury	m²	Malowanie sufitów i ścian bez glazury + gładź na suficie	m²	inna
Malowanie sufitów i ścian bez glazury	m²	Malowanie sufitów i ścian bez glazury bez gładzi - farba ceramiczna	m²	ta-sama
Malowanie sufitów i ścian bez glazury	m²	Gruntowanie ścian, sufitów i podłóg	m²	inna
Malowanie sufitów i ścian bez glazury	m²	gruntowanie ścian i sufitów  jednokrotne	m2	inna
Malowanie sufitów i ścian bez glazury	m²	Skuwanie tynku ze ścian i sufitów	m²	inna
Malowanie sufitów i ścian bez glazury	m²	Dwukrotne gruntowanie ścian, sufitów i podłóg	m²	inna
Malowanie sufitów i ścian bez glazury	m²	dwukrotne gruntowanie ścian, sufitów i podłóg		inna
Montaż GK pod LED	m²	Montaż LED	mb	inna
Montaż GK pod LED	m²	Montaż taśm LED	mb	inna
Montaż GK pod LED	m²	Montaż lustra z LED	szt	inna
Montaż GK pod LED	m²	montaż profili ledowych	mb	inna
Montaż GK pod LED	m²	montaz gk na klej	m2	inna
Montaż GK pod LED	m²	Zabudowa gk pod montaż siedziska	kpl	inna
Montaż GK pod LED	m²	zabudowa gk pod tv z led	kpl	inna
Montaż GK pod LED	m²	Montaż i podłączenie taśm LED	mb	inna
Montaż WC kompakt dla niepełnosprawnych	szt	Montaż WC kompakt	szt	inna
Montaż blatu do umywalki minimalna metraż 1mb.	mb	Montaż umywalki blat z konglomertu - do ustalenia	szt	inna
Montaż blatu do umywalki minimalna metraż 1mb.	mb	Montaż baterii do umywalki	szt	inna
Montaż boilera	kpl	Montaż LED	mb	inna
Montaż boilera	kpl	montaż baterii	szt	inna
Montaż boilera	kpl	Montaż zlewu	szt	inna
Montaż boilera	kpl	demontaż baterii	kpl	inna
Montaż boilera	kpl	Montaż TV	kpl	inna
Montaż boilera	kpl	Montaż lustra	szt	inna
Montaż grzejnika elektrycznego podtynkowego	m²	Montaż grzejnika elektrycznego	szt	inna
Montaż grzejnika elektrycznego podtynkowego	m²	Montaż WC z podwieszanego / elektrycznego	szt	inna
Montaż grzejnika elektrycznego podtynkowego	m²	Montaż grzejników ponowny	szt	inna
Montaż grzejnika elektrycznego podtynkowego	m²	Montaż bidetu podtynkowego	szt	inna
Montaż grzejnika elektrycznego podtynkowego	m²	montaż syfonu podtynkowego	kpl	inna
Montaż grzejnika elektrycznego podtynkowego	m²	montaz puszek podtynkowych	szt	inna
Montaż grzejnika elektrycznego podtynkowego	m²	Montaż grzejników po malowaniu	szt	inna
Montaż grzejnika elektrycznego podtynkowego	m²	ponowny montaz grzejnika	szt	inna
Montaż i powieszenie szafek łazienkowych	szt	Montaż i powieszenie szafek	szt	ta-sama
Montaż i powieszenie szafek łazienkowych	szt	Montaż akcesoriów łazienkowych	szt	inna
Montaż i powieszenie szafek łazienkowych	szt	montaz puszek podtynkowych	szt	inna
Montaż kabiny prysznicowej	kpl	Montaż  kabiną prysznicową	kpl	ta-sama
Montaż kabiny prysznicowej	kpl	Montaż kabiny prysznicowej uzywanej	kpl	ta-sama
Montaż kabiny prysznicowej	kpl	Montaż brodzika z kabiną prysznicową	kpl	inna
Montaż kabiny prysznicowej	kpl	Montaz drzwi prysznicowych	kpl	inna
Montaż kabiny prysznicowej	kpl	demontaz kabiny prysznicowej z brodzikiem ( z zachowaniem)	kpl	inna
Montaż kabiny prysznicowej	kpl	Zabudowa piopnow i dodatkowa zabudowa pod montaz kabiny prysznicowej	kpl	inna
Montaż listwa ozdobna z glazury, ćwierćwałek z glazury	mb	Montaż ćwierćwałka lub listwy dekoracyjnej z glazury	mb	ta-sama
Montaż listwy spadkowej	szt	montaz listwy spadkowej	mb	ta-sama
Montaż listwy spadkowej	szt	montaz listwy	mb	inna
Montaż lustra z szafką + skręcenie	szt	Montaż lustra z LED	szt	inna
Montaż lustra z szafką + skręcenie	szt	Montaż lustra z podświetleniem	szt	inna
Montaż lustra z szafką + skręcenie	szt	Montaż lustra	szt	inna
Montaż półki pod prysznicem	szt	Montaz siedziska pod prysnicem	kpl	inna
Montaż półki pod prysznicem	szt	Wykonanie przedścianki pod prysznicem z  półką	szt	inna
Montaż półki pod prysznicem	szt	wykonanie przedścianki pod prysznicem 1 półką	szt	inna
Montaż półki pod prysznicem	szt	wykonanie przedścianki pod prysznicem 1 półką	kpl	inna
Montaż półki pod prysznicem	szt	Wykonanie przedścianki pod prysznicem 2 półki	szt	inna
Montaż półki pod prysznicem	szt	Wykonanie przedścianki pod prysznicem z 3 półkami	szt	inna
Montaż półki pod prysznicem	szt	Wykonanie przedścianki pod prysznicem z 2 półkami	szt	inna
Montaż półki pod prysznicem	szt	Montaz drzwi prysznicowych	kpl	inna
Montaż rewizji na liczniki - plastik	kpl	montaż rewizji na liczniki	kpl	ta-sama
Montaż rewizji na liczniki - plastik	kpl	montaż rewizji na liczniki z glzury	kpl	inna
Montaż rewizji na liczniki - plastik	kpl	montaż rewizji na liczniki z gk 30/30	kpl	inna
Montaż rewizji na liczniki - plastik	kpl	Montaż rewizji z glazury	kpl	inna
Montaż rewizji na liczniki - plastik	kpl	montaz kratki plastikowej	szt	inna
Montaż siedziska prysznicowego	kpl	Montaz siedziska pod prysnicem	kpl	ta-sama
Montaż siedziska prysznicowego	kpl	Montaż  kabiną prysznicową	kpl	inna
Montaż siedziska prysznicowego	kpl	Montaż kabiny prysznicowej	kpl	inna
Montaż siedziska prysznicowego	kpl	Montaż brodzika z kabiną prysznicową	kpl	inna
Montaż siedziska prysznicowego	kpl	Zabudowa gk pod montaż siedziska	kpl	inna
Montaż siedziska prysznicowego	kpl	Montaz drzwi prysznicowych	kpl	inna
Montaż siedziska prysznicowego	kpl	Montaż kabiny prysznicowej uzywanej	kpl	inna
Montaż siedziska prysznicowego	kpl	wykonanie siedziska pod prysznicem 1 półką	szt	inna
Montaż szafki podumywalkowej bez składania	szt	Złożenie i montaż szafki podumywalkowej	szt	inna
Montaż szafki podumywalkowej bez składania	szt	Montaż umywalki nablatowej lub na szafke	szt	inna
Montaż szafki podumywalkowej bez składania	szt	bialy montaz baterii podtynkowej do umywalki	kpl	inna
Montaż szafki podumywalkowej bez składania	szt	bialy montaz baterii podtynkowej do umywalki	klp	inna
Montaż szafki podumywalkowej bez składania	szt	Montaż baterii umywalkowej podtynkowej	szt	inna
Montaż szafki podumywalkowej bez składania	szt	Montaż prostych lamp (bez składania)	szt	inna
Ponowny montaż odpływu liniowego	szt	Montaż szyby stałej do odpływu liniowego	kpl	inna
Ponowny montaż odpływu liniowego	szt	Montaż odpływu liniowego z wypoziomowaniem spadku	kpl	inna
Ponowny montaż odpływu liniowego	szt	ponowny montaz grzejnika	szt	inna
Ponowny montaż odpływu liniowego	szt	Montaż odpływu liniowego z wypoziomowaniem spadku - odpływ jednospadkowy	kpl	inna
Ponowny montaż odpływu liniowego	szt	Montaż grzejników ponowny	szt	inna
Przedścianka pod lustro - wycena indywidualna	kpl	jednostka cena indywidualna w zależności od modelu	kpl	inna
Skucie podłogi i wylanie niżej do 5m2	kpl	Skucie podłogi i wylanie niżej	kpl	ta-sama
Skucie podłogi i wylanie niżej do 5m2	kpl	Skucie posadzki i wylanie na nowo	kpl	inna
Skucie posadzki m2	m²	Skucie posadzki i wylanie na nowo	kpl	inna
Skucie posadzki mb	mb	Skucie posadzki m2	m²	inna
Skucie posadzki mb	mb	Skucie posadzki i wylanie na nowo	kpl	inna
Sufit podwieszany prosty montaż stelaża z płytami	m²	Sufit podwieszany + LED prosty	kpl	inna
Sufit podwieszany prosty montaż stelaża z płytami	m²	demontaż sufitów podwieszanych	m2	inna
Sufit podwieszany z miejscem na led	m²	sufit podwieszany z led	kpl	inna
Sufit podwieszany z miejscem na led	m²	sufit podwieszany z led	m2	ta-sama
Sufit podwieszany z miejscem na led	m²	sufit podwieszany + led	kpl	inna
Sufit podwieszany z miejscem na led	m²	Sufit podwieszany - z wneka na led	m2	ta-sama
Sufit podwieszany z miejscem na led	m²	sufit podwieszany	m2	inna
Sufit podwieszany z miejscem na led	m²	Sufit podwieszany	kpl	inna
Sufit podwieszany z miejscem na led	m²	Sufit podwieszany z LED wg. projektu	kpl	inna
Sufit podwieszany z miejscem na led	m²	Sufit podwieszany + LED prosty	kpl	inna
Tynkowanie/wyrównanie ścian pod układanie glazury + wzmocnienia siatką	m²	Tynkowanie/wyrównanie ścian pod układanie glazury	m²	inna
Tynkowanie/wyrównanie ścian pod układanie glazury + wzmocnienia siatką	m²	Tynkowanie/wyrównanie ścian pod układanie glazury - wklejanie GK	m²	inna
Tynkowanie/wyrównanie ścian pod układanie glazury + wzmocnienia siatką	m²	Tynkowanie/wyrównanie ścian pod układanie glazury - gk przykręcane lub na stelażu	m²	inna
Tynkowanie/wyrównanie ścian pod układanie glazury + wzmocnienia siatką	m²	Tynkowanie ściany lub sufitów - równanie po wyburzeniach + siatka	m²	inna
Tynkowanie/wyrównanie ścian pod układanie glazury + wzmocnienia siatką	m²	tynkowanie/wyrównanie ścian z gk na klej	m2	inna
Wykonanie przedścianek z GK do oświetlenia LED	kpl	Wykonanie przedścianki z wneka pod polki	szt	inna
Wykonanie przedścianek z GK do oświetlenia LED	kpl	Wykonanie przedścianki celem wydłużenia pionu do wanny	szt	inna
Wykonanie przedścianek z GK do oświetlenia LED	kpl	Wykonanie punktów oświetleniowych	szt	inna
Wykonanie przedścianek z GK do oświetlenia LED	kpl	przedscianka pod tv z led	kpl	ta-sama
Wykonanie przedścianek z GK do oświetlenia LED	kpl	Wykonanie przedścianki pod unmywalka	kpl	inna
Wykonanie przedścianek z GK do oświetlenia LED	kpl	przedscianka w korytarzu z led	kpl	ta-sama
Wykonanie przedścianki przy wannie - stworzenie półki pod baterię wannową	kpl	Wykonanie przedścianki przy wannie z 1 półką	szt	ta-sama
Wykonanie przedścianki przy wannie - stworzenie półki pod baterię wannową	kpl	Wykonanie przedścianki pod prysznicem 2 półki	szt	inna
Wykonanie przedścianki przy wannie - stworzenie półki pod baterię wannową	kpl	Wykonanie przedścianki z wneka pod polki	szt	inna
Wykonanie przedścianki przy wannie - stworzenie półki pod baterię wannową	kpl	Wykonanie przedścianki pod prysznicem z  półką	szt	inna
Wykonanie przedścianki przy wannie - stworzenie półki pod baterię wannową	kpl	wykonanie przedścianki pod prysznicem + waanna	szt	inna
Wykonanie przedścianki przy wannie - stworzenie półki pod baterię wannową	kpl	wykonanie przedścianki pod prysznicem 1 półką	szt	inna
Wykonanie przedścianki przy wannie - stworzenie półki pod baterię wannową	kpl	wykonanie przedścianki pod prysznicem 1 półką	kpl	inna
Wykonanie przedścianki przy wannie - stworzenie półki pod baterię wannową	kpl	Wykonanie przedścianki pod prysznicem z 3 półkami	szt	inna
Wykonanie półki z glazury	kpl	Wykonanie półki z glazury z led	kpl	inna
Wykonanie półki z glazury	kpl	wykonanie polek z gk 2szt	klp	inna
Wykonanie półki z glazury	kpl	Wykonanie gładzi po bruzdach	mb	inna
Wykonanie półki z glazury	kpl	cokół z glazury	mb	inna
Wykonanie półki z glazury	kpl	układanie glazury	m2	inna
Wykonanie półki z glazury	kpl	Wykonanie przedścianki z wneka pod polki	szt	inna
Wykonanie półki z glazury	kpl	Wykonanie przedścianki pod prysznicem 2 półki	szt	inna
Wymiana drzwi prysznicowych	kpl	Montaz drzwi prysznicowych	kpl	inna
Wymiana drzwi prysznicowych	kpl	scianka pod drzwi prysznicowa	kpl	inna
Wymiana drzwi prysznicowych	kpl	wymiana sylikonu kabina prysznicowa	kpl	inna
Wymiana silikonu kabina prysznicowa	kpl	Montaż  kabiną prysznicową	kpl	inna
Wymiana silikonu kabina prysznicowa	kpl	Montaż brodzika z kabiną prysznicową	kpl	inna
Wyrównanie ścian pod układanie glazury - klejenie płyt gk	m²	Tynkowanie/wyrównanie ścian pod układanie glazury - wklejanie GK	m²	ta-sama
Wyrównanie ścian pod układanie glazury - klejenie płyt gk	m²	Tynkowanie/wyrównanie ścian pod układanie glazury	m²	inna
Wyrównanie ścian pod układanie glazury - klejenie płyt gk	m²	Tynkowanie/wyrównanie ścian pod układanie glazury - gk przykręcane lub na stelażu	m²	inna
Wyrównanie ścian pod układanie glazury - klejenie płyt gk	m²	Układanie glazury na ścianie format standard	m²	inna
Wyrównanie ścian pod układanie glazury - klejenie płyt gk	m²	układanie glazury na ścianie format standard od 10x15	m2	inna
Wyrównanie ścian pod układanie glazury - stelaż z płytami gk	m²	Tynkowanie/wyrównanie ścian pod układanie glazury - gk przykręcane lub na stelażu	m²	ta-sama
Wyrównanie ścian pod układanie glazury - stelaż z płytami gk	m²	Tynkowanie/wyrównanie ścian pod układanie glazury	m²	inna
Wyrównanie ścian pod układanie glazury - stelaż z płytami gk	m²	Tynkowanie/wyrównanie ścian pod układanie glazury - wklejanie GK	m²	inna
Wyrównanie ścian pod układanie glazury - stelaż z płytami gk	m²	Układanie glazury na ścianie format standard	m²	inna
Wyrównanie ścian pod układanie glazury - stelaż z płytami gk	m²	układanie glazury na ścianie format standard od 10x15	m2	inna
Zmiana grzejnika z rozkuciem i zmianą rozstawu	kpl	Rozkucie i zatynkowanie podejść grzejnikowych + zmiana rozstawu podejść	kpl	ta-sama
wklejanie plyltky w odpływ liniowy	kpl	wklejanie plytek malych w odplyw liniowy	kpl	ta-sama
Montaż WC kompakt	szt	demontaż kominka	kpl	inna
Montaż WC kompakt	szt	Montaż wieszaków?	kpl	inna
Montaż WC kompakt	szt	Montaż TV	kpl	inna
Dodatek za płyty akustyczne	m²	dodatek za luki z plytki	kpl	inna
Folia paroizolacyjna ściany i sufity + silikon dookoła na ścianach	m²	Folia paroizolacijna sciany i sufity	m²	ta-sama
GK na ścianie pod LED cena m2	m²	GK na ścianie pod LED	kpl	ta-sama
Gładzie w miejscach po spękaniach - miejscowe naprawy	m²	gładzie w miejscach po spękaniach	m²	ta-sama
Gładzie w miejscach po spękaniach - miejscowe naprawy	m²	gładzie w miejscach po spękaniach	mb	ta-sama
Gładzie w miejscach po spękaniach - miejscowe naprawy	m²	Gładzie w miejscach po spękaniach lub wypelnienie dylatacji	m²	ta-sama
Malowanie agregatem 1 kolor	m²	Malowanie ścian w kolorze	m2	inna
Malowanie glifów	mb	malowanie ??	m2	inna
Malowanie glifów	mb	Malowanie sufitu	m²	inna
Malowanie glifów	mb	Szlifowanie ścian	m²	inna
Malowanie glifów	mb	Szlifowanie sufitu	m²	inna
Malowanie glifów	mb	gladz na glifach z malowaniem	mb	inna
Montaż GK na glifach	mb	montaz gk na klej	m2	inna
Montaż GK na glifach	mb	Montaż TV	kpl	inna
Montaż płyt GK na klej na suficie + dyble	m²	montaż płyt gk w na klej na ścianach	m2	inna
Montaż płyt GK na klej na suficie + dyble	m²	montaz gk na klej	m2	inna
Otwory w ścianach murowanych - ułożenie nadproży stalowych	mb	Montaż nadproży w nowo murowanej ścianie	szt	inna
Poprawki szpachlarskie na reszcie ścian (większe ubytki)	m²	Poprawki ścian szpachlowanie/szlifowanie	m²	ta-sama
Poprawki szpachlarskie w całym mieszkaniu - drobne ubytki	m²	Poprawki szpachlarskie w całym mieszkaniu	m²	ta-sama
Sufit podwieszany - każdy projekt wyceniany osobno	m²	Sufit podwieszany z LED wg. projektu	kpl	inna
Sufit podwieszany armstrong - wysoki stopień skomplikowania prac	m²	Układanie parkietu jodełka - wysoki stopień skomplikowania prac	m²	inna
Sufit podwieszany armstrong - wysoki stopień skomplikowania prac	m²	Układanie paneli winylowych wysoki stopień skomplikowania prac, jodełka	m²	inna
Sufit podwieszany armstrong - wysoki stopień skomplikowania prac	m²	Układanie paneli winylowych niski stopień skomplikowania parc	m2	inna
Sufit podwieszany armstrong - wysoki stopień skomplikowania prac	m²	Montaż ścian GK z wełną mineralną - podwójna płyta obustronnie - wysoki stopień skomplikowania prac	m²	inna
Sufit podwieszany armstrong niski stopień skomplikowania prac	m²	Układanie paneli winylowych niski stopień skomplikowania parc	m2	inna
Sufit podwieszany armstrong niski stopień skomplikowania prac	m²	Układanie paneli laminowanych niski stopień skomplikowania prac	m²	inna
Sufit podwieszany armstrong niski stopień skomplikowania prac	m²	Układanie parkietu jodełka - wysoki stopień skomplikowania prac	m²	inna
Sufit podwieszany armstrong niski stopień skomplikowania prac	m²	Układanie paneli winylowych wysoki stopień skomplikowania prac, jodełka	m²	inna
Sufit podwieszany m-system	m²	sufit podwieszany	m2	inna
Sufit podwieszany m-system	m²	Sufit podwieszany	kpl	inna
Sufit podwieszany m-system	m²	sufit podwieszany z led	kpl	inna
Sufit podwieszany m-system	m²	sufit podwieszany + led	kpl	inna
Sufit podwieszany m-system	m²	sufit podwieszany z led	m2	inna
Sufit podwieszany m-system	m²	Sufit podwieszany pod prysznicem	kpl	inna
Sufit podwieszany m-system	m²	Sufit podwieszany + LED prosty	kpl	inna
Sufit podwieszany m-system	m²	demontaż sufitów podwieszanych	m2	inna
Sufit podwieszany w wiatrołapie	kpl	sufit podwieszany	m2	inna
Sufit podwieszany w wiatrołapie	kpl	Sufit podwieszany	kpl	inna
Sufit podwieszany w wiatrołapie	kpl	sufit podwieszany z led	kpl	inna
Sufit podwieszany w wiatrołapie	kpl	sufit podwieszany + led	kpl	inna
Sufit podwieszany w wiatrołapie	kpl	sufit podwieszany z led	m2	inna
Sufit podwieszany w wiatrołapie	kpl	Sufit podwieszany + LED prosty	kpl	inna
Sufit podwieszany w wiatrołapie	kpl	Sufit podwieszany z LED wg. projektu	kpl	inna
Sufit podwieszany w wiatrołapie	kpl	Sufit podwieszany - z wneka na led	m2	inna
Szlifowanie/matowienie ścian	m²	Szlifowanie ścian	m²	ta-sama
Szlifowanie/matowienie ścian	m²	Szlifowanie/usuwanie subitu	m²	inna
Szlifowanie/matowienie ścian	m²	gruntowanie + szlifowanie tynku	m2	inna
Szlifowanie/matowienie ścian	m²	Poprawki ścian szpachlowanie/szlifowanie	m²	inna
Szlifowanie/matowienie ścian	m²	tapetowanie scian	m2	inna
Szlifowanie/matowienie ścian	m²	Szlifowanie posadzki lub ścian do 1 cm	m²	inna
Układanie wełny 10 cm na suficie	m²	ukladanie welny	mb	inna
Układanie wełny 10 cm na suficie	m²	Układanie wełny podwójne 10 cm bez folii	m²	inna
Układanie wełny w ścianach	m²	ukladanie welny	mb	inna
Układanie wełny w ścianach	m²	ukladanie plytek na ścianie	m2	inna
Wypełnianie dylatacji uniflot	mb	wypełnianie dylatacji	mb	ta-sama
Zamurowanie otworu drzwiowego na klatkę	m²	Przesuniecie otworu drzwiowego  murowanie	szt.	inna
Zamurowanie otworu drzwiowego na klatkę	m²	Wybicie otworu drzwiowego z montażem nadproża + murowanie	szt	inna
Zamurowanie otworu drzwiowego na klatkę	m²	Przesunięcie otworu drzwiowego z montażem nadproża + murowanie	szt	inna
Zamurowanie otworu drzwiowego na klatkę	m²	wybicie otworu drzwiowego	szt.	inna
Zamurowanie otworu drzwiowego na klatkę	m²	zmniejsznie otworu drzwiowego	szt	inna
Zamurowanie otworu drzwiowego na klatkę	m²	zmniejszenie otworu drzwiowego		inna
Zamurowanie otworu drzwiowego na klatkę	m²	zmniejszenie otworu drzwiowego	szt	inna
Zamurowanie otworu drzwiowego na klatkę	m²	Przesunięcie otworu drzwiowego z montażem nadproża + murowanie - kuchnia	szt	inna

# stare arkusze — pary z nazw sprzed aplikacji (ręczna ocena 2026-10-06)
Ułożenie płytek na kominku - wycena indywidualna	m²	ułożenie płytek na kominku + fuga	m2	ta-sama
Doprowadzenie przewodu 3-fazowego do rozdzielni, wniosek do E.ON, wymiana bezpiecznika przedlicznikowego i przygotowanie instalacji	kpl	doprowadzenie przewodu 3 fazowego do rozdzielni, wniosek do eon, wymiana bezpiecznika przedlicznikowego i przygotowanie instalacji	szt	ta-sama
Doprowadzenie przewodu 3-fazowego do rozdzielni, wniosek do E.ON, wymiana bezpiecznika przedlicznikowego i przygotowanie instalacji	kpl	doprowadzenie przewodu 3 fazowego do rozdzielni, wniosek do eon, wymiana bezpiecznika przedlicznikowego i przygotowanie instalacji		ta-sama
Likwidacja punktu elektrycznego	szt	likwidacja punktu elektr.	szt	ta-sama
Lutowanie taśm LED	pkt	Lutowanie taśm ledowych	kpl	ta-sama
Lutowanie taśm LED	pkt	montaż taśm ledowych z lutowaniem	pkt	ta-sama
Montaż domofonu	szt	montaż domofonu	kpl	ta-sama
Montaż domofonu	szt	montaż wideofon	kpl	inna
Montaż domofonu	szt	montaż dzwonka	kpl	inna
Montaż domofonu	szt	motnaz TV	szt	inna
Montaż gniazda TV i internet	szt	Montaż gniazdek i wyłączników, gniazd tv	szt	inna
Montaż gniazda TV i internet	szt	Montaż gniazdek i wyłączników + lokalizacja	szt	inna
Montaż gniazdek i włączników	szt	Montaż gniazdek i wyłączników, gniazd tv	szt	ta-sama
Montaż gniazdek i włączników	szt	Montaż gniazdek i wyłączników + lokalizacja	szt	ta-sama
Montaż kinkietów	szt	montaz kinkietu w lazience	szt	ta-sama
Montaż kinkietów	szt	Montaż kabiny ściętej	kpl	inna
Montaż kinkietów	szt	motnaz TV	szt	inna
Montaż lamp ze składaniem (trudne)	szt	montaz lamp ze skladaniem	szt	ta-sama
Montaż listew LED	mb	montaz gk pod led	m2	inna
Montaż listew LED + taśm LED	kpl	montaż taśm ledowych z lutowaniem	pkt	inna
Montaż listew LED + taśm LED	kpl	montaz gk pod led	m2	inna
Montaż okapu i podłączenie do wentylacji	kpl	montaż wentylacji	mb	inna
Montaż okapu i podłączenie do wentylacji	kpl	zrobienie otworu i montaz wentylacji w kotlowni	szt	inna
Montaż okapu i podłączenie do wentylacji	kpl	montaż wentylatorów	szt	inna
Montaż okapu i podłączenie do wentylacji	kpl	montaz wentylatora lazienkowego	klp	inna
Montaż profili LED podtynkowych w suficie	mb	montaż syfonuów podtynkowych	kpl	inna
Montaż profili LED podtynkowych w suficie	mb	Montaż pprofili świetlnych do oswietlenia LED w sufitach podwieszanych	mb	ta-sama
Montaż profili LED podtynkowych w suficie	mb	montaz gk pod led	m2	inna
Montaż prostych lamp (bez składania)	szt	montaz lamp ze skladaniem	szt	inna
Montaż przedłużek elektr.	szt	montaz przedlozek	szt	inna
Montaż przedłużek elektr.	szt	montaż sedesu elektrycznego	szt	inna
Montaż przedłużek elektr.	szt	Montaż grzejnika elektrycznego podtynkowego	szt	inna
Montaż puszek elektrycznych	pkt	montaz przedlozek elektr.	szt	inna
Montaż puszek elektrycznych	pkt	montaż sedesu elektrycznego	szt	inna
Montaż puszek elektrycznych	pkt	montaz puszki elektr. bez wiercenia otworu	szt	inna
Montaż puszek elektrycznych	pkt	Montaż grzejnika elektrycznego podtynkowego	szt	inna
Montaż puszki elektrycznej bez wiercenia otworu	szt	wiercienie otworow pod puszke w farmacell/gk (bez montazu puszki)	szt	inna
Montaż szynoprzewodów natynkowych	mb	montaż syfonuów podtynkowych	kpl	inna
Montaż taśm LED	mb	montaż taśm ledowych z lutowaniem	pkt	inna
Montaż taśm LED	mb	montaz gk pod led	m2	inna
Montaż taśm LED	mb	motnaz TV	szt	inna
Montaż transformatorów	szt	montaż transformatorów	kpl	ta-sama
Montaż transformatorów	szt	montaż wentylatorów	szt	inna
Montaż transformatorów	szt	motnaz TV	szt	inna
Montaż uchwytu TV	kpl	motnaz TV	szt	ta-sama
Montaż wentylatora łazienkowego	kpl	montaz wentylatora lazienkowego	klp	ta-sama
Montaż wentylatora łazienkowego	kpl	montaż wentylatorów	szt	ta-sama
Montaż wentylatora łazienkowego	kpl	montaż wentylacji	mb	inna
Montaż wentylatora łazienkowego	kpl	montaz kratek wentylacyjnych	szt	inna
Montaż wentylatora łazienkowego	kpl	montaz kinkietu w lazience	szt	inna
Montaż wiatraków elektrycznych	szt	montaż sedesu elektrycznego	szt	inna
Montaż wiatraków elektrycznych	szt	Montaż grzejnika elektrycznego podtynkowego	szt	inna
Montaż wiatraków elektrycznych	szt	montaz przedlozek elektr.	szt	inna
Montaż wideofonu	kpl	montaż domofonu	kpl	inna
Montaż wideofonu	kpl	motnaz TV	szt	inna
Montaż włączników schodowych/krzyżowych	szt	montaz schodow strychowych	szt	inna
Montaż/Przebudowa rozdzielni elektrycznej wraz z bezpiecznikami - do 12 modułów	kpl	Przebudowa skrzynki elektrycznej wraz z bezpiecznikami - do 12 modułów	kpl	ta-sama
Montaż/Przebudowa rozdzielni elektrycznej wraz z bezpiecznikami - do 12 modułów	kpl	Przebudowa skrzynki elektrycznej, dołożenie 1 bezpieczenika	szt	inna
Montaż/Przebudowa rozdzielni elektrycznej wraz z bezpiecznikami - do 18 modułów	kpl	Przebudowa skrzynki elektrycznej wraz z bezpiecznikami - do 12 modułów	kpl	inna
Montaż/Przebudowa rozdzielni elektrycznej wraz z bezpiecznikami - do 18 modułów	kpl	Przebudowa skrzynki elektrycznej, dołożenie 1 bezpieczenika	szt	inna
Montaż/Przebudowa rozdzielni elektrycznej, dołożenie 1 bezpiecznika	szt	Przebudowa skrzynki elektrycznej, dołożenie 1 bezpieczenika	szt	ta-sama
Montaż/Przebudowa rozdzielni elektrycznej, dołożenie 1 bezpiecznika	szt	Przebudowa skrzynki elektrycznej wraz z bezpiecznikami - do 12 modułów	kpl	inna
Montaż/przebudowa rozdzielni elektrycznej wraz z bezpiecznikami - do 24 modułów	kpl	Przebudowa skrzynki elektrycznej wraz z bezpiecznikami - do 12 modułów	kpl	inna
Montaż/przebudowa rozdzielni elektrycznej wraz z bezpiecznikami - do 24 modułów	kpl	Przebudowa skrzynki elektrycznej, dołożenie 1 bezpieczenika	szt	inna
Wiercenie otworów pod puszkę w fermacell/GK (bez montażu puszki)	szt	montaz puszki elektr. bez wiercenia otworu	szt	inna
Wykonanie/przesunięcie punktów elektrycznych, gniazdka i włączniki, wiercenie otworu pod puszkę, montaż puszki, doprowadzenie kabla	szt	Wykonanie/przesunięcie punktów elektrycznych oraz lan :gniazdka i włączniki, wiercenie otworu pod puszke, montaż puszki, doprowadzenie kabla	szt	ta-sama
Wykonanie/przesunięcie punktów elektrycznych, gniazdka i włączniki, wiercenie otworu pod puszkę, montaż puszki, doprowadzenie kabla	szt	Wykonanie/przesunięcie punktów elektrycznych, internetowych, tv :gniazdka i włączniki, wiercenie otworu pod puszke, montaż puszki, doprowadzenie kabla	szt	ta-sama
Likwidacja punktów wod-kan	pkt	likwidacja punktu elektr.	szt	inna
Montaż filtra wody	szt	Montaż zestawu filtrowania wody	kpl	ta-sama
Montaż grzejników dekoracyjnych z zaworami	szt	Montaż grzejników dekoracyjnych	szt	ta-sama
Montaż grzejników dekoracyjnych z zaworami	szt	montaż grzejnika z zaworami	kpl	inna
Montaż grzejników dekoracyjnych z zaworami	szt	Montaż grzejnika	szt	inna
Montaż przedłużek	szt	montaz przedlozek elektr.	szt	inna
Montaż przedłużek	szt	motnaz TV	szt	inna
Montaż zaworów przelotowych albo zwrotnych do wody zimnej lub ciepłej o śr. 20 mm lub zawory przelotowe kulowe instalacji wodociągowych z rur z tworzyw sztucznych o śr. nominalnej 20 mm	szt	Próba szczelności instalacji wodociągo- wych z rur z tworzyw sztucznych w bu- dynkach niemieszkalnych (rurociąg o śr. do 63 mm)	kpl	inna
Przebudowa/doprowadzenie/wymiana instalacji wod-kan w kuchni	pkt	Przebudowa/doprowadzenie/wymiana instalacji wod-kan do pralki i suszarki	pkt	inna
Przebudowa/doprowadzenie/wymiana instalacji wod-kan w kuchni	pkt	Przebudowa/doprowadzenie/wymiana - przeniesieni wodomierzy	kpl	inna
Próba szczelności instalacji centralnego ogrzewania w budynkach mieszkalnych - próba wodna ciśnieniowa	kpl	Próba szczelności instalacji wodociągo- wych z rur z tworzyw sztucznych w bu- dynkach niemieszkalnych (rurociąg o śr. do 63 mm)	kpl	inna
Bruzdowanie pod rury żelbet	mb	bruzowanie zelbet pod karnisz w suficie	mb	inna
Montaż klimatyzacji + uruchomienie	kpl	Demontaż klimatyzacji- typu splity	szt	inna
Montaż syfonu klimatyzacji natynkowo	kpl	Demontaż klimatyzacji- typu splity	szt	inna
Montaż syfonu podtynkowego z wkuciem w ścianę	kpl	montaż syfonuów podtynkowych	kpl	ta-sama
Wykonanie punktu elektrycznego	szt	likwidacja punktu elektr.	szt	inna
Montaż AGD: lodówka, zmywarka, płyta, piekarnik	szt	montaż AGD, lodówka, zmywarka, płyta, okap, piekarnik	kpl	ta-sama
Montaż LED	mb	montaz gk pod led	m2	inna
Montaż LED	mb	motnaz TV	szt	inna
Montaż baterii zlewozmywakowej	szt	montaż baterii wannowe wolnostojącej	szt	inna
Montaż blatu kuchennego laminowanego	mb	montaz kamiennego blatu	szt	inna
Montaż blatu kuchennego laminowanego	mb	montaz blatu kuchennego z wyciecem otworu pod zlew	kpl	ta-sama
Montaż blatu kuchennego laminowanego	mb	montaz blatu do umywalki	kpl	inna
Montaż blatu kuchennego laminowanego	mb	montaz blatu z docinaniem	kpl	ta-sama
Montaż oświetlenia LED	szt	montaz gk pod led	m2	inna
Montaż oświetlenia LED	szt	wykonanie przedścianek z gk do oświetlenia led	kpl	inna
Montaż syfonu	szt	montaż domofonu	kpl	inna
Montaż syfonu	szt	montaż wideofon	kpl	inna
Montaż syfonu	szt	motnaz TV	szt	inna
Montaż zlewu	szt	motnaz TV	szt	inna
Montaż zlewu	szt	montaz peszla	kpl	inna
Montaż zlewu	szt	montaz telewizora	szt	inna
Montaż zlewu	szt	montaż boilera	kpl	inna
Montaż zlewu z wywierceniem otworu	szt	montaz blatu kuchennego z wyciecem otworu pod zlew	kpl	inna
Montaż zlewu z wywierceniem otworu	szt	montaz puszki elektr. bez wiercenia otworu	szt	inna
Podłączenie indukcji	szt	podlaczenie indukcji i plyty gazowej	szt	ta-sama
Podłączenie indukcji	szt	podłączenie rozdzielni	kpl	inna
Podłączenie piekarnika	szt	podłączenie rozdzielni	kpl	inna
Podłączenie zmywarki	szt	podłączenie rozdzielni	kpl	inna
Położenie płytek między szafkami - mozaika	m²	położenie płytek między szafkami z fugowaniem	m2	inna
Położenie płytek między szafkami format standard od 30x30 do 60x120	m²	położenie płytek między szafkami z fugowaniem	m2	ta-sama
Położenie płytek między szafkami mały format cegiełki itp.	m²	położenie płytek między szafkami z fugowaniem	m2	inna
Układanie glazury na ścianie format standard	m²	układanie glazury na ścianie format standard 7x25	m2	ta-sama
Układanie glazury na ścianie format standard	m²	układanie glazury na ścianie format duży 100x100	m2	inna
Układanie gresu 120x120	m²	ukladanie gresu na balkonie	m2	inna
Wentylacja w kuchni - wycena indywidualna	kpl	wykonanie wentylacji do kuchni	kpl	ta-sama
Wkucie płytek w ścianę, zlicowanie + obróbka	m²	wkucie płytek w ściane. zlicowanie + obróļka	kpl	ta-sama
Wzmocnienie płytą OSB pod szafki kuchenne min. m2	m²	wzmocnienie płytą osb pod szafki kuchenne	kpl	ta-sama
Dopasowanie otworu drzwiowego - powiększenie otworu	kpl	poszerzanie otworu drzwiowych	szt	ta-sama
Dopasowanie otworu drzwiowego - powiększenie otworu	kpl	Powiększanie otworów drzwiowych	szt.	ta-sama
Dopasowanie otworów pod montaż drzwi - zmniejszenie otworu	szt	dopasowanie otworow pod montaz drzwi	szt	ta-sama
Dopasowanie otworów pod montaż drzwi - zmniejszenie otworu	szt	dopasowanie otworow drzwi	kpl	ta-sama
Dopasowanie otworów pod montaż drzwi - zmniejszenie otworu	szt	zmniejszenie otworu drzwi w garazu	kpl	ta-sama
Dopasowanie otworów pod montaż drzwi - zmniejszenie otworu	szt	zmniejszanie otworów drzwiowych	szt	ta-sama
Malowanie drzwi dwustronne	szt	malowanie drzwi	szt	ta-sama
Malowanie futryn drzwi wejściowych + drzwi	kpl	usunięcie metalowych futryn z drzwi wejściowych	kpl	inna
Malowanie futryn drzwi wejściowych + drzwi	kpl	malowanie drzwi wejsciowych i skrzynek elektrycznych	kpl	ta-sama
Malowanie futryn drzwi wejściowych + drzwi	kpl	malowanie futryn drzwi wejsciowych * duzo obklejania i rzezbienia*	kpl	ta-sama
Malowanie futryn drzwi wejściowych + drzwi	kpl	wstawienie drzwi wejściowych	kpl	inna
Malowanie futryn drzwi wejściowych + drzwi	kpl	malowanie drzwi	szt	inna
Malowanie ościeżnicy na biało	kpl	wyrownanie pod oscieznice	kpl	inna
Malowanie parapetu	mb	wykuwanie parapetów	szt	inna
Malowanie parapetu	mb	sylikonowanie parapetów	kpl	inna
Malowanie parapetu	mb	malowanie plytek	m2	inna
Malowanie parapetu	mb	malowanie barierek	mb	inna
Montaż drzwi do systemu kasetowego	kpl	montaz kasety drzwi	kpl	inna
Montaż drzwi do systemu kasetowego	kpl	montaż systemu przyzywowego w WC NPS	kpl	inna
Montaż drzwi do systemu kasetowego	kpl	montaż drzwi przesuwnych	kpl	inna
Montaż drzwi przesuwnych natynkowych	kpl	montaż drzwi przesuwnych	kpl	ta-sama
Montaż drzwi przesuwnych natynkowych	kpl	demontaż drzwi przesuwnych	kpl	inna
Montaż drzwi przesuwnych natynkowych	kpl	montaz kasety drzwi	kpl	inna
Montaż drzwi, ościeżnic regulowanych, klamek, zamków	szt	Montaż drzwi, ościeżnic regulowanych, klamek, zamków - montaż wcześniej zdjętych drzwi	szt	ta-sama
Montaż drzwi, ościeżnic regulowanych, klamek, zamków	szt	montaż ościeżnicy z drzwiami i klamkami	szt	ta-sama
Montaż drzwi, ościeżnic stałych, klamek, zamków	szt	montaż ościeżnicy z drzwiami i klamkami	szt	inna
Montaż drzwi, ościeżnic stałych, klamek, zamków	szt	Montaż drzwi, ościeżnic regulowanych, klamek, zamków - montaż wcześniej zdjętych drzwi	szt	inna
Montaż kasety pod drzwi przesuwne	szt	montaz kasety drzwi	kpl	ta-sama
Montaż kasety pod drzwi przesuwne	szt	montaż drzwi przesuwnych	kpl	inna
Montaż kasety pod drzwi przesuwne	szt	demontaż drzwi przesuwnych	kpl	inna
Montaż klamek okiennych	szt	montaż klamek	szt	inna
Montaż klamek okiennych	szt	montaz kratek wentlacyjnych	szt	inna
Montaż klamek okiennych	szt	montaz kratek wentylacyjnych	szt	inna
Montaż klamek okiennych	szt	skladanie i montaz mebli kuchennych	kpl	inna
Montaż parapetów	mb	montaz peszla	kpl	inna
Montaż parapetów	mb	sylikon do parapetow	mb	inna
Montaż parapetów	mb	demontaż paneli	m2	inna
Montaż parapetów kamiennych	mb	montaz paneli sciennych	m2	inna
Montaż parapetów kamiennych	mb	montaz klamek okiennych	szt	inna
Montaż parapetów kamiennych	mb	montaz kamiennego blatu	szt	inna
Montaż podwójnych drzwi przesuwnych	kpl	montaż drzwi przesuwnych	kpl	inna
Montaż podwójnych drzwi przesuwnych	kpl	demontaż drzwi przesuwnych	kpl	inna
Montaż podwójnych drzwi przesuwnych	kpl	montaz kasety drzwi	kpl	inna
Montaż progu drzwi wejściowych	szt	Montaż progu drzwi wejściowych z podbudowaniem	szt	ta-sama
Montaż progu drzwi wejściowych	szt	wstawienie drzwi wejściowych	kpl	inna
Montaż progu drzwi wejściowych	szt	montaż drzwi przesuwnych	kpl	inna
Montaż progu drzwi wejściowych	szt	demontaż drzwi przesuwnych	kpl	inna
Montaż progu drzwi wejściowych	szt	Montaż ościeża drzwi wejściowych z płyt gipsowo-kartonowych	mb	inna
Montaż progu drzwi wejściowych	szt	montaz kasety drzwi	kpl	inna
Poszerzenie otworów drzwi	szt	p0szerzenie otworu drzwi w wc	kpl	ta-sama
Poszerzenie otworów drzwi	szt	poszerzanie otworu drzwiowych	szt	ta-sama
Poszerzenie otworów drzwi	szt	Powiększanie otworów drzwiowych	szt.	ta-sama
Poszerzenie otworów drzwi	szt	dopasowanie otworow drzwi	kpl	inna
Renowacja parapetów	kpl	sylikonowanie parapetów	kpl	inna
Renowacja parapetów	kpl	wykuwanie parapetów	szt	inna
Silikonowanie parapetu	mb	sylikonowanie parapetów	kpl	ta-sama
Silikonowanie parapetu	mb	malowanie parapetu	mb	inna
Silikonowanie parapetu	mb	wykuwanie parapetów	szt	inna
Silikonowanie parapetu	mb	sylikonowanie narożników	mb	inna
Wstawienie drzwi wejściowych	kpl	usunięcie metalowych futryn z drzwi wejściowych	kpl	inna
Wstawienie drzwi wejściowych	kpl	wymiana drzwi wejściowych z wykuciem starych	szt	ta-sama
Wstawienie drzwi wejściowych	kpl	zmniejszanie otworów drzwiowych	szt	inna
Wstawienie drzwi wejściowych	kpl	Montaż progu drzwi wejściowych z podbudowaniem	szt	inna
Wykończenie wokół parapetów po montażu - tynk, gładź	mb	wykończenie parapetów z konglomeratu, tynk, gładź,	mb	ta-sama
Zmniejszenie otworu drzwiowego	szt	zmniejszenie otworu drzwi w garazu	kpl	ta-sama
Zmniejszenie otworu drzwiowego	szt	poszerzanie otworu drzwiowych	szt	inna
Zmniejszenie otworu drzwiowego	szt	zmniejszanie otworów drzwiowych	szt	ta-sama
Akrylowanie listew przypodłogowych	mb	malowanie listew przypodłogowych	mb	inna
Docięcie i montaż progu w drzwiach wejściowych	szt	Montaż progu drzwi wejściowych z podbudowaniem	szt	ta-sama
Docięcie i montaż progu w drzwiach wejściowych	szt	usunięcie metalowych futryn z drzwi wejściowych	kpl	inna
Docięcie i montaż progu w drzwiach wejściowych	szt	wstawienie drzwi wejściowych	kpl	inna
Docięcie i montaż progu w drzwiach wejściowych	szt	wymiana drzwi wejściowych z wykuciem starych	szt	inna
Dodatek za dopasowanie paneli do ościeżnic	szt	dopasowanie paneli do oscieznic	kpl	ta-sama
Dodatek za dopasowanie paneli do ościeżnic	szt	dodatek za tynkowanie do 5cm	m2	inna
Dodatek za wylewkę samopoziomująca za każdy 1mm/3zł	mm	wylewka smaopoziomująca lazienka do 5mm	m2	inna
Dodatek za wylewkę samopoziomująca za każdy 1mm/3zł	mm	skucie kawałka podłogi oraz wylewka samopoziomująca	mb	inna
Dopłata za zbrojenie siatką	m²	zbrojenie lazienki siatka el.	m2	ta-sama
Frezowanie pod ogrzewanie podłogowe	m²	bruzdowanie pod ogrzewanie podłogowe	mb	ta-sama
Gruntowanie podłóg	m²	gruntowanie plytek	m2	inna
Gruntowanie podłóg	m²	usuwanie papy z podłogi	m2	inna
Hydroizolacja cementowa podłoga 1 warstwa	m²	hydroizolacja cementowa podloga garaz	m2	ta-sama
Klejenie maty kompensacyjnej	m²	klejenie maty kompensacyjnej	mb	ta-sama
Klejenie maty kompensacyjnej	m²	mwklejanie maty kompensacyjnej	m2	ta-sama
Klejenie paneli winylowych jodełka	m²	Układanie paneli winylowych klejonych  jodełka	m2	ta-sama
Klejenie paneli winylowych mijanka	m²	Układanie paneli winylowych klejonych  jodełka	m2	inna
Klejenie paneli winylowych układ prosty,	m²	Układanie paneli winylowych klejonych  jodełka	m2	inna
Montaż listew aluminiowych wokół kominka	mb	montaż listew zakończeniowych	mb	inna
Montaż listew przypodłogowych metalowych	mb	malowanie listew przypodłogowych	mb	inna
Montaż listew przypodłogowych poliuretan lub MDF	mb	malowanie listew przypodłogowych	mb	inna
Montaż listwa pod okno ćwierćwałek	mb	Listwa pod okno cwiercwalek	mb	ta-sama
Montaż listwa pod okno ćwierćwałek	mb	montaz cwiercwalka	szt	inna
Montaż listwa pod okno ćwierćwałek	mb	montaż ćwierćwałków z malowaniem	mb	inna
Montaż płyt OSB na gotowych legarach	m²	montaz plyt osb strych	m2	ta-sama
Montaż płyt OSB na gotowych legarach	m²	montaż  gotowych schodów na antresole	kpl	inna
Montaż rozdzielaczy do ogrzewania	szt	montaz belek w rogach do mocowania	mb	inna
Montaż rozdzielaczy do ogrzewania	szt	montaz rozdzielni teletechnicznej	kpl	inna
Montaż rozdzielaczy do ogrzewania	szt	Montaż rozdzielni wg. projektu	kpl	inna
Montaż ćwierćwałków z malowaniem	mb	montaz cwiercwalka	szt	inna
Ogrzewanie podłogowe elektryczne, montaż maty	m²	Montaż grzejnika elektrycznego podtynkowego	szt	inna
Ogrzewanie podłogowe elektryczne, ułożenie maty + wylewka samopoziomująca	m²	Ogrzewanie podłogowe elektryczne, montaż mat.	m2	inna
Ogrzewanie podłogowe wodne instalacja rur	m²	bruzdowanie pod ogrzewanie podłogowe	mb	inna
Położenie gresu na podłodze (karo) 30x30	m²	Położenie gresu na podłodze + przedpokój	180	inna
Położenie gresu na podłodze (karo) 30x30	m²	Położenie gresu na podłodze + kuchnia  120x120	m2	inna
Położenie gresu na podłodze (karo) 30x30	m²	polozenie gresu napodlodze przedpokoj 120x60	m2	inna
Położenie gresu na podłodze format 120x120	m²	Położenie gresu na podłodze + kuchnia  120x120	m2	ta-sama
Położenie gresu na podłodze format 120x120	m²	polozenie gresu napodlodze przedpokoj 120x60	m2	inna
Położenie gresu na podłodze format mały 20x20	m²	Położenie gresu na podłodze + kuchnia  120x120	m2	inna
Położenie gresu na podłodze wielki format 120x270 itp.	m²	Położenie gresu na podłodze + kuchnia  120x120	m2	inna
Położenie gresu na podłodze wielki format 120x270 itp.	m²	polozenie gresu napodlodze przedpokoj 120x60	m2	inna
Położenie płytek na podłodze 120x120	m²	Położenie gresu na podłodze + kuchnia  120x120	m2	ta-sama
Położenie płytek na podłodze 120x120	m²	polozenie gresu napodlodze przedpokoj 120x60	m2	inna
Położenie płytek na podłodze 120x120	m²	Położenie trawertynu na podłodze parter	m2	inna
Położenie płytek na podłodze 20x20	m²	Położenie trawertynu na podłodze parter	m2	inna
Położenie trawertynu na podłodze	m²	Położenie trawertynu na podłodze parter	m2	ta-sama
Położenie trawertynu na podłodze	m²	Położenie gresu na podłodze + przedpokój	180	inna
Położenie trawertynu na podłodze	m²	Położenie gresu na podłodze + kuchnia  120x120	m2	inna
Położenie trawertynu na podłodze	m²	polozenie gresu napodlodze przedpokoj 120x60	m2	inna
Szpachlowanie i malowanie listew przypodłogowych	mb	malowanie listew przypodłogowych	mb	inna
Szpachlowanie i malowanie listew przypodłogowych	mb	szpachlowanie i malowanie otworow po lampach i karniszach	kpl	inna
Szpachlowanie i malowanie listew przypodłogowych	mb	zaszpachlowanie dziury po mrówkach i pomalowanie	kpl	inna
Szycie dylatacji z dyblami	mb	szycie dylatacji dyblami	mb	ta-sama
Szycie dylatacji z dyblami	mb	szycie dylatacji	2	ta-sama
Układanie gotowych cokołów na balkonach	mb	ukladanie gresu na balkonie	m2	inna
Układanie paneli laminowanych jodełka - wysoki stopień skomplikowania prac	m²	Układanie paneli winylowych wysoki stopień skomplikowania prac - jodełka, dylatacji.	m2	inna
Układanie paneli laminowanych niski stopień skomplikowania prac	m²	Układanie paneli winylowych wysoki stopień skomplikowania prac - jodełka, dylatacji.	m2	inna
Układanie paneli winylowych pływających jodełka wysoki stopień skomplikowania prac	m²	Układanie paneli winylowych wysoki stopień skomplikowania prac - jodełka, dylatacji.	m2	ta-sama
Układanie paneli winylowych pływających jodełka wysoki stopień skomplikowania prac	m²	Układanie paneli winylowych klejonych  jodełka	m2	inna
Układanie paneli winylowych pływających niski stopień skomplikowania prac	m²	Układanie paneli winylowych wysoki stopień skomplikowania prac - jodełka, dylatacji.	m2	inna
Układanie parkietu	m²	Układanie parkietu mijanka	m2	inna
Układanie parkietu + szlifowanie parkietu i lakierowanie + przygotowanie podłoża, wyrównanie i szlifowanie - wycena indywidualna	m²	Układanie parkietu + szlifowanie parkietu i lakierowanie + przygotowanie podłoża, wyrównanie i szlifowanie	m2	ta-sama
Układanie parkietu jodełka - wysoki stopień skomplikowania prac	m²	Układanie paneli winylowych wysoki stopień skomplikowania prac - jodełka, dylatacji.	m2	inna
Układanie parkietu z gruntowaniem mijanka	m²	Układanie parkietu mijanka	m2	ta-sama
Ułożenie gresu na stopniach	szt	wykonanie stopnia z gresu	szt	ta-sama
Ułożenie gresu na stopniach	szt	ulozenie gresu	m2	inna
Ułożenie gresu na stopniach	szt	Położenie gresu 5x15	m2	inna
Ułożenie gresu na stopniach	szt	ulozenie gresu w korytarzu	m2	inna
Wklejanie korka drewnianego między parkiet	mb	wklejanie korka drewnianego na polnaroznik	mb	ta-sama
Wklejanie korka drewnianego między parkiet	mb	wklejanie korka drewnianego na polnaroznik miedzy belek stropowych	mb	ta-sama
Wklejanie maty kompensacyjnej	m²	klejenie maty kompensacyjnej	mb	ta-sama
Wylewka betonowa ok. 3-5 cm	m²	wylewka betonowa ok 3-5cm + styropain	m2	ta-sama
Wylewka samopoziomująca w całym mieszkaniu do 5 mm	m²	wylewka smaopoziomująca w całym mieszkaniu do 12-19mm	m2	ta-sama
Wylewka samopoziomująca w całym mieszkaniu do 5 mm	m²	wylewka smaopoziomująca lazienka do 5mm	m2	ta-sama
Dodatek za wniesienie dużej ilości materiałów 1 zł/kg + 0,3 zł za każde piętro bez windy	kg	dodatek za wniesenie duzej ilosci materialow	kpl	ta-sama
Gładź po płytach między belkami stropowymi + grunt	mb	Montaz profili i plyt farmacell miedzy belek stropowych.+ welna	mb	inna
Malowanie rur i grzejników	kpl	malowanie glifow	mb	inna
Montaż anemostatów	szt	demontaż paneli	m2	inna
Montaż anemostatów	szt	motnaz TV	szt	inna
Montaż gotowej barierki modułowej	mb	montaż gotowej barierki na antresoli	kpl	ta-sama
Montaż gotowych schodów na antresolę	kpl	montaz schodow strychowych	szt	inna
Montaż gotowych schodów na antresolę	kpl	montaż gotowej barierki na antresoli	kpl	inna
Montaż i skręcanie mebli	kpl	skladanie i montaz mebli kuchennych	kpl	ta-sama
Montaż kratek wentylacyjnych	szt	montaz kratek wentlacyjnych	szt	ta-sama
Montaż kratek wentylacyjnych	szt	montaż wentylatorów	szt	inna
Montaż kratek wentylacyjnych	szt	montaż wentylacji	mb	inna
Montaż kratek wentylacyjnych	szt	montaz klamek okiennych	szt	inna
Montaż narożników dekoracyjnych	mb	Montaż grzejników dekoracyjnych	szt	inna
Montaż schodów strychowych	szt	montaż  gotowych schodów na antresole	kpl	inna
Montaż schodów strychowych	szt	montaz plyt osb strych	m2	inna
Montaż wentylacji	mb	montaż wentylatorów	szt	inna
Montaż wentylacji	mb	montaz kratek wentylacyjnych	szt	inna
Montaż wentylacji	mb	montaz wentylatora lazienkowego	klp	inna
Montaż wentylacji	mb	montaz kratek wentlacyjnych	szt	inna
Montaż ćwierćwałka	mb	montaz cwiercwalka	szt	ta-sama
Montaż ćwierćwałka	mb	montaż ćwierćwałków z malowaniem	mb	inna
Montaż ćwierćwałka	mb	motnaz TV	szt	inna
Murowanie kominka - cena do ustalenia	kpl	murowanie kominku	kpl	ta-sama
Mycie ram okiennych i drzwiowych	mb	wstawienie drzwi wejściowych	kpl	inna
Przeniesienie wentylacji - wycena indywidualna	kpl	przenisienie otworow wentylacji	kpl	inna
Spawanie konstrukcji - wycena indywidualna	kpl	spawanie konstrukcji pod przedscianke	kpl	ta-sama
Wymiana silikonu na inny kolor	mb	wymiana sylikonu na inny kolor	kpl	ta-sama
Wymiana silikonu na inny kolor	mb	wymiana silikonow	mb	inna
Wymiana silikonu na inny kolor	mb	wymiana sylikonow w lazience	mb	inna
Wymiana silikonów	mb	wymiana sylikonow w lazience	mb	ta-sama
Wymiana silikonów	mb	wymiana sylikonu na inny kolor	kpl	inna
Wynoszenie gruzu, mebli, armatury, śmieci, odpadów budowlanych big bag	big bag	wynoszenie gruzu, mebli, armatury, śmieci, odpadów budowlanych - cały okres remontu	big bag	ta-sama
Wynoszenie gruzu, mebli, armatury, śmieci, odpadów budowlanych etc.	kontener	wynoszenie gruzu, mebli, armatury, śmieci, odpadów budowlanych - cały okres remontu	big bag	inna
Wynoszenie gruzu, mebli, armatury, śmieci, odpadów budowlanych etc. - 2 piętro i sporo gruzu	kontener	wynoszenie gruzu, mebli, armatury, śmieci, odpadów budowlanych - cały okres remontu	big bag	inna
Bruzdowanie pod instalacje wod-kan w żelbecie	mb	bruzowanie zelbet pod karnisz w suficie	mb	inna
Bruzdowanie pod kable elektryczne w żelbecie	mb	bruzowanie zelbet pod karnisz w suficie	mb	inna
Bruzdowanie pod karnisz w suficie - żelbet	mb	bruzowanie zelbet pod karnisz w suficie	mb	ta-sama
Delikatny demontaż sztukaterii sufitowej	mb	demontaż sufitów zabudowy z gk	mb	inna
Demontaż grzejników	szt	Montaż grzejnika	szt	inna
Demontaż grzejników	szt	Montaż grzejników dekoracyjnych	szt	inna
Demontaż grzejników + ponowny montaż	szt	Montaż grzejników dekoracyjnych	szt	inna
Demontaż grzejników + ponowny montaż	szt	Montaż grzejnika	szt	inna
Demontaż kominka	kpl	montaż dzwonka	kpl	inna
Demontaż kominka	kpl	demontaz daszka balkon	szt	inna
Demontaż kominka	kpl	demontaż paneli	m2	inna
Demontaż listew przypodłogowych	mb	malowanie listew przypodłogowych	mb	inna
Demontaż paneli klejonych	m²	demontaż paneli	m2	inna
Demontaż paneli klejonych	m²	montaz paneli sciennych	m2	inna
Demontaż paneli klejonych	m²	demontaż paneli pcv z usuwaniem kleju	m2	ta-sama
Demontaż parapetów	mb	demontaż paneli	m2	inna
Demontaż parapetów	mb	sylikon do parapetow	mb	inna
Demontaż rur metalowych	mb	demontaż rur metalowych	kpl	ta-sama
Demontaż rur metalowych	mb	montaż metaowej półki	szt	inna
Demontaż sufitów podwieszanych	m²	sufit podwieszany	klp	inna
Demontaż sufitów podwieszanych	m²	Sufit podwieszany na stelazu	m2	inna
Demontaż zabudowy kuchennej	kpl	demontaż sufitów zabudowy z gk	mb	inna
Demontaż zabudowy kuchennej	kpl	demontaz plastikowej zabudowy na balkonie	kpl	inna
Demontaż ścianek z GK	m²	demontaż płyt gk ze ścian	m2	ta-sama
Demontaż ścianek z GK	m²	montaz szafek na scianie	szt	inna
Demontaż ścianek z GK	m²	demontaż paneli	m2	inna
Demontaże drzwi wewnętrznych drewnianych	kpl	demontaż drzwi przesuwnych	kpl	inna
Demontaże drzwi wewnętrznych drewnianych	kpl	usunięcie drzwi drewnianych	szt.	ta-sama
Demontaże drzwi zewnętrznych - drzwi z ościeżnicą	kpl	demontaż drzwi przesuwnych	kpl	inna
Demontaże drzwi zewnętrznych - drzwi z ościeżnicą	kpl	demontaż i montaż ościeżnicy	szt	inna
Demontaże stelaż podtynkowy z zabudową.	kpl	demontaż sufitów zabudowy z gk	mb	inna
Demontaże stelaż podtynkowy z zabudową.	kpl	demontaz plastikowej zabudowy na balkonie	kpl	inna
Demontaże stelaż podtynkowy z zabudową.	kpl	montaż syfonuów podtynkowych	kpl	inna
Demontaże: wszelkie niezbędne demontaże szaf, zabudowy etc. - finalnie dopiero po obejrzeniu zastanego stanu będzie można to ocenić	kpl	Demontaże: wszelkie niezbędne demontaże szaf, zabudowy etc. - cena do ustalenia w zależności od tego co będzie wymagało demontażu	kpl	ta-sama
Mechaniczne przebijanie otworów w ścianach lub stropach żelbetowych o długości przebicia do 100 cm - śr. rury do 60 mm	kpl	Mechaniczne przebijanie otworów w ścianach lub stropach z cegły o długości przebicia do 1 ceg. - śr. rury do 40 mm	szt	inna
Przebijanie otworów w stropach o średnicy do 100 mm na głębokość do 50 cm	szt	Mechaniczne przebijanie otworów w ścianach lub stropach z cegły o długości przebicia do 1 ceg. - śr. rury do 40 mm	szt	inna
Przebijanie otworów w ścianach z cegły o średnicy do 100 mm na głębokość do 50 cm	szt	Mechaniczne przebijanie otworów w ścianach lub stropach z cegły o długości przebicia do 1 ceg. - śr. rury do 40 mm	szt	inna
Przeniesienie otworów wentylacji z wkuciem redukcji w ścianie i zaszpachlowaniem	kpl	przenisienie otworow wentylacji	kpl	ta-sama
Rozkręcenie szaf, przenoszenie + skręcenie i montaż cena indywidualna	kpl	rozkrecenie szaf prszenoszenie + skrecenie i montaz salon i pokoje	kpl	ta-sama
Skucie posadzki/lastryko 10 cm - beton zbrojony	m²	skucie posadzki	m2	inna
Skucie zwietrzałych tynków cementowo-wapiennych i cementowych	m²	Skucie zwietrzałych tynków cementowo- wapiennych i cementowych-10% tynków, usuwanie starych gładzi i farb	m2	ta-sama
Skuwanie glazury z klejem i płytami GK - ściany i podłogi	m²	Skuwanie glazury z klejem/płytami gk -  ściany i podłogi	m2	ta-sama
Skuwanie glazury z klejem ściany i podłogi	m²	Skuwanie glazury z klejem/płytami gk -  ściany i podłogi	m2	inna
Skuwanie płytek balkon	m²	malowanie plytek	m2	inna
Skuwanie płytek balkon	m²	gruntowanie plytek	m2	inna
Skuwanie sufitu żelbet	m²	skuwanie zelbetu w naroznikach	mb	inna
Skuwanie tynku ze ścian i sufitów	m²	skuwanie sufitu zelbet	m2	inna
Skuwanie tynku ze ścian i sufitów	m²	malowanie sufitów i ścian bez glazury	m2	inna
Skuwanie żelbetu w narożnikach	mb	skuwanie sufitu zelbet	m2	inna
Szlifowanie lakieru	m²	szlifowanie subitu	m2	inna
Szlifowanie lakieru	m²	szlifowanie gruntu deweloperskiego	m2	inna
Szlifowanie lakieru	m²	szlifowanie posadzki subit	m2	inna
Szlifowanie posadzki lub ścian do 1 cm	m²	szlifowanie posadzki subit	m2	inna
Szlifowanie posadzki lub ścian do 1 cm	m²	szlifowanie ścian z poprawkami	m2	inna
Szlifowanie/usuwanie subitu	m²	szlifowanie subitu	m2	ta-sama
Szlifowanie/usuwanie subitu	m²	szlifowanie posadzki subit	m2	ta-sama
Usunięcie drewnianych ościeżnic	kpl	usunięcie drewnianych futryn	kpl	ta-sama
Usunięcie drewnianych ościeżnic	kpl	usunięcie drzwi drewnianych	szt.	inna
Usunięcie metalowych futryn	kpl	usunięcie metalowych futryn z drzwi wejściowych	kpl	ta-sama
Usunięcie metalowych futryn	kpl	usunięcie drewnianych futryn	kpl	inna
Usuwanie papy z podłogi	m²	usuwanie podłogi( panele)	m2	inna
Usuwanie podłogi pływającej panele etc.	m²	usuwanie podłogi( panele)	m2	ta-sama
Usuwanie podłogi pływającej panele etc.	m²	usuwanie papy z podłogi	m2	inna
Usuwanie podłogi pływającej panele etc.	m²	demontaż podłogi pływającej	m2	ta-sama
Usuwanie wykładzin klejonych	m²	usuwanie wykladzin	m2	ta-sama
Wybicie otworu drzwiowego w ścianie działowej z montażem nadproża	szt	wykucie otworu drzwiowego w ścianie	kpl	ta-sama
Wyburzanie obudowy szachtu	m²	wyburzenie schodów	kpl	inna
Wyburzanie ścian 12-20 cm grubości - materiał miękki	m²	Wyburzanie ścian do 12cm grubości cegla	m2	inna
Wyburzanie ścian 12-20 cm grubości - materiał miękki	m²	Wyburzanie ścian do 12cm grubości  zelbet	m2	inna
Wyburzanie ścian do 12 -20 cm - żelbeton	m²	Wyburzanie ścian do 12cm grubości  zelbet	m2	inna
Wyburzanie ścian do 12 -20 cm - żelbeton	m²	Wyburzanie ścian do 12cm grubości cegla	m2	inna
Wyburzanie ścian do 12 cm grubości - materiał miękki	m²	Wyburzanie ścian do 12cm grubości cegla	m2	ta-sama
Wyburzanie ścian do 12 cm grubości - materiał miękki	m²	Wyburzanie ścian do 12cm grubości  zelbet	m2	inna
Wyburzanie ścian do 12 cm grubości - żelbeton	m²	Wyburzanie ścian do 12cm grubości  zelbet	m2	ta-sama
Wyburzanie ścian do 12 cm grubości - żelbeton	m²	Wyburzanie ścian do 12cm grubości cegla	m2	inna
Wyburzanie ścian powyżej 20 cm grubości - materiał miękki	m²	Wyburzanie ścian do 12cm grubości  zelbet	m2	inna
Wyburzanie ścian powyżej 20 cm grubości - materiał miękki	m²	Wyburzanie ścian do 12cm grubości cegla	m2	inna
Wykucie nadproża i powiększenie otworu drzwiowego	kpl	Powiększanie otworów drzwiowych	szt.	inna
Wykucie nadproża i powiększenie otworu drzwiowego	kpl	wykucie otworu drzwiowego w ścianie	kpl	inna
Wykucie nadproża i powiększenie otworu drzwiowego	kpl	poszerzanie otworu drzwiowych	szt	inna
Zabezpieczenia mebli, podłóg, okien, drzwi i elementów niezbędnych do prac. Demontaż gniazd, włączników, lamp, karniszy etc. Zabezpieczenie sprzętów i wszelkich niezbędnych elementów. Oklejanie do malowania etc. Zabezpieczanie elementów już wykonanych, glazura zabudowy etc.	kpl	Zabezpieczenia mebli, podłóg, okien, drzwi i elementów niezbędnych do prac. Zabezpieczanie elementów już wykonanych, glazura zabudowy etc.	m2	inna
Zabezpieczenia mebli, podłóg, okien, drzwi i elementów niezbędnych do prac. Zabezpieczanie elementów już wykonanych, glazura zabudowy etc. - mieszkanie zamieszkane	m²	Zabezpieczenia mebli, podłóg, okien, drzwi i elementów niezbędnych do prac. Zabezpieczanie elementów już wykonanych, glazura zabudowy etc.	m2	ta-sama
wycinanie ścian do 20 cm szerokości	mb	Wyburzanie ścian do 12cm grubości  zelbet	m2	inna
Montaż grzejników po malowaniu	szt	Montaż grzejnika	szt	inna
Montaż grzejników po malowaniu	szt	malowanie rur i grzejników	kpl	inna
Montaż i demontaż kratek wentylacyjnych	szt	montaz kratek wentylacyjnych	szt	ta-sama
Montaż i demontaż kratek wentylacyjnych	szt	montaz kratek wentlacyjnych	szt	ta-sama
Montaż i demontaż kratek wentylacyjnych	szt	demontaż i montaż ościeżnicy	szt	inna
Montaż i demontaż kratek wentylacyjnych	szt	montaż wentylacji	mb	inna
Hydroizolacja cementowa balkon 2 warstwy	m²	hydroizolacja cementowa podloga garaz	m2	inna
Hydroizolacja cementowa balkon 2 warstwy	m²	hydroizolacja na balkonie	m2	ta-sama
Obłożenie schodów deską tarasową	stopień	oblozenie schodow deska tarasowa	kpl	ta-sama
Ułożenie płytek na balkonach taras wentylowany - wysoki stopień skomplikowania prac. Po okręgu - montaż membrany i wsporników	m²	Montaż ścian GK z wełną mineralną - podwójna płyta obustronnie - niski stopień skomlikowania prac	kpl	inna
Ułożenie płytek na balkonach taras wentylowany - wysoki stopień skomplikowania prac. Po okręgu - montaż membrany i wsporników	m²	Montaż ścian GK z wełną mineralną - podwójna płyta obustronnie - niski stopień skomlikowania prac	klp	inna
Wylanie z uzbrojeniem stopni pod okładziny drewniane, glazure, etc.	stopień	wylanie z uzbrojeniem stopni pod okładziny drewniane	kpl	ta-sama
Wymiana kratki wentylacyjnej	kpl	montaz kratek wentylacyjnych	szt	inna
Biały montaż baterii podtynkowej bidetka	kpl	bialy montaz baterii podtynkowej bidet	klp	ta-sama
Biały montaż baterii podtynkowej bidetka	kpl	bialy montaz baterii podtynkowej do umywalki albo bidet	klp	inna
Biały montaż baterii podtynkowej do umywalki	kpl	bialy montaz baterii podtynkowej do umywalki albo bidet	klp	ta-sama
Biały montaż baterii podtynkowej do umywalki	kpl	bialy montaz baterii podtynkowej bidet	klp	inna
Demontaż + montaż WC podwieszanego	szt	Montaż WC z podwieszanego + przycisk z plytek	szt	inna
Demontaż + montaż WC podwieszanego	szt	demontaż ościeżnić bez uszkodzenia do ponownego montażu	kpl	inna
Demontaż + montaż WC podwieszanego	szt	demontaż i montaż ościeżnicy	szt	inna
Demontaż i montaż ościeżnicy bez uszkodzenia	szt	demontaż ościeżnić bez uszkodzenia do ponownego montażu	kpl	ta-sama
Demontaż i montaż ościeżnicy bez uszkodzenia	szt	demontaż i montaż ościeżnicy	szt	ta-sama
Dodatek za podcięcie wanny	kpl	dodatek za ciecie plytek na dworzu	kpl	inna
Dodatek za schodek pod prysznicem - murowanie i wykonanie spadki na podwyższeniu	kpl	dodatek za schodek pod prysznicem	klp	ta-sama
Dodatek za układanie płytek przy odpływie liniowym - koperta	kpl	szlifowanie plytek przy odplywie	mb	inna
Dwukrotne gruntowanie ścian, sufitów i podłóg	m²	malowanie sufitów i ścian bez glazury	m2	inna
Fugowanie narożników fugą epoksydową	mb	sylikonowanie narożników	mb	inna
Fugowanie ścian i podłóg fuga cementowa płytka mały format	m²	fugowanie ścian i podłóg fuga cementowa	m2	inna
Fugowanie ścian i podłóg fuga cementowa płytka mały format	m²	fugowanie ścian i podłóg fuga ceramiczna	m2	inna
Fugowanie ścian i podłóg fugą epoksydową płytka mały format	m²	fugowanie ścian i podłóg fuga cementowa	m2	inna
Fugowanie ścian i podłóg fugą epoksydową płytka mały format	m²	fugowanie ścian i podłóg fuga ceramiczna	m2	inna
Fugowanie ścian i podłóg płytka format standard	m²	fugowanie ścian i podłóg fuga cementowa	m2	ta-sama
Fugowanie ścian i podłóg płytka format standard	m²	fugowanie ścian i podłóg fuga ceramiczna	m2	ta-sama
Gruntowanie płytek gruntem z piaskiem kwarcowym	m²	gruntowanie plytek	m2	ta-sama
Instalacja wod-kan nowe punkty, przeniesienie lub przedłużenie - każdy punkt	pkt	Instalacja wod kan nowy punkty, mocowanie	pkt	ta-sama
Malowanie płytek	m²	gruntowanie plytek	m2	inna
Malowanie płytek	m²	malowanie barierek	mb	inna
Malowanie płytek	m²	malowanie parapetu	mb	inna
Malowanie płytek	m²	malowanie drzwi	szt	inna
Malowanie płytek	m²	malowanie glifow	mb	inna
Malowanie sufitów i ścian bez glazury	m²	malowanie sufitów i ścian bez glazury  + gładź	m2	inna
Malowanie sufitów i ścian bez glazury	m²	malowanie sufitów i ścian bez glazury  + gładź na suficie	kpl	inna
Malowanie sufitów i ścian bez glazury + gładź na suficie	m²	malowanie sufitów i ścian bez glazury  + gładź na suficie	kpl	ta-sama
Malowanie sufitów i ścian bez glazury + gładź na suficie	m²	malowanie sufitów i ścian bez glazury  + gładź	m2	ta-sama
Malowanie sufitów i ścian bez glazury + gładź na suficie	m²	malowanie sufitów i ścian bez glazury	m2	inna
Montaż GK pod LED	m²	montaz plyk gk na klej	m2	inna
Montaż WC kompakt dla niepełnosprawnych	szt	Montaż WC kompakt wolnostojacy	szt	inna
Montaż WC podwieszanego	szt	demontaz + Montaż WC z podwieszanego	szt	inna
Montaż WC podwieszanego	szt	Montaż WC z podwieszanego + przycisk z plytek	szt	ta-sama
Montaż WC podwieszanego	szt	motnaz TV	szt	inna
Montaż akcesoriów łazienkowych	szt	montaż listew zakończeniowych	mb	inna
Montaż akcesoriów łazienkowych	szt	montaz kinkietu w lazience	szt	inna
Montaż akcesoriów łazienkowych	szt	montaz wentylatora lazienkowego	klp	inna
Montaż baterii do umywalki	szt	montaz blatu do umywalki	kpl	inna
Montaż baterii prysznicowo-wannowej natynkowej	szt	montaż baterii wannowe wolnostojącej	szt	inna
Montaż baterii prysznicowo-wannowej natynkowej	szt	bialy montaz baterii podtynkowej bidet	klp	inna
Montaż baterii wannowej wolnostojącej	szt	Montaż WC kompakt wolnostojacy	szt	inna
Montaż bidetu podtynkowego	szt	bialy montaz baterii podtynkowej bidet	klp	inna
Montaż bidetu podtynkowego	szt	montaż syfonuów podtynkowych	kpl	inna
Montaż blatu do umywalki minimalna metraż 1mb.	mb	montaz blatu do umywalki	kpl	ta-sama
Montaż boilera	kpl	motnaz TV	szt	inna
Montaż boilera	kpl	montaz telewizora	szt	inna
Montaż brodzika z kabiną prysznicową	kpl	montaz siedziska prysznicowego	kpl	inna
Montaż brodzika z kabiną prysznicową	kpl	montaz polki pod prysznicem	szt	inna
Montaż deski wc elektrycznej	szt	montaż sedesu elektrycznego	szt	ta-sama
Montaż deski wc elektrycznej	szt	montaz puszki elektr. bez wiercenia otworu	szt	inna
Montaż deski wc elektrycznej	szt	Montaż grzejnika elektrycznego podtynkowego	szt	inna
Montaż deski wc elektrycznej	szt	montaz przedlozek elektr.	szt	inna
Montaż geberitu	szt	motnaz TV	szt	inna
Montaż gniazdek i włączników standard	szt	Montaż gniazdek i wyłączników, gniazd tv	szt	ta-sama
Montaż gniazdek i włączników standard	szt	Montaż gniazdek i wyłączników + lokalizacja	szt	ta-sama
Montaż grzejnika elektrycznego	szt	Montaż grzejnika elektrycznego podtynkowego	szt	inna
Montaż grzejnika elektrycznego	szt	montaż sedesu elektrycznego	szt	inna
Montaż grzejnika elektrycznego	szt	Montaż grzejnika	szt	inna
Montaż grzejnika elektrycznego	szt	Ogrzewanie podłogowe elektryczne, montaż mat.	m2	inna
Montaż grzejnika elektrycznego	szt	montaż grzejnika z zaworami	kpl	inna
Montaż grzejnika elektrycznego podtynkowego	m²	Montaż grzejnika elektrycznego podtynkowego	szt	ta-sama
Montaż grzejnika elektrycznego podtynkowego	m²	Ogrzewanie podłogowe elektryczne, montaż mat.	m2	inna
Montaż grzejnika elektrycznego podtynkowego	m²	montaż sedesu elektrycznego	szt	inna
Montaż grzejnika z zaworami	szt	montaż grzejnika z zaworami	kpl	ta-sama
Montaż grzejnika z zaworami	szt	Montaż grzejnika	szt	ta-sama
Montaż grzejnika z zaworami	szt	Montaż grzejników dekoracyjnych	szt	inna
Montaż i podłączenie listw led + taśm	mb	montaż taśm ledowych z lutowaniem	pkt	inna
Montaż i podłączenie transformatora	mb	montaż transformatorów	kpl	ta-sama
Montaż i powieszenie szafek łazienkowych	szt	montaz szafek na scianie	szt	ta-sama
Montaż i powieszenie szafek łazienkowych	szt	montaz wentylatora lazienkowego	klp	inna
Montaż i powieszenie szafek łazienkowych	szt	montaz kinkietu w lazience	szt	inna
Montaż kabiny prysznicowej	kpl	montaz siedziska prysznicowego	kpl	inna
Montaż kabiny prysznicowej	kpl	Montaż kabiny ściętej	kpl	ta-sama
Montaż kabiny prysznicowej	kpl	montaz polki pod prysznicem	szt	inna
Montaż kamiennego blatu cena za mb - liczymy minimalnie 1 mb.	mb	montaz kamiennego blatu	szt	ta-sama
Montaż kratki wentylacyjnej	kpl	montaz kratek wentylacyjnych	szt	ta-sama
Montaż kratki wentylacyjnej	kpl	wymiana kratki wentylacyjnej	kpl	inna
Montaż kratki wentylacyjnej	kpl	montaz kratek wentlacyjnych	szt	ta-sama
Montaż kratki wentylacyjnej	kpl	montaż wentylatorów	szt	inna
Montaż kratki wentylacyjnej	kpl	montaż wentylacji	mb	inna
Montaż lamp	szt	montaż klamek	szt	inna
Montaż lamp	szt	montaz lamp ze skladaniem	szt	inna
Montaż lamp	szt	motnaz TV	szt	inna
Montaż listwa ozdobna z glazury, ćwierćwałek z glazury	mb	listwa ozdobne z glazury	mb	ta-sama
Montaż listwa ozdobna z glazury, ćwierćwałek z glazury	mb	montaz cwiercwalka	szt	inna
Montaż listwy spadkowej	szt	montaz listwy ozdobnej na kominku	mb	inna
Montaż lustra	szt	motnaz TV	szt	inna
Montaż lustra z LED	szt	montaz gk pod led	m2	inna
Montaż lustra z LED	szt	Montaż lustra z szafka+ skrecenie	szt	inna
Montaż lustra z LED	szt	montaż taśm ledowych z lutowaniem	pkt	inna
Montaż lustra z szafką + skręcenie	szt	Montaż szafki podumywalkowej + szafki z lustrem	szt	ta-sama
Montaż metalowej półki	szt	demontaż rur metalowych	kpl	inna
Montaż metalowej półki	szt	montaz polki pod prysznicem	szt	inna
Montaż odpływu liniowego z wypoziomowaniem spadku - koperta	kpl	ponowny montaz odplywu liniowego	szt	inna
Montaż odpływu liniowego z wypoziomowaniem spadku - odpływ jednospadkowy	kpl	ponowny montaz odplywu liniowego	szt	inna
Montaż ościeżnicy z drzwiami i klamkami	szt	demontaż i montaż ościeżnicy	szt	inna
Montaż rewizji na liczniki - plastik	kpl	montaż rewizji na liczniki z glazry	kpl	inna
Montaż rewizji z glazury	kpl	montaż rewizji na liczniki z glazry	kpl	ta-sama
Montaż syfonów	szt	montaż syfonuów podtynkowych	kpl	inna
Montaż syfonów	szt	montaż domofonu	kpl	inna
Montaż syfonów	szt	motnaz TV	szt	inna
Montaż szafki podumywalkowej bez składania	szt	Montaż szafki podumywalkowej + szafki z lustrem	szt	ta-sama
Montaż szyby stałej do odpływu liniowego	kpl	ponowny montaz odplywu liniowego	szt	inna
Montaż umywalki nablatowej lub na szafke	szt	Montaż szafki podumywalkowej + szafki z lustrem	szt	inna
Montaż umywalki wiszącej	szt	montaz blatu do umywalki	kpl	inna
Montaż wanny wolnostojącej z syfonem	kpl	montaż baterii wannowe wolnostojącej	szt	inna
Montaż wanny wolnostojącej z syfonem	kpl	Montaż WC kompakt wolnostojacy	szt	inna
Montaż wanny z zabudową z bloczków i rewizją	kpl	Montaż wanny z zabudową z bloczków i rewizją oraz ledem	kpl	inna
Podłączenie pralki	szt	podłączenie rozdzielni	kpl	inna
Podłączenie suszarki	szt	podłączenie rozdzielni	kpl	inna
Przyklejenie maty kompensacyjnej pod płytki wielkoformatowe	m²	klejenie maty kompensacyjnej	mb	ta-sama
Przyklejenie maty kompensacyjnej pod płytki wielkoformatowe	m²	mwklejanie maty kompensacyjnej	m2	ta-sama
Silikonowanie	mb	sylikonowanie parapetów	kpl	inna
Silikonowanie	mb	sylikonowanie narożników	mb	ta-sama
Silikonowanie	mb	wymiana silikonow	mb	inna
Skucie posadzki m2	m²	skucie posadzki	m2	ta-sama
Skucie posadzki m2	m²	skuwanie posadzki	m2	ta-sama
Skucie posadzki m2	m²	skucie posadzki/lastryko 10 cm. - beton zbrojony	m2	inna
Skucie posadzki mb	mb	skucie posadzki	m2	inna
Skucie posadzki mb	mb	skuwanie posadzki	m2	inna
Skucie posadzki mb	mb	skucie posadzki/lastryko 10 cm. - beton zbrojony	m2	inna
Sufit podwieszany prosty montaż stelaża z płytami	m²	Sufit podwieszany na stelazu	m2	ta-sama
Sufit podwieszany prosty montaż stelaża z płytami	m²	Montaż WC z podwieszanego + przycisk z plytek	szt	inna
Sufit podwieszany z LED wg. projektu	kpl	sufit podwieszany	klp	inna
Sufit podwieszany z miejscem na led	m²	Sufit podwieszany na stelazu	m2	inna
Sufit podwieszany z miejscem na led	m²	Sufit podwieszany m-system	m2	inna
Szlifowanie krawędzi płytek czyste cięcie	mb	szlifowanie plytek przy odplywie	mb	ta-sama
Szlifowanie krawędzi płytek czyste cięcie	mb	szlifowanie plyrek 45 stopni kominek	mb	inna
Szlifowanie krawędzi płytek na 45 stopni	mb	szlifowanie plyrek 45 stopni kominek	mb	ta-sama
Tynkowanie/wyrównanie ścian pod układanie glazury	m²	tynkowanie/wyrównanie ścian gk pod układanie glazury	m2	ta-sama
Tynkowanie/wyrównanie ścian pod układanie glazury	m²	układanie glazury na ścianie format standard 7x25	m2	inna
Tynkowanie/wyrównanie ścian pod układanie glazury + wzmocnienia siatką	m²	tynkowanie/wyrównanie ścian gk pod układanie glazury	m2	inna
Tynkowanie/wyrównanie ścian pod układanie glazury + wzmocnienia siatką	m²	tynkowanie/wyrównanie, montaż płyt gk pod układanie glazury - troche wyjdzie w praniu co będzie do zrobienia po demontażach	m2	inna
Układanie glazury na glify i małe ściany - mały format	mb	układanie glazury na ścianie format duży 100x100	m2	inna
Układanie glazury na glify i małe ściany - mały format	mb	układanie glazury na ścianie format standard 7x25	m2	inna
Układanie glazury na podłodze duży format 120x120	m²	układanie glazury na podłodze format duży  100x100	m2	ta-sama
Układanie glazury na podłodze duży format 120x120	m²	układanie glazury na ścianie format duży 100x100	m2	inna
Układanie glazury na podłodze format 20x20	m²	układanie glazury na podłodze format duży  100x100	m2	inna
Układanie glazury na podłodze format 20x20	m²	układanie glazury na podłodze mozaika	m2	inna
Układanie glazury na podłodze lub ścianie mozaika	m²	układanie glazury na podłodze mozaika	m2	ta-sama
Układanie glazury na podłodze lub ścianie mozaika	m²	układanie glazury na podłodze strefa prysznica	kpl	inna
Układanie glazury na podłodze wielki format np. 120x270	m²	układanie glazury na podłodze format duży  100x100	m2	inna
Układanie glazury na ścianie format duży 120x120	m²	układanie glazury na ścianie format duży 100x100	m2	ta-sama
Układanie glazury na ścianie format duży 120x120	m²	układanie glazury na podłodze format duży  100x100	m2	inna
Układanie glazury na ścianie format standard od 30x30 do 120x60	m²	układanie glazury na ścianie format standard 7x25	m2	ta-sama
Układanie glazury na ścianie mały format np. 6,5 x 15	m²	układanie glazury na ścianie format duży 100x100	m2	inna
Układanie glazury na ścianie wielki format 120x270	m²	układanie glazury na ścianie format duży 100x100	m2	inna
Układanie glazury na ścianie wielki format 120x270	m²	układanie glazury na ścianie format standard 7x25	m2	inna
Układanie płytek w glifach, półeczkach itp. do 20 cm - format standard	mb	układanie płytek w glifach, półeczkach itp. paski do 20cm - płytka	mb	ta-sama
Układanie płytek w glifach, półeczkach itp. do 20 cm - format standard	mb	układanie płytek w glifach, półeczkach itp. mozaika	m.b.	inna
Układanie płytek w glifach, półeczkach itp. do 20 cm - format standard	mb	układanie płytek w glifach i cokołach,	mb	ta-sama
Układanie płytek w glifach, półeczkach itp. do 20 cm wielki format	mb	układanie płytek w glifach, półeczkach itp. paski do 20cm - płytka	mb	inna
Układanie płytek w glifach, półeczkach itp. do 20 cm wielki format	mb	układanie płytek w glifach, półeczkach itp. mozaika	m.b.	inna
Układanie płytek w glifach, półeczkach itp. do 20 cm wielki format	mb	układanie płytek w glifach i cokołach,	mb	inna
Wklejanie maty hydroizolacyjnej	m²	wklejanie taśmy hydroizolacyjniej	m2	inna
Wklejanie maty hydroizolacyjnej	m²	mwklejanie maty kompensacyjnej	m2	inna
Wklejanie maty hydroizolacyjnej	m²	klejenie maty kompensacyjnej	mb	inna
Wklejanie taśmy hydroizolacyjnej	mb	wklejanie taśmy hydroizolacyjniej	m2	ta-sama
Wykonanie przedścianek z GK do oświetlenia LED	kpl	wykonanie przedscianki w korytarzu	kpl	inna
Wykonanie punktów oświetleniowych	szt	wykonanie przedścianek z gk do oświetlenia led	kpl	inna
Wykonanie półki z glazury	kpl	wykonanie 3 półek z glazury z płytki wielki format	szt	ta-sama
Wymiana silikonu kabina prysznicowa	kpl	wymiana sylikonu na inny kolor	kpl	inna
Wymiana silikonu kabina prysznicowa	kpl	wymiana silikonow	mb	inna
Wymiana silikonu kabina prysznicowa	kpl	wymiana drzwi prysznicowych	kpl	inna
Wymiana silikonu kabina prysznicowa	kpl	wymiana sylikonow w lazience	mb	inna
Wyrównanie ścian pod układanie glazury - klejenie płyt gk	m²	tynkowanie/wyrównanie ścian gk pod układanie glazury	m2	inna
Wyrównanie ścian pod układanie glazury - klejenie płyt gk	m²	Skuwanie glazury z klejem/płytami gk -  ściany i podłogi	m2	inna
Wyrównanie ścian pod układanie glazury - klejenie płyt gk	m²	układanie glazury na ścianie format standard 7x25	m2	inna
Wyrównanie ścian pod układanie glazury - stelaż z płytami gk	m²	tynkowanie/wyrównanie ścian gk pod układanie glazury	m2	inna
Wyrównanie ścian pod układanie glazury - stelaż z płytami gk	m²	Skuwanie glazury z klejem/płytami gk -  ściany i podłogi	m2	inna
Wyrównanie ścian pod układanie glazury - stelaż z płytami gk	m²	układanie glazury na ścianie format standard 7x25	m2	inna
Zmiana kanalizacji z wanny na odpływ liniowy - skucie posadzki, obniżenie rur w pionie, wykonanie odpowiedniego spadku	kpl	zmiana kanalizacji - skucie posadzki, wykonanie odpowiedniego spadku i zmiana podłączenia.	kpl	ta-sama
Złożenie i montaż szafki podumywalkowej	szt	Montaż szafki podumywalkowej + szafki z lustrem	szt	inna
wklejanie plyltky w odpływ liniowy	kpl	doklejenie plytki na odplyw liniowy	kpl	ta-sama
Montaż WC kompakt	szt	Montaż WC kompakt wolnostojacy	szt	ta-sama
Montaż WC kompakt	szt	Montaż WC kompakt dla niepełnosprawnych	szt	inna
Montaż WC kompakt	szt	motnaz TV	szt	inna
Fugowanie cegiełki typu klinkier	m²	Położenie cegiełek typu klinkier na ścianie	m2	inna
Gruntowanie powierzchni betonkontaktem	mb	gruntowanie powierzchni betonkontaktem	m2	ta-sama
Gruntowanie powierzchni ścian i sufitów przed gładziami i po gładziach	m²	gruntowanie powierzchni ścian i sufitów przed gładziami/tynkami	m2	ta-sama
Gruntowanie ścian jednokrotne + drobne poprawki	m²	gruntowanie/odpylenie ścian + drobne poprawki	m2	ta-sama
Gładzie na ścianach i sufitach rynek wtórny (3-4 warstwy) + podkład z tynku jeżeli będzie potrzebny, jak nie to cena nieco niższa	m²	Gładzie na ścianach i sufitach rynek wtórny  (3-4 warstwy) w tym warstwa tynku 3 kat.	m2	ta-sama
Gładzie na ścianach i sufitach rynek wtórny (3-4 warstwy) + podkład z tynku jeżeli będzie potrzebny, jak nie to cena nieco niższa	m²	Gładzie na ścianach i sufitach rynek wtórny  (2-3 warstwy)	m2	ta-sama
Malowanie glifów	mb	malowanie drzwi	szt	inna
Malowanie glifów	mb	malowanie plytek	m2	inna
Malowanie glifów	mb	szlifowanie subitu	m2	inna
Malowanie glifów	mb	malowanie barierek	mb	inna
Malowanie sufitu w kolorze	m²	malowanie w środku	m2	inna
Malowanie sufitu w kolorze	m²	skuwanie sufitu zelbet	m2	inna
Malowanie sufitów farbą silikonową lub akrylową na biało	m²	Malowanie ścian farba sylikonowa lub akrylowa  na biało	m2	inna
Malowanie sztukaterii	mb	malowanie barierek	mb	inna
Malowanie sztukaterii	mb	malowanie plytek	m2	inna
Malowanie ścian i sufitów farbą silikonową lub akrylową na biało	m²	Malowanie ścian farba sylikonowa lub akrylowa  na biało	m2	ta-sama
Malowanie ścian w kolorze	m²	Malowanie ścian w kolorze - wejście do mieszkania	m2	ta-sama
Malowanie ścian w kolorze	m²	malowanie w środku	m2	inna
Montaż GK na glifach	mb	montaz plyk gk na klej	m2	inna
Montaż GK na glifach	mb	motnaz TV	szt	inna
Montaż karniszy	mb	montaż karniszy 1 szt	kpl	ta-sama
Montaż karniszy	mb	Montaż grzejnika	szt	inna
Montaż karniszy	mb	motnaz TV	szt	inna
Montaż nadproży w nowo murowanej ścianie	szt	Otwory w ścianach murowanych -ułoże- nie nadproży stalowych	mb	inna
Montaż paneli ściennych, lamele, dekory itp	m²	montaz paneli sciennych	m2	ta-sama
Montaż profili wzmocnionych pod ościeżnice	kpl	demontaż i montaż ościeżnicy	szt	inna
Montaż płyt GK na klej na suficie + dyble	m²	montaż płyt gk w na klej na suficie	m2	ta-sama
Montaż płyt GK na klej na suficie + dyble	m²	montaz plyk gk na klej	m2	inna
Montaż płyt GK na klej na ścianach	m²	montaż płyt gk w na klej na suficie	m2	inna
Montaż płyt GK na klej na ścianach	m²	montaz plyk gk na klej	m2	ta-sama
Montaż płyt GK na klej na ścianach	m²	demontaż płyt gk ze ścian	m2	inna
Montaż płyt GK na klej na ścianach	m²	montaz plyt gk na sciany plyta pojedyncza	m2	inna
Montaż płyt GK na klej na ścianach	m²	montaz plyt farmacel	m2	inna
Montaż płyt akustycznych gk dodatek	m²	dodatek za płyty akustyczne	m2	inna
Montaż płyt akustycznych gk dodatek	m²	montaz plyt farmacel	m2	inna
Montaż płyt fermacell na stelażu	m²	montaz plyt farmacel	m2	ta-sama
Montaż płyt fermacell na stelażu	m²	montaz plyty farmacell na belke stropowa	mb	inna
Montaż płyty OSB na ścianie	mb	montaz szafek na scianie	szt	inna
Montaż płyty OSB na ścianie	mb	montaz plyt osb strych	m2	inna
Montaż płyty OSB na ścianie	mb	demontaż płyt gk ze ścian	m2	inna
Montaż płyty OSB na ścianie	mb	montaz plyt gk na sciany plyta pojedyncza	m2	inna
Montaż płyty OSB na ścianie	mb	montaż płyt gk w na klej na suficie	m2	inna
Montaż ścian GK z wełną mineralną - podwójna płyta obustronnie - niski stopień skomplikowania prac	m²	Montaż ścian GK z wełną mineralną - podwójna płyta obustronnie - niski stopień skomlikowania prac	kpl	ta-sama
Montaż ścian GK z wełną mineralną - podwójna płyta obustronnie - niski stopień skomplikowania prac	m²	Montaż ścian GK z wełną mineralną - podwójna płyta obustronnie - niski stopień skomlikowania prac	klp	ta-sama
Montaż ścian GK z wełną mineralną - podwójna płyta obustronnie - wysoki stopień skomplikowania prac	m²	Montaż ścian GK z wełną mineralną - podwójna płyta obustronnie - niski stopień skomlikowania prac	kpl	inna
Montaż ścian GK z wełną mineralną - podwójna płyta obustronnie - wysoki stopień skomplikowania prac	m²	Montaż ścian GK z wełną mineralną - podwójna płyta obustronnie - niski stopień skomlikowania prac	klp	inna
Murowanie ścian z bloczków komórkowych 10 cm	m²	Murowanie ścian z bloczków komórkowych 5cm	m2	inna
Murowanie ścian z bloczków komórkowych 7,5 cm	m²	Murowanie ścian z bloczków komórkowych 5cm	m2	inna
Murowanie ścian z bloczków komórkowych 7,5 cm (skomplikowany montaż)	m²	Murowanie ścian z bloczków komórkowych 5cm	m2	inna
Naprawa pęknięć i ubytków ścian salon, korytarz, mała sypialnia - wycena na miejscu	kpl	naprawa pekniec i ubytkow scian salon korytaz mala sypialnia	kpl	ta-sama
Poprawki szpachlarskie na reszcie ścian (większe ubytki)	m²	poprawki szpachlarskie na reszcie scian (wieksze ubytki)	kpl	ta-sama
Poprawki szpachlarskie na reszcie ścian (większe ubytki)	m²	poprawki szpachlarskie w całym mieszkaniu - chodzi o jakieś drobne ubytki.	m2	inna
Poprawki szpachlarskie w całym mieszkaniu - drobne ubytki	m²	poprawki szpachlarskie w całym mieszkaniu - chodzi o jakieś drobne ubytki.	m2	ta-sama
Poprawki szpachlarskie w całym mieszkaniu - drobne ubytki	m²	poprawki szpachlarskie na reszcie scian (wieksze ubytki)	kpl	inna
Położenie cegiełek typu klinkier na ścianie	m²	fugowanie cegiełki typu klinkier	m2	inna
Przedścianka z GK płyta pojedyncza + folia paroizolacyjna	m²	montaz plyt gk na sciany plyta pojedyncza	m2	ta-sama
Przesunięcie otworu drzwiowego z montażem nadproża + murowanie	szt	zamurowanei otworu drzwiowego na klatkę	m2	inna
Sufit podwieszany armstrong - wysoki stopień skomplikowania prac	m²	Układanie paneli winylowych wysoki stopień skomplikowania prac - jodełka, dylatacji.	m2	inna
Sufit podwieszany m-system	m²	sufit podwieszany	klp	inna
Sufit podwieszany m-system	m²	Sufit podwieszany na stelazu	m2	inna
Sufit podwieszany montaż stelaża z płytami - niski stopień skomplikowania prac	m²	Montaż ścian GK z wełną mineralną - podwójna płyta obustronnie - niski stopień skomlikowania prac	kpl	inna
Sufit podwieszany montaż stelaża z płytami - niski stopień skomplikowania prac	m²	Montaż ścian GK z wełną mineralną - podwójna płyta obustronnie - niski stopień skomlikowania prac	klp	inna
Sufit podwieszany w wiatrołapie	kpl	sufit podwieszany	klp	inna
Sufit podwieszany w wiatrołapie	kpl	Sufit podwieszany na stelazu	m2	inna
Sufit podwieszany w wiatrołapie	kpl	Sufit podwieszany m-system	m2	inna
Szlifowanie mleczka z tynków deweloperskich	m²	szlifowanie gruntu deweloperskiego	m2	ta-sama
Szlifowanie/matowienie ścian	m²	szlifowanie ścian z poprawkami	m2	ta-sama
Szpachlowanie połączeń ścian z GK i wklejanie taśmy wzmacniającej (łączenia pęknięć płyt, łączenia płyt GK etc.)	mb	szpachlowanie połaczeń ścian z gk i wklejanie taśmy wzmacniającej ( (łączenia pęknięć płyt, łączenia płyt gk etc.)	m2	ta-sama
Tapetowanie	m²	tapetowanie 2m2	kpl	ta-sama
Tapetowanie	m²	wykuwanie parapetów	szt	inna
Tapetowanie	m²	malowanie parapetu	mb	inna
Tapetowanie	m²	sylikonowanie parapetów	kpl	inna
Tynkowanie glifów lub powierzchni o szerokości do 30 cm / poprawka miejsc po demontażu ścian	mb	Tynkowanie glifów lub powierzchni o szerokości do 30 cm / poprawka miejsc po demontażu ścian, okien etc.	mb	ta-sama
Tynkowanie glifów lub powierzchni o szerokości do 30 cm / poprawka miejsc po demontażu ścian	mb	Tynkowanie glifów lub powierzchni o szerokości do 30 cm / poprawka miejsc po demontażu ścian/ przygotowanie pod montaż drzwi szklanych	mb	ta-sama
Tynkowanie ręczne ścian lub sufitów do 1 cm	m²	Tynkowanie ściany lub sufitów - równaniepo wyburzeniach do 5cm	m2	inna
Tynkowanie/wyrównywanie ścian lub sufitów na listwach tynkarskich do kilku cm grubości.	m²	Tynkowanie ściany lub sufitów - równaniepo wyburzeniach do 5cm	m2	ta-sama
Układanie wełny 10 cm na suficie	m²	ukladanie welny na suficie bez folii	m2	ta-sama
Układanie wełny w ścianach	m²	ukladanie welny na suficie bez folii	m2	inna
Zabudowy rur z GK (piony wodne, rury gazowe etc.) - po obejrzeniu	mb	Zabudowy rur z gk (piony wodne, rury gazowe etc.) - po obejrzeniu	kpl	ta-sama
Zabudowy rur z GK (piony wodne, rury gazowe etc.) - po obejrzeniu	mb	Zabudowy rur z gk (piony wodne, rury gazowe etc.)	mb	ta-sama
Zabudowy rur z GK (piony wodne, rury gazowe etc.) - po obejrzeniu	mb	Zabudowy rur z gk (piony wodne, rury gazowe etc.) - na pewno wentylacja plus piony jeżeli taka jest decyzja.	mb	ta-sama
Zamurowanie otworu drzwiowego na klatkę	m²	zamurowanie otworów drzwiowych	kpl	ta-sama
Zamurowanie otworu drzwiowego na klatkę	m²	poszerzanie otworu drzwiowych	szt	inna
Zamurowanie otworu drzwiowego na klatkę	m²	wykucie otworu drzwiowego w ścianie	kpl	inna
Ścianki działowe z płyt gipsowo-kartonowych NIDA na pojedynczej konstrukcji nośnej, z pokryciem obustronnym dwuwarstwowym 75-02; System NIDA Ściana 125A75 - cena z materiałem	m²	Ścianki działowe z płyt gipsowo-kartono- wych NIDA na pojedynczej konstrukcji nośnej, z pokryciem obustronnym dwu- warstwowym 75-02; System NIDA Ścia- na 125A75	m2	ta-sama
Zabezpieczenia mebli, podłóg, okien, drzwi i elementów niezbędnych do prac. Demontaż gniazd, włączników, lamp, karniszy etc. Zabezpieczenie sprzętów i wszelkich niezbędnych elementów. Oklejanie do malowania etc. Zabezpieczanie elementów już wykonanych, glazura zabudowy etc.	m²	Zabezpieczenia mebli, podłóg, okien, drzwi i elementów niezbędnych do prac. Zabezpieczanie elementów już wykonanych, glazura zabudowy etc.	m2	inna
# stare arkusze — pary dopisane ręcznie, których automat nie zaproponował
Montaż uchwytu TV	kpl	montaz telewizora	szt	ta-sama
Silikonowanie parapetu	mb	sylikon do parapetow	mb	ta-sama
Usuwanie podłogi pływającej panele etc.	m²	demontaż paneli	m2	ta-sama
Sufit podwieszany montaż stelaża z płytami - niski stopień skomplikowania prac	m²	Sufit podwieszany na stelazu	m2	ta-sama
Sufit podwieszany montaż stelaża z płytami - niski stopień skomplikowania prac	m²	sufit podwieszany	klp	ta-sama
Położenie gresu na podłodze format standard od 30x30 do 60x120	m²	Położenie gresu na podłodze + przedpokój	180	ta-sama
Położenie gresu na podłodze format standard od 30x30 do 60x120	m²	polozenie gresu napodlodze przedpokoj 120x60	m2	ta-sama

# drugie, luźniejsze przeszukanie prac „nigdy nieużytych” (jedno wspólne charakterystyczne słowo) — ręczna ocena 2026-10-06
Demontaż i montaż lamp korytarz i salon	szt	naprawa pekniec i ubytkow scian salon korytaz mala sypialnia	kpl	inna
Demontaż i montaż lamp korytarz i salon	szt	Montaż belek drewnianych w salonie wg. projektu	mb	inna
Demontaż i montaż lamp korytarz i salon	szt	Wykucie nadproża, montaż nowego i powiększenie otworu drzwiowego do kuchni z salonu	kpl	inna
Demontaż i montaż lamp korytarz i salon	szt	silikon w salonie	mb	inna
Demontaż i montaż lamp korytarz i salon	szt	rozkrecenie szaf prszenoszenie + skrecenie i montaz salon i pokoje	kpl	inna
Demontaż i montaż lamp korytarz i salon	szt	skucie cegiełki dekoracyjnej w salonie	m2	inna
Demontaż i montaż lamp korytarz i salon	szt	Zabezpieczenia mebli, podłóg, okien, drzwi i elementów niezbędnych do prac. Demontaż gniazd, włączników, lamp, karniszy etc. zabezpieczenie sprzętów i wszelkich niezbdnych elementów. okleajnie do malowania etc. Zabezpieczanie elementów już wykonanych, glazura zabudowy etc.	kpl	inna
Demontaż i montaż lamp korytarz i salon	szt	Montaż prostych lamp(bez składania)	szt	inna
Demontaż i montaż lamp korytarz i salon	szt	montaż lamp podtynkowych z obróbką	mb	inna
Demontaż i montaż lamp korytarz i salon	szt	Montaż lamp ze składaniem (trudne)	szt	inna
Demontaż i montaż lamp korytarz i salon	szt	Zabezpieczenia mebli, podłóg, okien, drzwi i elementów niezbędnych do prac. Demontaż gniazd, włączników, lamp, karniszy etc. zabezpieczenie sprzętów i wszelkich niezbdnych elementów. okleajnie do malowania etc. Zabezpieczanie elementów już wykonanych, glazura zabudowy etc.	m2	inna
Demontaż i montaż lamp korytarz i salon	szt	montaz lamp w lazience (wycinanie gk, robienie otworu w glazurze)	szt	inna
Montaż gniazdek i włączników smart home - cena +/- w zależności od osprzętu	szt	jednostka cena indywidualna w zależności od modelu	kpl	inna
Montaż gniazdek i włączników smart home - cena +/- w zależności od osprzętu	szt	położenie płytek między szafkami - cena zalezy od rodzaju płytek oraz ułożenie kuchni	m2	inna
Montaż gniazdek i włączników smart home - cena +/- w zależności od osprzętu	szt	Wynoszenie gruzu, mebli, armatury, śmieci, odpadów budowlanych etc. - cena zależy od pietra windy etc	kontener	inna
Montaż gniazdek i włączników smart home - cena +/- w zależności od osprzętu	szt	szacunkowo jednostki z montazem (cena zalezy od wybranych jednostek)	kpl	inna
Montaż gniazdek i włączników smart home - cena +/- w zależności od osprzętu	szt	Demontaże: wszelkie niezbędne demontaże szaf, zabudowy etc. - cena do ustalenia w zależności od tego co będzie wymagało demontażu	kpl	inna
Montaż gniazdek i włączników smart home - cena +/- w zależności od osprzętu	szt	Zabezpieczenia mebli, podłóg, okien, drzwi i elementów niezbędnych do prac. Demontaż gniazd, włączników, lamp, karniszy etc. zabezpieczenie sprzętów i wszelkich niezbdnych elementów. okleajnie do malowania etc. Zabezpieczanie elementów już wykonanych, glazura zabudowy etc.	kpl	inna
Montaż gniazdek i włączników smart home - cena +/- w zależności od osprzętu	szt	Wykonanie/przesunięcie punktów elektrycznych:gniazdka i włączniki, wiercenie otworu pod puszke, montaż puszki, doprowadzenie kabla	szt	inna
Montaż gniazdek i włączników smart home - cena +/- w zależności od osprzętu	szt	Wykonanie/przesunięcie punktów elektrycznych, gniazdka i włączniki, wiercenie otworu pod puszkę, montaż puszki, doprowadzenie kabla	szt	inna
Montaż gniazdek i włączników smart home - cena +/- w zależności od osprzętu	szt	Montaż gniazdek i włączników	szt	inna
Montaż gniazdek i włączników smart home - cena +/- w zależności od osprzętu	szt	Zabezpieczenia mebli, podłóg, okien, drzwi i elementów niezbędnych do prac. Demontaż gniazd, włączników, lamp, karniszy etc. zabezpieczenie sprzętów i wszelkich niezbdnych elementów. okleajnie do malowania etc. Zabezpieczanie elementów już wykonanych, glazura zabudowy etc.	m2	inna
Montaż gniazdek i włączników smart home - cena +/- w zależności od osprzętu	szt	Montaż gniazdek i włączników standard	szt	inna
Montaż gniazdek i włączników smart home - cena +/- w zależności od osprzętu	szt	Wykonanie punktów elektrycznych pod włącznik, gniazdko	szt	inna
Montaż rozdzielni CCTV - wycena indywidualna	kpl	podłoga w garażu - epoksyd - wycena indywidualna w zależności od wyboru materiału o ceny powierzchni	m2	inna
Montaż rozdzielni CCTV - wycena indywidualna	kpl	na całej ścianie gdzie jest wykusz wymiana popękanych szyb okiennych (bodajże 10, o różnych wymiarach) - wycena indywidualna do potwierdzenia po pomiarach, ale przyjmuje średnio 400 zł/okno	szt	inna
Montaż rozdzielni CCTV - wycena indywidualna	kpl	sprawdzenie obecnego pieca + demontaż/modyfikacja istniejącej instalacji CO - wycena indywidualna po rozpoczęciu prac i zweryfikowaniu istanijącej instalacji	kpl	inna
Montaż rozdzielni CCTV - wycena indywidualna	kpl	sprawdzenie instalacji wodnej i ewentualnie naprawy jeżeli to jakaś usterka - jeżeli coś grubszego to wycena indywidualna	kpl	inna
Montaż rozdzielni CCTV - wycena indywidualna	kpl	jednostka cena indywidualna w zależności od modelu	kpl	inna
Montaż rozdzielni CCTV - wycena indywidualna	kpl	Sufit podwieszany - każdy projekt wyceniany osobno.	m2	inna
Montaż rozdzielni CCTV - wycena indywidualna	kpl	Wykonanie przebicia przez ścianę nośną - podparcie stropu, montaż ceowników stalowych skręcanych wg wyliczeń konstruktora, wycinanie otworu, wykonanie wykończenia. Szacunkowa wycena przy założeniu, że nie jest to konstrukcja żelbetowa z prętami	kpl	inna
Montaż rozdzielni CCTV - wycena indywidualna	kpl	Luksfery policzyć i wycenić.	kpl	inna
Montaż rozdzielni CCTV - wycena indywidualna	kpl	Sufit podwieszany - trochę montaż, trochę naprawa. ciężko wycenić.	m2	inna
Montaż rozdzielni CCTV - wycena indywidualna	kpl	wzmocnienie ścianki pod umywalkę - dopiero po demontażach będę mógł coś zaproponować i wycenić.	kpl	inna
Montaż rozdzielni CCTV - wycena indywidualna	kpl	Okładziny ścienne z płyt laminowanych gr 18cm, kolor dąb winchester - wycena u stolarza jak tylko zostanie wybrany materiał. czy fornir czy laminat	m2	inna
Montaż rozdzielni CCTV - wycena indywidualna	kpl	Montaż/Przebudowa rozdzielni elektrycznej, dołożenie 1 bezpiecznika	szt	inna
Montaż wiatraków elektrycznych	szt	Położenie plytek na podłodze wiatrolap 20x20 +20x6	m2	inna
Montaż wiatraków elektrycznych	szt	Położenie gresu na podłodze w wiatrołapie wg. projektu	m2	inna
Montaż wiatraków elektrycznych	szt	Sufit podwieszany w wiatrołapie	kpl	inna
Przeniesienie lampy na gotowej ścianie; kucie, prace elektryczne, tynk, grunt, szpachla, malowanie, montaż lampy.	kpl	Przeniesienie punktu oświetleniowego - skucie, przedłużenie, szpachlowanie	kpl	ta-sama
Przeniesienie lampy na gotowej ścianie; kucie, prace elektryczne, tynk, grunt, szpachla, malowanie, montaż lampy.	kpl	Przewody kabelkowe o łącznym przekro- ju żył do Cu-6/Al-12 mm2 układane w gotowych bruzdach bez zaprawiania bruzd na podłożu nie-betonowym	mb	inna
Przeniesienie lampy na gotowej ścianie; kucie, prace elektryczne, tynk, grunt, szpachla, malowanie, montaż lampy.	kpl	Rurociągi z PVC kanalizacyjne o śr. 50/110 mm w gotowych wykopach, wewnątrz budynków o połączeniach wciskowych wraz z wykonaniem podejść	pkt	inna
Przeniesienie lampy na gotowej ścianie; kucie, prace elektryczne, tynk, grunt, szpachla, malowanie, montaż lampy.	kpl	montaż  gotowych schodów na antresole	kpl	inna
Przeniesienie lampy na gotowej ścianie; kucie, prace elektryczne, tynk, grunt, szpachla, malowanie, montaż lampy.	kpl	montaż gotowej barierki na antresoli	kpl	inna
Przeniesienie lampy na gotowej ścianie; kucie, prace elektryczne, tynk, grunt, szpachla, malowanie, montaż lampy.	kpl	przygotowanie ścina do układania płytek - ciężko powiedzieć co zastaniemy po usunięciu wanny ale zakładam, że mogą być niezbędne jakieś prace	kpl	inna
Przeniesienie lampy na gotowej ścianie; kucie, prace elektryczne, tynk, grunt, szpachla, malowanie, montaż lampy.	kpl	Przeszlifowanie ścian pod dalsze prace	m²	inna
Przeniesienie lampy na gotowej ścianie; kucie, prace elektryczne, tynk, grunt, szpachla, malowanie, montaż lampy.	kpl	dodatek za prace na wysokości	kpl	inna
Przeniesienie lampy na gotowej ścianie; kucie, prace elektryczne, tynk, grunt, szpachla, malowanie, montaż lampy.	kpl	Prace projektowe	kpl	inna
Przeniesienie lampy na gotowej ścianie; kucie, prace elektryczne, tynk, grunt, szpachla, malowanie, montaż lampy.	kpl	dodatek za prace na wysokościach	kpl	inna
Przeniesienie lampy na gotowej ścianie; kucie, prace elektryczne, tynk, grunt, szpachla, malowanie, montaż lampy.	kpl	tynk wapienny w garażu	m2	inna
Przeniesienie lampy na gotowej ścianie; kucie, prace elektryczne, tynk, grunt, szpachla, malowanie, montaż lampy.	kpl	Montaż kanału TV -wykucie i osadzenie + tynk	szt	inna
Montaż grzałki elektrycznej do grzejnika; demontaż grzejnika, wymiana zaworów, ponowny montaż grzejnika	szt	montaz grzalki do grzejnika	szt	ta-sama
Montaż grzałki elektrycznej do grzejnika; demontaż grzejnika, wymiana zaworów, ponowny montaż grzejnika	szt	Montaż grzejnika z zaworami	szt	inna
Montaż grzałki elektrycznej do grzejnika; demontaż grzejnika, wymiana zaworów, ponowny montaż grzejnika	szt	Montaż grzejników dekoracyjnych z zaworami	szt	inna
Montaż grzałki elektrycznej do grzejnika; demontaż grzejnika, wymiana zaworów, ponowny montaż grzejnika	szt	ponowny montaz grzejnika	szt	inna
Montaż grzałki elektrycznej do grzejnika; demontaż grzejnika, wymiana zaworów, ponowny montaż grzejnika	szt	Montaż grzejników ponowny	szt	inna
Montaż grzałki elektrycznej do grzejnika; demontaż grzejnika, wymiana zaworów, ponowny montaż grzejnika	szt	montaż grzejnika z zaworami	kpl	inna
Montaż grzałki elektrycznej do grzejnika; demontaż grzejnika, wymiana zaworów, ponowny montaż grzejnika	szt	demontaż szafki z umywalką + ponowny montaż wraz z sylikonowaniem	kpl	inna
Montaż grzałki elektrycznej do grzejnika; demontaż grzejnika, wymiana zaworów, ponowny montaż grzejnika	szt	Montaż zaworów	szt	inna
Montaż grzałki elektrycznej do grzejnika; demontaż grzejnika, wymiana zaworów, ponowny montaż grzejnika	szt	Montaż zaworów czerpalnych do umywalek i zlewów	szt	inna
Montaż grzałki elektrycznej do grzejnika; demontaż grzejnika, wymiana zaworów, ponowny montaż grzejnika	szt	demontaż i ponowny montaż szafki z umywalką - jeżeli będzie taka potrzeba	kpl	inna
Montaż grzałki elektrycznej do grzejnika; demontaż grzejnika, wymiana zaworów, ponowny montaż grzejnika	szt	montaż zaworów na pionach ogrzewania	szt	inna
Montaż grzałki elektrycznej do grzejnika; demontaż grzejnika, wymiana zaworów, ponowny montaż grzejnika	szt	zabezpieczanie mieszkania do ponownego malowania, już z meblami i listwami	m2	inna
Montaż syfonu klimatyzacji natynkowo	kpl	montaż baterii prysznicowo/wannowej natynkowej	szt	inna
Montaż syfonu klimatyzacji natynkowo	kpl	montaż baterii prysznicowo/wannowej natynkowej pralnia	kpl	inna
Montaż syfonu klimatyzacji natynkowo	kpl	Demontaż przewodów wodociągowych z rur stalowych ocynkowanych o śr. do 25 mm Demontaż armatury sanitarnej Demontaż gniazd wtyczkowych natynko- wych Demontaż oprawek zwykłych do zawie- szania Demontaż tablic rozdzielczych z odłą- czeniem przewodów Demontaż przewodów kabelkowych	kpl	inna
Montaż syfonu klimatyzacji natynkowo	kpl	klima	szt	inna
Montaż syfonu klimatyzacji natynkowo	kpl	zarobienie bruzd w posadzce po klimatyzacji	mb	inna
Montaż syfonu klimatyzacji natynkowo	kpl	montaż dodatkowego bezpiecznika na klimatyzacje	szt.	inna
Montaż syfonu klimatyzacji natynkowo	kpl	montaż umywalki z syfonem i bateria ?	kpl	inna
Montaż syfonu klimatyzacji natynkowo	kpl	Montaż syfonów	szt	inna
Montaż syfonu klimatyzacji natynkowo	kpl	Montaż syfonów	kpl	inna
Montaż syfonu klimatyzacji natynkowo	kpl	Montaż wanny wolnostojącej z syfonem	kpl	inna
Montaż syfonu klimatyzacji natynkowo	kpl	wymiana syfonu w pralce	szt	inna
Montaż syfonu klimatyzacji natynkowo	kpl	Montaż syfonu + dojazd dodatkowy	kpl	inna
Montaż oświetlenia LED	szt	Wymiana oświetlenia LED przy lustrze w łazience - sama naprawa	kpl	inna
Montaż oświetlenia LED	szt	Montaż pprofili świetlnych do oswietlenia LED w sufitach podwieszanych	mb	inna
Montaż oświetlenia LED	szt	Wykonanie punktów oświetleniowych	szt	inna
Montaż oświetlenia LED	szt	Wykonanie punktów oświetleniowych, czujki, rolety	szt	inna
Montaż oświetlenia LED	szt	Wykonanie punktów oświetleniowych/elektrycznych	szt	inna
Montaż oświetlenia LED	szt	Przeniesienie gniazdka do okapu + ponowne podłączenie oświetlenia kuchni	kpl	inna
Montaż oświetlenia LED	szt	Przeniesienie punktu oświetleniowego - skucie, przedłużenie, szpachlowanie	kpl	inna
Montaż oświetlenia LED	szt	Lutowanie taśm LED	pkt	inna
Montaż oświetlenia LED	szt	Montaż profili LED podtynkowych w suficie	mb	inna
Montaż oświetlenia LED	szt	Montaż i podłączenie listw led + taśm	mb	inna
Montaż oświetlenia LED	szt	sufit podwieszany z led	kpl	inna
Montaż oświetlenia LED	szt	Sufit podwieszany z LED wg. projektu	kpl	inna
Wycinanie otworów pod zlew, płytę indukcyjną etc.	szt	montaz blatu kuchennego z wyciecem otworu pod zlew	kpl	ta-sama
Wycinanie otworów pod zlew, płytę indukcyjną etc.	szt	Podłączenie indukcji	szt	inna
Wycinanie otworów pod zlew, płytę indukcyjną etc.	szt	podlaczenie indukcji i plyty gazowej	szt	inna
Wycinanie otworów pod zlew, płytę indukcyjną etc.	szt	Wycinanie otworu drzwi	klp	inna
Wycinanie otworów pod zlew, płytę indukcyjną etc.	szt	wycinanie ścian do 20 cm szerokości	mb	inna
Wycinanie otworów pod zlew, płytę indukcyjną etc.	szt	Wykonanie przebicia przez ścianę nośną - podparcie stropu, montaż ceowników stalowych skręcanych wg wyliczeń konstruktora, wycinanie otworu, wykonanie wykończenia. Szacunkowa wycena przy założeniu, że nie jest to konstrukcja żelbetowa z prętami	kpl	inna
Wycinanie otworów pod zlew, płytę indukcyjną etc.	szt	Wycinanie nadproży	szt	inna
Wycinanie otworów pod zlew, płytę indukcyjną etc.	szt	wycinanie belki (drabina na dach)	kpl	inna
Wycinanie otworów pod zlew, płytę indukcyjną etc.	szt	montaz lamp w lazience (wycinanie gk, robienie otworu w glazurze)	szt	inna
Wycinanie otworów pod zlew, płytę indukcyjną etc.	szt	delikatne wycinanie sztukaterii ściennej	mb	inna
Wykonanie wentylacji w kuchni - prawdopodobnie trzeba rozdzielić kanał i klapę zwrotną - weryfikacja na miejscu	kpl	Uzupełnianie fugi w łazience - do weryfikacji czy można uzupełniać, czy trzeba całą wygrzebać, bo nie zawsze się da	kpl	inna
Wykonanie wentylacji w kuchni - prawdopodobnie trzeba rozdzielić kanał i klapę zwrotną - weryfikacja na miejscu	kpl	Poprawienie elektryki w gabinecie - weryfikacja na miejscu, kwota szacunkowa	kpl	inna
Wykonanie wentylacji w kuchni - prawdopodobnie trzeba rozdzielić kanał i klapę zwrotną - weryfikacja na miejscu	kpl	montaz kanalu wenylacji w kuchni	kpl	ta-sama
Wykonanie wentylacji w kuchni - prawdopodobnie trzeba rozdzielić kanał i klapę zwrotną - weryfikacja na miejscu	kpl	przerobienie kanalizacji w kuchni+ otwor w szafce	kpl	inna
Wykonanie wentylacji w kuchni - prawdopodobnie trzeba rozdzielić kanał i klapę zwrotną - weryfikacja na miejscu	kpl	Przeniesienie wentylacji do kuchni - w zabudowie gk przy suficie.	kpl	inna
Wykonanie wentylacji w kuchni - prawdopodobnie trzeba rozdzielić kanał i klapę zwrotną - weryfikacja na miejscu	kpl	wykonanie wentylacji do kuchni -	kpl	ta-sama
Wykonanie wentylacji w kuchni - prawdopodobnie trzeba rozdzielić kanał i klapę zwrotną - weryfikacja na miejscu	kpl	wykonanie wentylacji do kuchni	kpl	ta-sama
Wykonanie wentylacji w kuchni - prawdopodobnie trzeba rozdzielić kanał i klapę zwrotną - weryfikacja na miejscu	kpl	Dojazdy do sklepu + zakupy + zwroty	kpl	inna
Wykonanie wentylacji w kuchni - prawdopodobnie trzeba rozdzielić kanał i klapę zwrotną - weryfikacja na miejscu	kpl	Montaż zaworów przelotowych albo zwrotnych do wody zimnej lub ciepłej o śr. 20 mm lub Zawory przelotowe kulowe instalacji wo- dociągowych z rur z tworzyw sztucznych o śr. nominalnej 20 mm	szt	inna
Wykonanie wentylacji w kuchni - prawdopodobnie trzeba rozdzielić kanał i klapę zwrotną - weryfikacja na miejscu	kpl	Demontaż sufitów podwieszanych łazienka rodziców. Prawdopodbnie się rozleci.	m²	inna
Wykonanie wentylacji w kuchni - prawdopodobnie trzeba rozdzielić kanał i klapę zwrotną - weryfikacja na miejscu	kpl	Weryfikacja sprawności instalacji elektrycznej całego domu, wymiana taśm izolacyjnych na połączenia wago	kpl	inna
Wykonanie wentylacji w kuchni - prawdopodobnie trzeba rozdzielić kanał i klapę zwrotną - weryfikacja na miejscu	kpl	Montaż ścian GK po skuwaniu płytek - duże prawdopodobieństwo, że będą do odtworzenia, bo płytki mogą schodzić razem z płytami gk.	m2	inna
Montaż drzwi do systemu kasetowego	kpl	przygotowanie miejsca pod kasetę i obudowa kartongaipsem	kpl	inna
Montaż drzwi do systemu kasetowego	kpl	demontaz kasety, odkręcenie gk, przeróbka ściany, montaż płyty	kpl	inna
Montaż drzwi do systemu kasetowego	kpl	Sufit podwieszany m-system	m2	inna
Montaż drzwi do systemu kasetowego	kpl	Sufit podwieszany kasetonowy z wypeł- nieniem płytami sufitowymi RIGIPS GYPTONE; konstrukcja rusztu niewi- doczna z profilami głównymi co 60/ 120CM cm - ZGODNIE Z PROJEKTEM + warstwa paraizolacji	m2	inna
Montaż drzwi do systemu kasetowego	kpl	Ścianki działowe z płyt gipsowo-kartono- wych NIDA na pojedynczej konstrukcji nośnej, z pokryciem obustronnym dwu- warstwowym 75-02; System NIDA Ścia- na 125A75	m2	inna
Montaż drzwi do systemu kasetowego	kpl	Przebudowa/doprowadzenie/wymiana instalacji c.w.u oraz z.w.u - Rurociągi w instalacjach c.o. zw syste- mie KAN-Therm Press rury polietyleno- we PE-RT/Al/PE-HD Multi Universal z wkładką aluminiową o śr. zewnętrznej 20 mm o połączeniach zgrzewanych na ścianach w budynkach	pkt	inna
Montaż drzwi do systemu kasetowego	kpl	Przebudowa punktów centralnego ogrzewania - Rurociągi w instalacjach c.o. zw syste- mie KAN-Therm Press rury polietyleno- we PE-RT/Al/PE-HD Multi Universal z wkładką aluminiową o śr. zewnętrznej 20 mm o połączeniach zgrzewanych na ścianach w budynkach	pkt	inna
Naprawa barierki drewnianej - wycena na miejscu	kpl	Sufit podwieszany - trochę montaż, trochę naprawa. ciężko wycenić.	m2	inna
Naprawa barierki drewnianej - wycena na miejscu	kpl	sprawdzenie instalacji wodnej i ewentualnie naprawy jeżeli to jakaś usterka - jeżeli coś grubszego to wycena indywidualna	kpl	inna
Naprawa barierki drewnianej - wycena na miejscu	kpl	Demontaże: wszelkie niezbędne demontaże - głównie łazienki, barierki, etc.	kpl	inna
Naprawa barierki drewnianej - wycena na miejscu	kpl	malowanie barierek	mb	inna
Naprawa barierki drewnianej - wycena na miejscu	kpl	odmalowanie barierek z mechanicznym usunięciem rdzy	kpl	inna
Naprawa barierki drewnianej - wycena na miejscu	kpl	spawanie skorodowanych barierek	kpl	inna
Naprawa barierki drewnianej - wycena na miejscu	kpl	montaż gotowej barierki na antresoli	kpl	inna
Naprawa barierki drewnianej - wycena na miejscu	kpl	malowanie schodow + barierki	kpl	inna
Naprawa barierki drewnianej - wycena na miejscu	kpl	Sufit podwieszany - każdy projekt wyceniany osobno.	m2	inna
Naprawa barierki drewnianej - wycena na miejscu	kpl	Wykonanie przebicia przez ścianę nośną - podparcie stropu, montaż ceowników stalowych skręcanych wg wyliczeń konstruktora, wycinanie otworu, wykonanie wykończenia. Szacunkowa wycena przy założeniu, że nie jest to konstrukcja żelbetowa z prętami	kpl	inna
Naprawa barierki drewnianej - wycena na miejscu	kpl	Luksfery policzyć i wycenić.	kpl	inna
Naprawa barierki drewnianej - wycena na miejscu	kpl	Przeniesienie wentylacji - wycena indywidualna	kpl	inna
Regulacja okien	szt	Montaż drzwi, ościeżnic regulowanych, klamek, zamków	szt	inna
Regulacja okien	szt	Montaż drzwi, ościeżnic regulowanych, klamek, zamków - montaż wcześniej zdjętych drzwi	szt	inna
Regulacja okien	szt	montaz zaworu regulujacego cisnienie w domu	szt	inna
Regulacja okien	szt	Zabezpieczenia mebli, podłóg, okien, drzwi i elementów niezbędnych do prac. Demontaż gniazd, włączników, lamp, karniszy etc. zabezpieczenie sprzętów i wszelkich niezbdnych elementów. okleajnie do malowania etc. Zabezpieczanie elementów już wykonanych, glazura zabudowy etc.	kpl	inna
Regulacja okien	szt	wklejanie narożników aluminiowych i wklejanie siatki + szpachlowanie narożniki, glify okienne etc. wszędzie tam gdzie to wymaga	mb	inna
Regulacja okien	szt	Zabezpieczenia mebli, podłóg, okien, drzwi i elementów niezbędnych do prac. Demontaż gniazd, włączników, lamp, karniszy etc. zabezpieczenie sprzętów i wszelkich niezbdnych elementów. okleajnie do malowania etc. Zabezpieczanie elementów już wykonanych, glazura zabudowy etc.	m2	inna
Regulacja okien	szt	Zabezpieczenia mebli, podłóg, okien, drzwi i elementów niezbędnych do prac. Zabezpieczanie elementów już wykonanych, glazura zabudowy etc. - mieszkanie zamieszkane	m²	inna
Regulacja okien	szt	obrobka okien dachowych z gk	mb	inna
Regulacja okien	szt	Demontaże: wszelkie niezbędne demontaże szaf, zabudowy etc. - glify okien dachowych,schodek pod pralka piwnica,wyposarzenie lazienek.	kpl	inna
Regulacja okien	szt	czyszczenie okien nad parapetami	mb	inna
Regulacja okien	szt	Zabezpieczenia mebli, podłóg, okien, drzwi i elementów niezbędnych do prac. Zabezpieczanie elementów już wykonanych, glazura zabudowy etc. Dbanie o porządek w trakcie trwania całego remontu.	m²	inna
Regulacja okien	szt	na całej ścianie gdzie jest wykusz wymiana popękanych szyb okiennych (bodajże 10, o różnych wymiarach) - wycena indywidualna do potwierdzenia po pomiarach, ale przyjmuje średnio 400 zł/okno	szt	inna
Renowacja parapetów	kpl	demontaz parapetow betonowych	mb	inna
Renowacja parapetów	kpl	Montaż parapetów	mb	inna
Renowacja parapetów	kpl	Demontaż parapetów	szt	inna
Renowacja parapetów	kpl	Silikonowanie parapetu	mb	inna
Renowacja parapetów	kpl	zrobienie parapetu z gk	kpl	inna
Renowacja parapetów	kpl	czyszczenie okien nad parapetami	mb	inna
Renowacja parapetów	kpl	Montaż parapetów kamiennych	mb	inna
Renowacja parapetów	kpl	Wklejanie parapetu z GK + narożniki alum.	kpl	inna
Renowacja parapetów	kpl	skuwanie parapetów betonowych	szt	inna
Renowacja parapetów	kpl	sylikon do parapetow	mb	inna
Renowacja parapetów	kpl	malowanie parapetu	mb	inna
Renowacja parapetów	kpl	obrobienie drzwi w kotlowni + parapety+ glif	kpl	inna
Wymiana uszczelek w oknach - z materiałem	mb	montaż pianki dylatacji + sylikon + uszczelka na listwy	mb	inna
Wymiana uszczelek w oknach - z materiałem	mb	Przebicie otworów o powierzchni 0.05 m2 - 0.10 m2 w elementach z betonu żwirowego o grubości do 20 cm - uszczelenienie masą ogniochronną	szt	inna
Wymiana uszczelek w oknach - z materiałem	mb	bruzdowanie pod kable elektryczne w materiałach miękkich	mb	inna
Wymiana uszczelek w oknach - z materiałem	mb	TRANSPORT I WNIESIENIE MATERIAŁÓW WYKOŃCZENIOWYCH - stawki do ustalenia w zależności od rodzaju i ilości	kpl	inna
Wymiana uszczelek w oknach - z materiałem	mb	bruzdowanie pod rury materiał miękki	mb	inna
Wymiana uszczelek w oknach - z materiałem	mb	Bruzdowanie pod instalacje wod-kan w materiałach miękkich	mb	inna
Wymiana uszczelek w oknach - z materiałem	mb	wylewka betonowa ok 3-5cm - szacunkowo z materiałem  8-10k	kpl	inna
Wymiana uszczelek w oknach - z materiałem	mb	Wyburzanie ścian do 12 cm grubości - materiał miękki	m²	inna
Wymiana uszczelek w oknach - z materiałem	mb	Dodatek za wniesienie dużej ilości materiałów 1 zł/kg + 0,3 zł za każde piętro bez windy	kg	inna
Wymiana uszczelek w oknach - z materiałem	mb	Wyburzanie ścian 12-20 cm grubości - materiał miękki	m²	inna
Wymiana uszczelek w oknach - z materiałem	mb	Bruzdowanie pod kable elektryczne w materiałach miękkich - trochę wyższa kwota bo będzie to bruzdowanie jednak skomplikowane bardziej ze względu na to, żeby nie uszkodzić obecnych kabli.	mb	inna
Wymiana uszczelek w oknach - z materiałem	mb	Zakup, transport i wniesienie towaru budowlanego (cały okres remontu) - dużo wnoszenia, materiałów i płyt, poddasze do zrobienia.	kpl	inna
Dodatek za wylewkę samopoziomująca za każdy 1mm/3zł	mm	wylewka smaopoziomująca w całym mieszkaniu do 5mm	m2	inna
Dodatek za wylewkę samopoziomująca za każdy 1mm/3zł	mm	Wylewka samopoziomująca w całym mieszkaniu do 8 mm	m²	inna
Dodatek za wylewkę samopoziomująca za każdy 1mm/3zł	mm	Ogrzewanie podłogowe elektryczne, ułożenie maty + wylewka samopoziomująca	m²	inna
Dodatek za wylewkę samopoziomująca za każdy 1mm/3zł	mm	wylewka smaopoziomująca w całym mieszkaniu do 3mm - tylko wyrównanie pod panele bez wylewania żeby zrównać się z glazura, z wariantem, że podłoga w łazience będzie obniżona.	m2	inna
Dodatek za wylewkę samopoziomująca za każdy 1mm/3zł	mm	wylewka smaopoziomująca w całym mieszkaniu do 12mm	m2	inna
Dodatek za wylewkę samopoziomująca za każdy 1mm/3zł	mm	wylewka smaopoziomująca w całym mieszkaniu do 12-19mm	m2	inna
Dodatek za wylewkę samopoziomująca za każdy 1mm/3zł	mm	Sufit podwieszany - każdy projekt wyceniany osobno.	m2	inna
Dodatek za wylewkę samopoziomująca za każdy 1mm/3zł	mm	Instalacja wod kan nowy punkty, przeniesienie, lub przedłużenie  - każdy punkt	pkt	inna
Dodatek za wylewkę samopoziomująca za każdy 1mm/3zł	mm	Wkucie w ścianę działową instalacji wod-kan każdy punkt/zespół punktów. Kompleksowo razem z zaszpachlowaniem	pkt	inna
Dodatek za wylewkę samopoziomująca za każdy 1mm/3zł	mm	Wkucie w ścianę instalacji wod-kan każdy punkt	pkt	inna
Dodatek za wylewkę samopoziomująca za każdy 1mm/3zł	mm	Instalacja wod-kan nowe punkty, przeniesienie lub przedłużenie - każdy punkt	szt	inna
Dodatek za wylewkę samopoziomująca za każdy 1mm/3zł	mm	Wkucie w ścianę instalacji wod-kan każdy punkt/zespół punktów. Kompleksowo razem z zaszpachlowaniem	pkt	inna
Montaż listew przypodłogowych metalowych	mb	usunięcie metalowych futryn	kpl	inna
Montaż listew przypodłogowych metalowych	mb	Demontaż umywalki ,grzejnika, kanalizacji, i rur metal	szt	inna
Montaż listew przypodłogowych metalowych	mb	Demontaż ościeżnic metalowych	kpl	inna
Montaż listew przypodłogowych metalowych	mb	montaz kratek metalowych + drzwiczek + malowanie ich	szt	inna
Montaż listew przypodłogowych metalowych	mb	usunięcie metalowych futryn z drzwi wejściowych	kpl	inna
Montaż listew przypodłogowych metalowych	mb	demontaż rur metalowych	kpl	inna
Montaż listew przypodłogowych metalowych	mb	montaż metaowej półki	szt	inna
Montaż listew przypodłogowych metalowych	mb	wklejanie maty kompensacyjnej - w przypadku domu szkieletowego sugeruje po całości kleić maty natomiast obowiązkowo tam gdzie płyta dużego formatu.	m2	inna
Montaż listew przypodłogowych metalowych	mb	wklejanie maty kompensacyjnej - w przypadku domu szkieletowego sugeruje po całości kleić maty natomiast obowiązkowo tam gdzie płyta dużego formatu.	mb	inna
Montaż listew przypodłogowych metalowych	mb	montaż listw sztukateryjnych na ścianach przygotowane do malowania (docinanie, montaż, szpachlowanie połączeń, akrylowanie, szlifowanie)	mb	inna
Montaż listew przypodłogowych metalowych	mb	montaż listw sztukateryjnych sufitowych(osłona karnisza) przygotowane do malowania (docinanie, montaż, szpachlowanie połączeń, akrylowanie, szlifowanie)	mb	inna
Montaż listew przypodłogowych metalowych	mb	Równe cięcia podłóg do łączeń bez listew	mb	inna
Otwory w płytkach pod rury	szt	bruzdowanie pod rury materiał miękki	mb	inna
Otwory w płytkach pod rury	szt	rury miedziane + skropliny  + ułożenie	mb	inna
Otwory w płytkach pod rury	szt	Zabudowy rur z gk (piony wodne, rury gazowe etc.) - po obejrzeniu	mb	inna
Otwory w płytkach pod rury	szt	Uzupełnianie posadzki po wyburzeniach i bruzdowaniach tam gdzie ułożone są rury + szycie dylatacji	m²	inna
Otwory w płytkach pod rury	szt	.⁠⁠Zabudowa rury w pokoju na piętrze	kpl	inna
Otwory w płytkach pod rury	szt	poprawinie zle wystajacej rury z woda wychodzacej na ogrod	kpl	inna
Otwory w płytkach pod rury	szt	Mechaniczne przebijanie otworów w ścianach lub stropach żelbetowych o długości przebicia do 100 cm - śr. rury do 60 mm	kpl	inna
Otwory w płytkach pod rury	szt	Bruzdowanie pod rury żelbet	mb	inna
Otwory w płytkach pod rury	szt	Malowanie rury stalowej farbą uniwersalną	szt	inna
Otwory w płytkach pod rury	szt	szlifowanie rury ze starej farby	kpl	inna
Otwory w płytkach pod rury	szt	Zabudowy rur z gk (piony wodne, rury gazowe etc.) - zabudowa rury wc + zabudowa starego pionu	kpl	inna
Otwory w płytkach pod rury	szt	Rury miedziane + skropliny	mb	inna
Posadzki z mikrocementu sama robocizna	m²	Okładziny ścienne z lameli drewnianych 2x2cm, kolor dąb winchester - sama robocizna. mogę uwzględnić materiał jak będę również wiedział czy drewno naturalne, czy laminat czy fornir	m2	inna
Posadzki z mikrocementu sama robocizna	m²	Posadzki z mikrocementu bez mikrocementu. tutaj musimy wybrac odpowiedni, który będzie się nadawał na duże natężenie ruchu. pracowałem na kilku różnych mikrocementach, więc temat do dyskusji.	m2	ta-sama
Posadzki z mikrocementu sama robocizna	m²	mycie fugi pod prysznicem, bo nie była umyta po robocie	kpl	inna
Posadzki z mikrocementu sama robocizna	m²	Układanie paneli winylowych jodełka na klej - zostaje ta sama cena, klej wliczony	m²	inna
Posadzki z mikrocementu sama robocizna	m²	Mikrocement	m²	inna
Posadzki z mikrocementu sama robocizna	m²	dostawa farby przez adama - czas/paliwo- cena taka sama jak hurtownia bierze, za dostawe	szt	inna
Posadzki z mikrocementu sama robocizna	m²	Wymiana oświetlenia LED przy lustrze w łazience - sama naprawa	kpl	inna
Posadzki z mikrocementu sama robocizna	m²	mikrocement gabinet	m2	inna
Posadzki z mikrocementu sama robocizna	m²	Czyszczenie drzwi, okna itp z mikrocementu	kpl	inna
Posadzki z mikrocementu sama robocizna	m²	skuwanie posadzki celem przygotowania wygłuszenia	m2	inna
Posadzki z mikrocementu sama robocizna	m²	uzupełnianie posadzki po wyburzeniach	mb	inna
Posadzki z mikrocementu sama robocizna	m²	zmiana kanalizacji z wanny na odpływ liniowy - skucie posadzki, obniżenie rur w pionie, wykonanie odpowiedniego spadku	kpl	inna
Położenie gresu na podłodze format mały 20x20	m²	Położenie plytek na podłodze wiatrolap 20x20 +20x6	m2	ta-sama
Położenie gresu na podłodze format mały 20x20	m²	Położenie plytek na podłodze pokoj pani Joanny,korytaz,pokoj dzienny 20X20	m2	ta-sama
Położenie gresu na podłodze format mały 20x20	m²	Położenie płytek między szafkami mały format cegiełki itp.	m²	inna
Położenie gresu na podłodze format mały 20x20	m²	położenie płytek między szafkami maly format	m2	inna
Położenie gresu na podłodze format mały 20x20	m²	Położenie gresu na podłodze + kuchnia i przedpokój	m2	inna
Położenie gresu na podłodze format mały 20x20	m²	Położenie gresu technicznego poziom 0	m²	inna
Położenie gresu na podłodze format mały 20x20	m²	Położenie gresu na podłodze + kuchnia i przedpokój pralnia	m2	inna
Położenie gresu na podłodze format mały 20x20	m²	Położenie gresu na podłodze  przedpokój	m2	inna
Położenie gresu na podłodze format mały 20x20	m²	Położenie gresu na podłodze + kuchnia i przedpokój (karo)	m²	inna
Położenie gresu na podłodze format mały 20x20	m²	polozenie gresu na podlodze garaz gabinet pralnia	m2	inna
Położenie gresu na podłodze format mały 20x20	m²	Położenie gresu 5x15	m2	ta-sama
Położenie gresu na podłodze format mały 20x20	m²	Położenie gresu na podłodze + przedpokój	180	inna
Położenie gresu na podłodze wielki format 120x270 itp.	m²	Układanie glazury na ścianie wielki format 120x270	m²	inna
Położenie gresu na podłodze wielki format 120x270 itp.	m²	Położenie gresu na podłodze + kuchnia i przedpokój	m2	inna
Położenie gresu na podłodze wielki format 120x270 itp.	m²	Położenie gresu technicznego poziom 0	m²	inna
Położenie gresu na podłodze wielki format 120x270 itp.	m²	Położenie gresu na podłodze + kuchnia i przedpokój pralnia	m2	inna
Położenie gresu na podłodze wielki format 120x270 itp.	m²	Położenie gresu na podłodze + kuchnia i przedpokój (karo)	m²	inna
Położenie gresu na podłodze wielki format 120x270 itp.	m²	polozenie gresu na podlodze garaz gabinet pralnia	m2	inna
Położenie gresu na podłodze wielki format 120x270 itp.	m²	Położenie gresu 5x15	m2	inna
Położenie gresu na podłodze wielki format 120x270 itp.	m²	Położenie gresu na podłodze + przedpokój	180	inna
Położenie gresu na podłodze wielki format 120x270 itp.	m²	Położenie gresu na podłodze w wiatrołapie wg. projektu	m2	inna
Położenie gresu na podłodze wielki format 120x270 itp.	m²	Przyklejenie maty kompensacyjnej pod płytki wielkoformatowe	m²	inna
Położenie gresu na podłodze wielki format 120x270 itp.	m²	Układanie płytek w glifach, półeczkach itp. do 20 cm wielki format	mb	inna
Położenie gresu na podłodze wielki format 120x270 itp.	m²	Układanie plytek wielki format ciana	m²	inna
Przemalowanie stopni i podstopni - z lekkim matowieniem	szt	Cyklinowanie schodów stopień + podstopień	szt	inna
Przemalowanie stopni i podstopni - z lekkim matowieniem	szt	szlifowanie/matowiecie ścian	m2	inna
Przemalowanie stopni i podstopni - z lekkim matowieniem	szt	Szlifowanie krawędzi płytek na 45 stopni	mb	inna
Przemalowanie stopni i podstopni - z lekkim matowieniem	szt	ciecie plytek 45 stopni	mb	inna
Przemalowanie stopni i podstopni - z lekkim matowieniem	szt	wykonanie stopnia z gresu	szt	inna
Przemalowanie stopni i podstopni - z lekkim matowieniem	szt	szlifowanie plyrek 45 stopni kominek	mb	inna
Przemalowanie stopni i podstopni - z lekkim matowieniem	szt	3 stopnie z glazury razem z listwami	szt	inna
Przemalowanie stopni i podstopni - z lekkim matowieniem	szt	wylanie z uzbrojeniem stopni pod okładziny drewniane	kpl	inna
Reprofilacja/szlifowanie posadzki do 1 cm - jeżeli będzie konieczne	m²	skuwanie zaokręgleń przy suficie - trzeba sprawdzić czy koniecznie, bo będzie listwa przysufitowa 8x8cm	mb	inna
Reprofilacja/szlifowanie posadzki do 1 cm - jeżeli będzie konieczne	m²	Gładzie na ścianach i sufitach rynek wtórny  (3-4 warstwy) + podkład z tynku jeżeli będzie potrzebny, jak nie to cena niższa nieco	m2	inna
Reprofilacja/szlifowanie posadzki do 1 cm - jeżeli będzie konieczne	m²	demontaż i ponowny montaż szafki z umywalką - jeżeli będzie taka potrzeba	kpl	inna
Reprofilacja/szlifowanie posadzki do 1 cm - jeżeli będzie konieczne	m²	Cyklinowanie - cena już z materiałem. Ewentualnie dodatkowe koszty mogą się pojawić jeżeli trzeba będzie coś naprawiać itp.	m²	inna
Reprofilacja/szlifowanie posadzki do 1 cm - jeżeli będzie konieczne	m²	szlifowanie mleczka z tynków deweloperskich - jeżeli ściany będą tego wymagały. Do sprawdzenia na miejscu.	m2	inna
Reprofilacja/szlifowanie posadzki do 1 cm - jeżeli będzie konieczne	m²	Posadzki z mikrocementu bez mikrocementu. tutaj musimy wybrac odpowiedni, który będzie się nadawał na duże natężenie ruchu. pracowałem na kilku różnych mikrocementach, więc temat do dyskusji.	m2	inna
Reprofilacja/szlifowanie posadzki do 1 cm - jeżeli będzie konieczne	m²	szlifowanie posadzki lub ścian do 1cm	m2	ta-sama
Reprofilacja/szlifowanie posadzki do 1 cm - jeżeli będzie konieczne	m²	szlifowanie posadzki subit	m2	inna
Reprofilacja/szlifowanie posadzki do 1 cm - jeżeli będzie konieczne	m²	gruntowanie farba podkładową - bardzo zalecane na świeże gładzie. dzięki temu zmniejszamy chłonność powierzchni oraz unikamy na ścianach pasów i wrażenia nierównego malowania. Również przy malowaniu tynków bez gładzi warto zrobić taką warstwe podkładową. do ustalenia czy konieczne	m2	inna
Reprofilacja/szlifowanie posadzki do 1 cm - jeżeli będzie konieczne	m²	skuwanie tynku ze ścian - trzeba było koniecznie skuć, bo nie można było do niego kleić bo odpadał.	m2	inna
Reprofilacja/szlifowanie posadzki do 1 cm - jeżeli będzie konieczne	m²	gładzie klatka schodowa dodatek do m2 jeżeli dostęp utrudniony	m2	inna
Reprofilacja/szlifowanie posadzki do 1 cm - jeżeli będzie konieczne	m²	Wymiana słuchawki - jeżeli to samo wpięcie samej słuchawki, to za darmo, a jeżeli wymiana całego domofonu, to 150 zł	szt	inna
Układanie gotowych cokołów na balkonach	mb	Przewody kabelkowe o łącznym przekro- ju żył do Cu-6/Al-12 mm2 układane w gotowych bruzdach bez zaprawiania bruzd na podłożu nie-betonowym	mb	inna
Układanie gotowych cokołów na balkonach	mb	Rurociągi z PVC kanalizacyjne o śr. 50/110 mm w gotowych wykopach, wewnątrz budynków o połączeniach wciskowych wraz z wykonaniem podejść	pkt	inna
Układanie gotowych cokołów na balkonach	mb	montaż  gotowych schodów na antresole	kpl	inna
Układanie gotowych cokołów na balkonach	mb	montaż gotowej barierki na antresoli	kpl	inna
Układanie gotowych cokołów na balkonach	mb	Wykonanie gniazda zewnętrznego na balkonie	szt	inna
Układanie gotowych cokołów na balkonach	mb	Wykonanie gniazda zewnętrznego na balkonie z przebiciem się przez ściane	szt	inna
Układanie gotowych cokołów na balkonach	mb	malowanie balkonu z drobnymi poprawkami	m2	inna
Układanie gotowych cokołów na balkonach	mb	demontaz daszka balkon	szt	inna
Układanie gotowych cokołów na balkonach	mb	Demontaże, panele, półki na balkonie, łóżko, płyta gazowa, piekarnik, zabudowa lodówki, prysznic.	kpl	inna
Układanie gotowych cokołów na balkonach	mb	hydroizolacja na balkonie	m2	inna
Układanie gotowych cokołów na balkonach	mb	demontaz plastikowej zabudowy na balkonie	kpl	inna
Układanie gotowych cokołów na balkonach	mb	cokół z glazury	mb	inna
Uzupełnianie posadzki - 60 cm pasek wylewka + styropian + dylatacja	mb	Uzupełnianie posadzki po wyburzeniach i bruzdowaniach tam gdzie ułożone są rury + szycie dylatacji	m²	inna
Uzupełnianie posadzki - 60 cm pasek wylewka + styropian + dylatacja	mb	wylewka betonowa ok 3-5cm + styropain	m2	inna
Uzupełnianie posadzki - 60 cm pasek wylewka + styropian + dylatacja	mb	uzupełnianie posadzki po wyburzeniach	mb	inna
Uzupełnianie posadzki - 60 cm pasek wylewka + styropian + dylatacja	mb	uzupełnienie wylewki  korytarz	kpl	inna
Uzupełnianie posadzki - 60 cm pasek wylewka + styropian + dylatacja	mb	Szycie dylatacji w posadzce	mb	inna
Uzupełnianie posadzki - 60 cm pasek wylewka + styropian + dylatacja	mb	Ułożenie styropianu wc i przedpokój	m²	inna
Uzupełnianie posadzki - 60 cm pasek wylewka + styropian + dylatacja	mb	demontaż styropianu i folii	m2	inna
Uzupełnianie posadzki - 60 cm pasek wylewka + styropian + dylatacja	mb	dodatek za przyklejenie tasmy wygluszajacej + obcinanie stropianu przy podlodze	m2	inna
Uzupełnianie posadzki - 60 cm pasek wylewka + styropian + dylatacja	mb	Uzupełnianie parkietu pod piecami kaflowymi jodełka	szt	inna
Uzupełnianie posadzki - 60 cm pasek wylewka + styropian + dylatacja	mb	- przygotowanie ścian w garazu - uzupelnienie ubytkow, generalnie przygotowanie do malowania		inna
Uzupełnianie posadzki - 60 cm pasek wylewka + styropian + dylatacja	mb	Uzupełnianie fugi w łazience - do weryfikacji czy można uzupełniać, czy trzeba całą wygrzebać, bo nie zawsze się da	kpl	inna
Uzupełnianie posadzki - 60 cm pasek wylewka + styropian + dylatacja	mb	akrylowanie łączeń ścian i sufitów/ akrylowanie dylatacji  - polecam bo zdecydowanie poprawia estetyke w narożnikach oraz przykrywa potencjalne pęknięcia	mb	inna
Wylewka mixokret - wycena indywidualna	kpl	Wylewka mixokret na całości 123,69	kpl	ta-sama
Wylewka mixokret - wycena indywidualna	kpl	Przeniesienie wentylacji - wycena indywidualna	kpl	inna
Wylewka mixokret - wycena indywidualna	kpl	podłoga w garażu - epoksyd - wycena indywidualna w zależności od wyboru materiału o ceny powierzchni	m2	inna
Wylewka mixokret - wycena indywidualna	kpl	na całej ścianie gdzie jest wykusz wymiana popękanych szyb okiennych (bodajże 10, o różnych wymiarach) - wycena indywidualna do potwierdzenia po pomiarach, ale przyjmuje średnio 400 zł/okno	szt	inna
Wylewka mixokret - wycena indywidualna	kpl	sprawdzenie obecnego pieca + demontaż/modyfikacja istniejącej instalacji CO - wycena indywidualna po rozpoczęciu prac i zweryfikowaniu istanijącej instalacji	kpl	inna
Wylewka mixokret - wycena indywidualna	kpl	sprawdzenie instalacji wodnej i ewentualnie naprawy jeżeli to jakaś usterka - jeżeli coś grubszego to wycena indywidualna	kpl	inna
Wylewka mixokret - wycena indywidualna	kpl	jednostka cena indywidualna w zależności od modelu	kpl	inna
Wylewka mixokret - wycena indywidualna	kpl	Sufit podwieszany - każdy projekt wyceniany osobno.	m2	inna
Wylewka mixokret - wycena indywidualna	kpl	Wykonanie przebicia przez ścianę nośną - podparcie stropu, montaż ceowników stalowych skręcanych wg wyliczeń konstruktora, wycinanie otworu, wykonanie wykończenia. Szacunkowa wycena przy założeniu, że nie jest to konstrukcja żelbetowa z prętami	kpl	inna
Wylewka mixokret - wycena indywidualna	kpl	Luksfery policzyć i wycenić.	kpl	inna
Wylewka mixokret - wycena indywidualna	kpl	Sufit podwieszany - trochę montaż, trochę naprawa. ciężko wycenić.	m2	inna
Wylewka mixokret - wycena indywidualna	kpl	wzmocnienie ścianki pod umywalkę - dopiero po demontażach będę mógł coś zaproponować i wycenić.	kpl	inna
Dodatek za dojazd	kpl	Montaż syfonu + dojazd dodatkowy	kpl	inna
Dodatek za dojazd	kpl	dojazd - ryczałt na cały okres	kpl	ta-sama
Dodatek za dojazd	kpl	Dojazd, wywiercenie dziur, naprawa szafki	kpl	inna
Dodatek za dojazd	kpl	Dojazdy do sklepu + zakupy + zwroty	kpl	inna
Dodatek za dojazd	kpl	punkty elektryczne żelbet dodatek	szt	inna
Dodatek za dojazd	kpl	Dodatek za wniesienie dużej ilości materiałów 1 zł/kg + 0,3 zł za każde piętro bez windy	kg	inna
Dodatek za dojazd	kpl	Dodatek za schodek pod prysznicem -wykonanie spadki na podwyższeniu	kpl	inna
Dodatek za dojazd	kpl	Dodatek za wklejanie siatki tynkarskiej	mb	inna
Dodatek za dojazd	kpl	Dodatek za przeniesienie mebli	kpl	inna
Dodatek za dojazd	kpl	Cyklinowanie - cena już z materiałem. Ewentualnie dodatkowe koszty mogą się pojawić jeżeli trzeba będzie coś naprawiać itp.	m²	inna
Dodatek za dojazd	kpl	dodatek za gladz na luku	kpl	inna
Dodatek za dojazd	kpl	dodatek za podciecie pod wanna	kpl	inna
Dojazd do klienta - dokończenie montaży nie z naszej winy	kpl	dojazd - ryczałt na cały okres	kpl	inna
Dojazd do klienta - dokończenie montaży nie z naszej winy	kpl	Dojazd, wywiercenie dziur, naprawa szafki	kpl	ta-sama
Dojazd do klienta - dokończenie montaży nie z naszej winy	kpl	Montaż syfonu + dojazd dodatkowy	kpl	ta-sama
Dojazd do klienta - dokończenie montaży nie z naszej winy	kpl	Dojazdy do sklepu + zakupy + zwroty	kpl	inna
Dojazd do klienta - dokończenie montaży nie z naszej winy	kpl	Gładzie na ścianach i sufitach rynek wtórny  (3-4 warstwy) + podkład z tynku jeżeli będzie potrzebny, jak nie to cena niższa nieco	m2	inna
Dojazd do klienta - dokończenie montaży nie z naszej winy	kpl	Wykonanie przebicia przez ścianę nośną - podparcie stropu, montaż ceowników stalowych skręcanych wg wyliczeń konstruktora, wycinanie otworu, wykonanie wykończenia. Szacunkowa wycena przy założeniu, że nie jest to konstrukcja żelbetowa z prętami	kpl	inna
Dojazd do klienta - dokończenie montaży nie z naszej winy	kpl	Bruzdowanie pod kable elektryczne w materiałach miękkich - trochę wyższa kwota bo będzie to bruzdowanie jednak skomplikowane bardziej ze względu na to, żeby nie uszkodzić obecnych kabli.	mb	inna
Dojazd do klienta - dokończenie montaży nie z naszej winy	kpl	wzmocnienie stelazu na baterie prysznicową, bo nie można była jej przymocować solidnie do samego gk	kpl	inna
Dojazd do klienta - dokończenie montaży nie z naszej winy	kpl	Uzupełnianie fugi w łazience - do weryfikacji czy można uzupełniać, czy trzeba całą wygrzebać, bo nie zawsze się da	kpl	inna
Dojazd do klienta - dokończenie montaży nie z naszej winy	kpl	skuwanie tynku ze ścian - trzeba było koniecznie skuć, bo nie można było do niego kleić bo odpadał.	m2	inna
Dojazd do klienta - dokończenie montaży nie z naszej winy	kpl	montaż prysznica na zewnątrz na patencie - jeszcze nie wiem jak, ale coś wymyślimy.	kpl	inna
Dojazd do klienta - dokończenie montaży nie z naszej winy	kpl	mycie fugi pod prysznicem, bo nie była umyta po robocie	kpl	inna
Mycie ram okiennych i drzwiowych	mb	mycie okien i futryn	kpl	ta-sama
Mycie ram okiennych i drzwiowych	mb	sprzątanie po remoncie w środku, mycie okien i klatek.	kpl	inna
Mycie ram okiennych i drzwiowych	mb	mycie fugi pod prysznicem, bo nie była umyta po robocie	kpl	inna
Mycie ram okiennych i drzwiowych	mb	Zabezpieczenia mebli, podłóg, okien, drzwi i elementów niezbędnych do prac. Demontaż gniazd, włączników, lamp, karniszy etc. zabezpieczenie sprzętów i wszelkich niezbdnych elementów. okleajnie do malowania etc. Zabezpieczanie elementów już wykonanych, glazura zabudowy etc.	kpl	inna
Mycie ram okiennych i drzwiowych	mb	wklejanie narożników aluminiowych i wklejanie siatki + szpachlowanie narożniki, glify okienne etc. wszędzie tam gdzie to wymaga	mb	inna
Mycie ram okiennych i drzwiowych	mb	Zabezpieczenia mebli, podłóg, okien, drzwi i elementów niezbędnych do prac. Demontaż gniazd, włączników, lamp, karniszy etc. zabezpieczenie sprzętów i wszelkich niezbdnych elementów. okleajnie do malowania etc. Zabezpieczanie elementów już wykonanych, glazura zabudowy etc.	m2	inna
Mycie ram okiennych i drzwiowych	mb	Zabezpieczenia mebli, podłóg, okien, drzwi i elementów niezbędnych do prac. Zabezpieczanie elementów już wykonanych, glazura zabudowy etc. - mieszkanie zamieszkane	m²	inna
Mycie ram okiennych i drzwiowych	mb	obrobka okien dachowych z gk	mb	inna
Mycie ram okiennych i drzwiowych	mb	Demontaże: wszelkie niezbędne demontaże szaf, zabudowy etc. - glify okien dachowych,schodek pod pralka piwnica,wyposarzenie lazienek.	kpl	inna
Mycie ram okiennych i drzwiowych	mb	czyszczenie okien nad parapetami	mb	inna
Mycie ram okiennych i drzwiowych	mb	Zabezpieczenia mebli, podłóg, okien, drzwi i elementów niezbędnych do prac. Zabezpieczanie elementów już wykonanych, glazura zabudowy etc. Dbanie o porządek w trakcie trwania całego remontu.	m²	inna
Mycie ram okiennych i drzwiowych	mb	na całej ścianie gdzie jest wykusz wymiana popękanych szyb okiennych (bodajże 10, o różnych wymiarach) - wycena indywidualna do potwierdzenia po pomiarach, ale przyjmuje średnio 400 zł/okno	szt	inna
Odbiór mieszkania dodatek za każdy 1m2 powyżej 50m2	m²	Odbiór mieszkania	kpl	inna
Odbiór mieszkania dodatek za każdy 1m2 powyżej 50m2	m²	odbiór mieszkania od dewelopera	kpl	inna
Odbiór mieszkania dodatek za każdy 1m2 powyżej 50m2	m²	odbiór techniczny	kpl	inna
Odbiór mieszkania dodatek za każdy 1m2 powyżej 50m2	m²	Sufit podwieszany - każdy projekt wyceniany osobno.	m2	inna
Odbiór mieszkania dodatek za każdy 1m2 powyżej 50m2	m²	Instalacja wod kan nowy punkty, przeniesienie, lub przedłużenie  - każdy punkt	pkt	inna
Odbiór mieszkania dodatek za każdy 1m2 powyżej 50m2	m²	Wkucie w ścianę działową instalacji wod-kan każdy punkt/zespół punktów. Kompleksowo razem z zaszpachlowaniem	pkt	inna
Odbiór mieszkania dodatek za każdy 1m2 powyżej 50m2	m²	Wkucie w ścianę instalacji wod-kan każdy punkt	pkt	inna
Odbiór mieszkania dodatek za każdy 1m2 powyżej 50m2	m²	Instalacja wod-kan nowe punkty, przeniesienie lub przedłużenie - każdy punkt	szt	inna
Odbiór mieszkania dodatek za każdy 1m2 powyżej 50m2	m²	Wkucie w ścianę instalacji wod-kan każdy punkt/zespół punktów. Kompleksowo razem z zaszpachlowaniem	pkt	inna
Odbiór mieszkania dodatek za każdy 1m2 powyżej 50m2	m²	Wkucie w ścianę nośną/żelbet instalacji wod-kan każdy punkt/zespół punktów. Kompleksowo razem z zaszpachlowaniem	kpl	inna
Odbiór mieszkania dodatek za każdy 1m2 powyżej 50m2	m²	Wkucie w ścianę nośną/żelbet instalacji wod-kan każdy punkt/zespół punktów. Kompleksowo razem z zaszpachlowaniem	pkt	inna
Odbiór mieszkania dodatek za każdy 1m2 powyżej 50m2	m²	Wkucie w ścianę instalacji wod-kan każdy punkt ściana działowa	pkt	inna
Usuwanie grzyba do 2m2	kpl	Zdzieranie tapet i usuwanie kleju	m2	inna
Usuwanie grzyba do 2m2	kpl	usuwanie podłogi drewnianej na klej	m2	inna
Usuwanie grzyba do 2m2	kpl	Szlifowanie/usuwanie subitu	m²	inna
Usuwanie grzyba do 2m2	kpl	Usuwanie podłogi pływającej panele etc.	m²	inna
Usuwanie grzyba do 2m2	kpl	Zdzieranie tapet i usuwanie kleju z sufitu	m²	inna
Usuwanie grzyba do 2m2	kpl	Wykonanie gładzi po bruzdach, wykonanie gładzi po usuwaniu sztukaterii	mb	inna
Usuwanie grzyba do 2m2	kpl	Gładzie po bruzdach, wykonanie gładzi po usuwaniu sztukaterii etc.	mb	inna
Usuwanie grzyba do 2m2	kpl	usuwanie kleju z podłóg po linoleum	m2	inna
Usuwanie grzyba do 2m2	kpl	usuwanie wykladzin	m2	inna
Usuwanie grzyba do 2m2	kpl	demontaż paneli pcv z usuwaniem kleju	m2	inna
Usuwanie grzyba do 2m2	kpl	usuwanie papy z podłogi	m2	inna
Usuwanie grzyba do 2m2	kpl	usuwanie podłogi( panele)	m2	inna
Projekt funkcjonalny ze ścianami i elektryką	kpl	projekt układu funkcjonalego z rozrysowaniem elektryki i hydrauliki, ścian, wyburzeń, sufitów podwieszane.	kpl	ta-sama
Projekt funkcjonalny ze ścianami i elektryką	kpl	Sufit podwieszany - każdy projekt wyceniany osobno.	m2	inna
Projekt funkcjonalny ze ścianami i elektryką	kpl	Projekt łazienki	kpl	inna
Projekt funkcjonalny ze ścianami i elektryką	kpl	Projekt kuchni	kpl	inna
Projekt funkcjonalny ze ścianami i elektryką	kpl	Sufit podwieszany z LED wg. projektu	kpl	inna
Projekt funkcjonalny ze ścianami i elektryką	kpl	Montaż belek drewnianych w salonie wg. projektu	mb	inna
Projekt funkcjonalny ze ścianami i elektryką	kpl	Montaż półek drewnianych wg. projektu - wg. mnie na mocowanie ukryte	mb	inna
Projekt funkcjonalny ze ścianami i elektryką	kpl	Zabudowy na projektory?? - potrzebne rysunki i ustalenia na miejscu	kpl	inna
Projekt funkcjonalny ze ścianami i elektryką	kpl	Projekt	kpl	inna
Projekt funkcjonalny ze ścianami i elektryką	kpl	projekt mieszkania	kpl	inna
Projekt funkcjonalny ze ścianami i elektryką	kpl	Wizualizacja, projekt wykończenia oraz projekt kuchni	kpl	inna
Projekt funkcjonalny ze ścianami i elektryką	kpl	Prace projektowe	kpl	inna
Demontaż kuchni bez zniszczenia	kpl	skuwanie plytek delikatne bez uszkodzenia całej łazienki	m2	inna
Demontaż kuchni bez zniszczenia	kpl	gruntowanie farba podkładową - bardzo zalecane na świeże gładzie. dzięki temu zmniejszamy chłonność powierzchni oraz unikamy na ścianach pasów i wrażenia nierównego malowania. Również przy malowaniu tynków bez gładzi warto zrobić taką warstwe podkładową.	m2	inna
Demontaż kuchni bez zniszczenia	kpl	Montaż prostych lamp(bez składania)	szt	inna
Demontaż kuchni bez zniszczenia	kpl	malowanie sufitów i ścian bez glazury  + gładź na suficie	m2	inna
Demontaż kuchni bez zniszczenia	kpl	Obróbka drzwi ukrytych bez montażu ościeży	szt	inna
Demontaż kuchni bez zniszczenia	kpl	Równe cięcia podłóg do łączeń bez listew	mb	inna
Demontaż kuchni bez zniszczenia	kpl	Demontaż Wanny delikatny bez rozwalania łazienki	kpl	inna
Demontaż kuchni bez zniszczenia	kpl	Dodatek za wniesienie dużej ilości materiałów 1 zł/kg + 0,3 zł za każde piętro bez windy	kg	inna
Demontaż kuchni bez zniszczenia	kpl	Malowanie sufitów i ścian bez glazury bez gładzi - farba ceramiczna	m²	inna
Demontaż kuchni bez zniszczenia	kpl	Układanie wełny podwójne 10 cm bez folii	m²	inna
Demontaż kuchni bez zniszczenia	kpl	Zakup, transport i wniesienie towaru budowlanego (cały okres remontu) - 3 piętro bez windy	kpl	inna
Demontaż kuchni bez zniszczenia	kpl	wypełnienie stelaż wełna + obudowa płytą bez zabudowy pod schodami	mb	inna
Demontaż zabudowy kuchennej	kpl	Demontaż armatury łazienkowej, wc, prysznic, umywalka z szafką, demontaż szafek kuchenny wiszących do prac	kpl	ta-sama
Demontaż zabudowy kuchennej	kpl	przerobka pionu z podlaczenia kuchennego do podlaczenia brodzika	kpl	inna
Demontaż zabudowy kuchennej	kpl	wzmocnienie płytą osb pod szafki kuchenne	kpl	inna
Demontaż zabudowy kuchennej	kpl	skladanie i montaz mebli kuchennych	kpl	inna
Demontaż zabudowy kuchennej	kpl	montaz blatu kuchennego z wyciecem otworu pod zlew	kpl	inna
Demontaże stelaż podtynkowy z zabudową.	kpl	Demontaż armatury łazienkowej, wc, miska, bidet, umwalka, umywalka z szafką, wanna lub prysznic z kabina, lustro, stelaż podtynkowy	kpl	inna
Demontaże stelaż podtynkowy z zabudową.	kpl	Montaż deski elewacyjnej ze stelażem	m²	inna
Demontaże stelaż podtynkowy z zabudową.	kpl	Montaż stelaża z gk pod siedzisko na kotwach chemicznych	kpl	inna
Demontaże stelaż podtynkowy z zabudową.	kpl	wypełnienie stelaż wełna + obudowa płytą bez zabudowy pod schodami	mb	inna
Demontaże stelaż podtynkowy z zabudową.	kpl	wzmocnienie stelazu na baterie prysznicową, bo nie można była jej przymocować solidnie do samego gk	kpl	inna
Demontaże stelaż podtynkowy z zabudową.	kpl	Tynkowanie/wyrównanie ścian pod układanie glazury - gk przykręcane lub na stelażu	m²	inna
Demontaże stelaż podtynkowy z zabudową.	kpl	Sufit podwieszany na stelazu	m2	inna
Demontaże stelaż podtynkowy z zabudową.	kpl	zabudowa ścian z gk na stelażu + przedścianki	m2	inna
Demontaże stelaż podtynkowy z zabudową.	kpl	montaż lamp podtynkowych z obróbką	mb	inna
Demontaże stelaż podtynkowy z zabudową.	kpl	Biały montaż baterii podtynkowej bidetka	kpl	inna
Demontaże stelaż podtynkowy z zabudową.	kpl	bialy montaz baterii podtynkowej do umywalki	kpl	inna
Demontaże stelaż podtynkowy z zabudową.	kpl	Biały montaż baterii podtynkowej do wanny/prysznica razem ze słuchawką i deszczownicą	kpl	inna
Rozkręcenie wyspy kuchennej i składanie z powrotem	kpl	rozkrecenie szafy w sypialni+ montaz z powrotem.	kpl	inna
Rozkręcenie wyspy kuchennej i składanie z powrotem	kpl	skladanie i montaz mebli kuchennych	kpl	inna
Rozkręcenie wyspy kuchennej i składanie z powrotem	kpl	rozkrecenie szaf prszenoszenie + skrecenie i montaz salon i pokoje	kpl	inna
Rozkręcenie wyspy kuchennej i składanie z powrotem	kpl	demontaż listew przypodłogowych+ montaz z poworotem	mb	inna
Rozkręcenie wyspy kuchennej i składanie z powrotem	kpl	wymiana oscieznicy drzwi przesuwnych z demontazem umywalki i blatu montaz z powrotem	kpl	inna
Rozkręcenie wyspy kuchennej i składanie z powrotem	kpl	Montaż prostych lamp(bez składania)	szt	inna
Rozkręcenie wyspy kuchennej i składanie z powrotem	kpl	Montaż lamp ze składaniem (trudne)	szt	inna
Rozkręcenie wyspy kuchennej i składanie z powrotem	kpl	Demontaż armatury łazienkowej, wc, prysznic, umywalka z szafką, demontaż szafek kuchenny wiszących do prac	kpl	inna
Rozkręcenie wyspy kuchennej i składanie z powrotem	kpl	Składanie mebli	kpl	inna
Rozkręcenie wyspy kuchennej i składanie z powrotem	kpl	montaz lamp ze skladaniem	szt	inna
Rozkręcenie wyspy kuchennej i składanie z powrotem	kpl	przerobka pionu z podlaczenia kuchennego do podlaczenia brodzika	kpl	inna
Rozkręcenie wyspy kuchennej i składanie z powrotem	kpl	wzmocnienie płytą osb pod szafki kuchenne	kpl	inna
Skucie cokołów z klejem balkon	mb	Wykonanie gniazda zewnętrznego na balkonie	szt	inna
Skucie cokołów z klejem balkon	mb	Wykonanie gniazda zewnętrznego na balkonie z przebiciem się przez ściane	szt	inna
Skucie cokołów z klejem balkon	mb	malowanie balkonu z drobnymi poprawkami	m2	inna
Skucie cokołów z klejem balkon	mb	demontaz daszka balkon	szt	inna
Skucie cokołów z klejem balkon	mb	Demontaże, panele, półki na balkonie, łóżko, płyta gazowa, piekarnik, zabudowa lodówki, prysznic.	kpl	inna
Skucie cokołów z klejem balkon	mb	hydroizolacja na balkonie	m2	inna
Skucie cokołów z klejem balkon	mb	ukladanie gresu na balkonie	m2	inna
Skucie cokołów z klejem balkon	mb	demontaz plastikowej zabudowy na balkonie	kpl	inna
Skucie cokołów z klejem balkon	mb	cokół z glazury	mb	inna
Skucie cokołów z klejem balkon	mb	Cokół docinany z płytek licowany z tynkiem	mb	inna
Skucie cokołów z klejem balkon	mb	Montaż cokołu z glazury zlicowanego ze ścianą.	mb	inna
Skucie cokołów z klejem balkon	mb	Cokół docinany z płytek wkuty w sciane	mb	inna
Skuwanie płytek balkon	m²	Wykonanie gniazda zewnętrznego na balkonie	szt	inna
Skuwanie płytek balkon	m²	Wykonanie gniazda zewnętrznego na balkonie z przebiciem się przez ściane	szt	inna
Skuwanie płytek balkon	m²	malowanie balkonu z drobnymi poprawkami	m2	inna
Skuwanie płytek balkon	m²	demontaz daszka balkon	szt	inna
Skuwanie płytek balkon	m²	Demontaże, panele, półki na balkonie, łóżko, płyta gazowa, piekarnik, zabudowa lodówki, prysznic.	kpl	inna
Skuwanie płytek balkon	m²	hydroizolacja na balkonie	m2	inna
Skuwanie płytek balkon	m²	ukladanie gresu na balkonie	m2	inna
Skuwanie płytek balkon	m²	demontaz plastikowej zabudowy na balkonie	kpl	inna
Skuwanie płytek balkon	m²	skuwanie plytek delikatne bez uszkodzenia całej łazienki	m2	inna
Skuwanie płytek balkon	m²	Skuwanie glazury z klejem ściany i podłogi  w lazienkach + korytarz	m2	inna
Skuwanie płytek balkon	m²	skuwanie posadzki celem przygotowania wygłuszenia	m2	inna
Skuwanie płytek balkon	m²	Skuwanie glazury z klejem ściany i podłogi	m2	inna
Usuwanie podłogi drewnianej klejonej - trudny demontaż, mocny klej, małe kawałki	m²	Układanie paneli winylowych klejonych  jodełka	m2	inna
Usuwanie podłogi drewnianej klejonej - trudny demontaż, mocny klej, małe kawałki	m²	Montaż lamp ze składaniem (trudne)	szt	inna
Usuwanie podłogi drewnianej klejonej - trudny demontaż, mocny klej, małe kawałki	m²	Demontaż grzejników trudne	szt	inna
Usuwanie podłogi drewnianej klejonej - trudny demontaż, mocny klej, małe kawałki	m²	położenie płytek między szafkami male plytki	m2	inna
Usuwanie podłogi drewnianej klejonej - trudny demontaż, mocny klej, małe kawałki	m²	Układanie glazury na glify i małe ściany	mb	inna
Usuwanie podłogi drewnianej klejonej - trudny demontaż, mocny klej, małe kawałki	m²	skucie kawałka podłogi oraz wylewka samopoziomująca	m2	inna
Usuwanie podłogi drewnianej klejonej - trudny demontaż, mocny klej, małe kawałki	m²	skucie kawałka podłogi	m2	inna
Usuwanie podłogi drewnianej klejonej - trudny demontaż, mocny klej, małe kawałki	m²	Skucie kawałka podłogi pod obniżenie rur i odpływu	kpl	inna
Usuwanie podłogi drewnianej klejonej - trudny demontaż, mocny klej, małe kawałki	m²	skucie kawałka podłogi oraz wylewka samopoziomująca	mb	inna
Usuwanie podłogi drewnianej klejonej - trudny demontaż, mocny klej, małe kawałki	m²	Układanie paneli winylowych jodełka na klej - zostaje ta sama cena, klej wliczony	m²	inna
Usuwanie podłogi drewnianej klejonej - trudny demontaż, mocny klej, małe kawałki	m²	tynkowanie/wyrównanie ścian z gk na klej	m2	inna
Usuwanie podłogi drewnianej klejonej - trudny demontaż, mocny klej, małe kawałki	m²	Układanie parkietu - jodełka francuska będzie najdrożej. Cena zawiere klej i grunt.	m²	inna
Wyburzanie ścian do 12 -20 cm - żelbeton	m²	punkty elektryczne żelbet dodatek	szt	inna
Wyburzanie ścian do 12 -20 cm - żelbeton	m²	Bruzdowanie pod kable elektryczne w żelbecie	mb	inna
Wyburzanie ścian do 12 -20 cm - żelbeton	m²	Bruzdowanie pod instalacje wod-kan w żelbecie	mb	inna
Wyburzanie ścian do 12 -20 cm - żelbeton	m²	Montaż kanału TV - wykucie i osadzenie + tynk - ściana żelbetowa	szt	inna
Wyburzanie ścian do 12 -20 cm - żelbeton	m²	Montaż kanału TV - wykucie i osadzenie + tynk - żelbeton	szt	inna
Wyburzanie ścian do 12 -20 cm - żelbeton	m²	Wykonanie przebicia przez ścianę nośną - podparcie stropu, montaż ceowników stalowych skręcanych wg wyliczeń konstruktora, wycinanie otworu, wykonanie wykończenia. Szacunkowa wycena przy założeniu, że nie jest to konstrukcja żelbetowa z prętami	kpl	inna
Wyburzanie ścian do 12 -20 cm - żelbeton	m²	Mechaniczne przebijanie otworów w ścianach lub stropach żelbetowych o długości przebicia do 100 cm - śr. rury do 60 mm	kpl	inna
Wyburzanie ścian do 12 -20 cm - żelbeton	m²	Bruzdowanie pod rury żelbet	mb	inna
Wyburzanie ścian do 12 -20 cm - żelbeton	m²	Wkucie w ścianę nośną/żelbet instalacji wod-kan każdy punkt/zespół punktów. Kompleksowo razem z zaszpachlowaniem	kpl	inna
Wyburzanie ścian do 12 -20 cm - żelbeton	m²	Wkucie w ścianę nośną/żelbet instalacji wod-kan każdy punkt/zespół punktów. Kompleksowo razem z zaszpachlowaniem	pkt	inna
Wyburzanie ścian do 12 -20 cm - żelbeton	m²	Przebicie się na zewnątrz - niestety przebijanie się przez żelbet	kpl	inna
Wyburzanie ścian do 12 -20 cm - żelbeton	m²	otwory pod puszki zelbet	szt	inna
Wyburzanie ścian powyżej 20 cm grubości - materiał miękki	m²	bruzdowanie pod kable elektryczne w materiałach miękkich	mb	inna
Wyburzanie ścian powyżej 20 cm grubości - materiał miękki	m²	bruzdowanie pod rury materiał miękki	mb	inna
Wyburzanie ścian powyżej 20 cm grubości - materiał miękki	m²	Bruzdowanie pod instalacje wod-kan w materiałach miękkich	mb	inna
Wyburzanie ścian powyżej 20 cm grubości - materiał miękki	m²	Bruzdowanie pod kable elektryczne w materiałach miękkich - trochę wyższa kwota bo będzie to bruzdowanie jednak skomplikowane bardziej ze względu na to, żeby nie uszkodzić obecnych kabli.	mb	inna
Wyburzanie ścian powyżej 20 cm grubości - materiał miękki	m²	Tynkowanie/wyrównywanie ścian lub sufitów na listwach tynkarskich do kilku cm grubości. Naprawa sufitu po zalaniu i niektórych ściane w łazience. podsumowanie m2 po wykonaniu prac	m²	inna
Wyburzanie ścian powyżej 20 cm grubości - materiał miękki	m²	Tynkowanie/wyrównywanie ścian lub sufitów na listwach tynkarskich do kilku cm grubości.	m²	inna
Wyburzanie ścian powyżej 20 cm grubości - materiał miękki	m²	Przebicie otworów o powierzchni 0.05 m2 - 0.10 m2 w elementach z betonu żwirowego o grubości do 20 cm - uszczelenienie masą ogniochronną	szt	inna
Wyburzanie ścian powyżej 20 cm grubości - materiał miękki	m²	Warstwy wyrównawcze pod posadzki z zaprawy cementowej grubości 20 mm zatarte na gładko	kpl	inna
Wyburzanie ścian powyżej 20 cm grubości - materiał miękki	m²	TRANSPORT I WNIESIENIE MATERIAŁÓW WYKOŃCZENIOWYCH - stawki do ustalenia w zależności od rodzaju i ilości	kpl	inna
Wyburzanie ścian powyżej 20 cm grubości - materiał miękki	m²	wylewka betonowa ok 3-5cm - szacunkowo z materiałem  8-10k	kpl	inna
Wyburzanie ścian powyżej 20 cm grubości - materiał miękki	m²	Dodatek za wniesienie dużej ilości materiałów 1 zł/kg + 0,3 zł za każde piętro bez windy	kg	inna
Wyburzanie ścian powyżej 20 cm grubości - materiał miękki	m²	Zakup, transport i wniesienie towaru budowlanego (cały okres remontu) - dużo wnoszenia, materiałów i płyt, poddasze do zrobienia.	kpl	inna
Malowanie barierek, oczyszczenie, odtłuszczanie, grunt, farba	mb	gruntowanie farba podkładową - bardzo zalecane na świeże gładzie. dzięki temu zmniejszamy chłonność powierzchni oraz unikamy na ścianach pasów i wrażenia nierównego malowania. Również przy malowaniu tynków bez gładzi warto zrobić taką warstwe podkładową.	m2	inna
Malowanie barierek, oczyszczenie, odtłuszczanie, grunt, farba	mb	Gruntowanie farbą podkładową - bardzo zalecane na świeże gładzie. Dzięki temu zmniejszamy chłonność powierzchni oraz unikamy na ścianach pasów i wrażenia nierównego malowania	m²	inna
Malowanie barierek, oczyszczenie, odtłuszczanie, grunt, farba	mb	Gładzie na ścianch "fisnish" stan deweloperski (2-3  warstwy) - premium -  gruntowanie farbą podkładową w cenie	m2	inna
Malowanie barierek, oczyszczenie, odtłuszczanie, grunt, farba	mb	gruntowanie farba podkładową - bardzo zalecane na świeże gładzie. dzięki temu zmniejszamy chłonność powierzchni oraz unikamy na ścianach pasów i wrażenia nierównego malowania. Również przy malowaniu tynków bez gładzi warto zrobić taką warstwe podkładową. do ustalenia czy konieczne	m2	inna
Malowanie barierek, oczyszczenie, odtłuszczanie, grunt, farba	mb	Gładzie na sufitach "finish" stan deweloperski (2-3 warstwy) - premium - gruntowanie farbą podkładową w cenie	m²	inna
Malowanie barierek, oczyszczenie, odtłuszczanie, grunt, farba	mb	Demontaże: wszelkie niezbędne demontaże - głównie łazienki, barierki, etc.	kpl	inna
Malowanie barierek, oczyszczenie, odtłuszczanie, grunt, farba	mb	malowanie barierek	mb	ta-sama
Malowanie barierek, oczyszczenie, odtłuszczanie, grunt, farba	mb	odmalowanie barierek z mechanicznym usunięciem rdzy	kpl	ta-sama
Malowanie barierek, oczyszczenie, odtłuszczanie, grunt, farba	mb	spawanie skorodowanych barierek	kpl	inna
Malowanie barierek, oczyszczenie, odtłuszczanie, grunt, farba	mb	montaż gotowej barierki na antresoli	kpl	inna
Malowanie barierek, oczyszczenie, odtłuszczanie, grunt, farba	mb	malowanie schodow + barierki	kpl	ta-sama
Malowanie barierek, oczyszczenie, odtłuszczanie, grunt, farba	mb	Malowanie ścian i sufitów farba sylikonowa lub akrylowa  na biało	m2	inna
Taras wentylowany - deska kompozytowa	m²	oblozenie schodow deska tarasowa	kpl	inna
Taras wentylowany - deska kompozytowa	m²	obicie fundamentow deska tarasowa + impregnant	m2	inna
Taras wentylowany - deska kompozytowa	m²	Cyklinowanie, szpachlowanie ubytków między deskami	m2	inna
Taras wentylowany - deska kompozytowa	m²	układanie tarasu wraz z legarami i pracami przygotwawczymi	m2	ta-sama
Taras wentylowany - deska kompozytowa	m²	Montaż kratki wentylacyjnej	kpl	inna
Taras wentylowany - deska kompozytowa	m²	Montaż okapu i podłączenie do wentylacji	kpl	inna
Taras wentylowany - deska kompozytowa	m²	przenisienie wentylacji na przedscianke	kpl	inna
Taras wentylowany - deska kompozytowa	m²	Wykonanie wentylcji w garderobie - szacunkowo	kpl	inna
Taras wentylowany - deska kompozytowa	m²	Przeniesienie wentylacji - wycena indywidualna	kpl	inna
Taras wentylowany - deska kompozytowa	m²	montaz wentylatora	szt	inna
Taras wentylowany - deska kompozytowa	m²	Przeniesienie wentylacji do kuchni - w zabudowie gk przy suficie.	kpl	inna
Taras wentylowany - deska kompozytowa	m²	wykonanie wentylacji do kuchni -	kpl	inna
Układanie gresu na balkonie format standard od 30x30 do 60x120	m²	Położenie płytek między szafkami format standard od 30x30 do 60x120	m²	inna
Układanie gresu na balkonie format standard od 30x30 do 60x120	m²	ukladanie gresu na balkonie	m2	ta-sama
Układanie gresu na balkonie format standard od 30x30 do 60x120	m²	Wykonanie gniazda zewnętrznego na balkonie	szt	inna
Układanie gresu na balkonie format standard od 30x30 do 60x120	m²	Wykonanie gniazda zewnętrznego na balkonie z przebiciem się przez ściane	szt	inna
Układanie gresu na balkonie format standard od 30x30 do 60x120	m²	plytki  30x30 marmur + impregancja	m2	inna
Układanie gresu na balkonie format standard od 30x30 do 60x120	m²	malowanie balkonu z drobnymi poprawkami	m2	inna
Układanie gresu na balkonie format standard od 30x30 do 60x120	m²	demontaz daszka balkon	szt	inna
Układanie gresu na balkonie format standard od 30x30 do 60x120	m²	Demontaże, panele, półki na balkonie, łóżko, płyta gazowa, piekarnik, zabudowa lodówki, prysznic.	kpl	inna
Układanie gresu na balkonie format standard od 30x30 do 60x120	m²	hydroizolacja na balkonie	m2	inna
Układanie gresu na balkonie format standard od 30x30 do 60x120	m²	demontaz plastikowej zabudowy na balkonie	kpl	inna
Układanie gresu na balkonie format standard od 30x30 do 60x120	m²	Fugowanie ścian i podłóg płytka format standard	m²	inna
Układanie gresu na balkonie format standard od 30x30 do 60x120	m²	Układanie glazury na ścianie format standard	m²	inna
Ułożenie płytek na balkonach taras wentylowany - wysoki stopień skomplikowania prac. Po okręgu - montaż membrany i wsporników	m²	Układanie parkietu jodełka - wysoki stopień skomplikowania prac	m²	inna
Ułożenie płytek na balkonach taras wentylowany - wysoki stopień skomplikowania prac. Po okręgu - montaż membrany i wsporników	m²	Układanie paneli winylowych wysoki stopień skomplikowania prac, jodełka	m²	inna
Ułożenie płytek na balkonach taras wentylowany - wysoki stopień skomplikowania prac. Po okręgu - montaż membrany i wsporników	m²	Układanie paneli winylowych wysoki stopień skomplikowania prac - jodełka, dylatacji.	m2	inna
Ułożenie płytek na balkonach taras wentylowany - wysoki stopień skomplikowania prac. Po okręgu - montaż membrany i wsporników	m²	Układanie paneli laminowanych niski stopień skomplikowania prac	m2	inna
Ułożenie płytek na balkonach taras wentylowany - wysoki stopień skomplikowania prac. Po okręgu - montaż membrany i wsporników	m²	Układanie paneli winylowych niski stopień skomplikowania parc	m2	inna
Ułożenie płytek na balkonach taras wentylowany - wysoki stopień skomplikowania prac. Po okręgu - montaż membrany i wsporników	m²	Układanie paneli winylowych pływających średni stopień skomplikowania	m2	inna
Ułożenie płytek na balkonach taras wentylowany - wysoki stopień skomplikowania prac. Po okręgu - montaż membrany i wsporników	m²	wsporniki	kpl	inna
Ułożenie płytek na balkonach taras wentylowany - wysoki stopień skomplikowania prac. Po okręgu - montaż membrany i wsporników	m²	oblozenie schodow deska tarasowa	kpl	inna
Ułożenie płytek na balkonach taras wentylowany - wysoki stopień skomplikowania prac. Po okręgu - montaż membrany i wsporników	m²	układanie tarasu wraz z legarami i pracami przygotwawczymi	m2	inna
Ułożenie płytek na balkonach taras wentylowany - wysoki stopień skomplikowania prac. Po okręgu - montaż membrany i wsporników	m²	obicie fundamentow deska tarasowa + impregnant	m2	inna
Ułożenie płytek na balkonach taras wentylowany - wysoki stopień skomplikowania prac. Po okręgu - montaż membrany i wsporników	m²	dodatek za prace na wysokości	kpl	inna
Ułożenie płytek na balkonach taras wentylowany - wysoki stopień skomplikowania prac. Po okręgu - montaż membrany i wsporników	m²	dodatek za prace na wysokościach	kpl	inna
Betonkontakt na podłodze	m²	Wylewka betonowa ok. 3-5 cm	m²	inna
Betonkontakt na podłodze	m²	wyburzanie sufitu z betonu i cegly	m2	inna
Betonkontakt na podłodze	m²	demontaz parapetow betonowych	mb	inna
Betonkontakt na podłodze	m²	wylewka betonowa ok 3-5cm - szacunkowo z materiałem  8-10k	kpl	inna
Betonkontakt na podłodze	m²	gruntowanie powierzchni betonkontaktem	mb	inna
Betonkontakt na podłodze	m²	Malowanie ścian farbą strukturalną efekt beton - do ustalenia dokładnie produkt i czy to ma być beton, tynk dekoracyjny czy farba, bo cena może się różnić. Od 40 do 150 zł	m²	inna
Betonkontakt na podłodze	m²	Wylewka betonowa ok. 3-5 cm	kpl	inna
Betonkontakt na podłodze	m²	Malowanie ścian farbą strukturalną limewash z lakierem- do ustalenia dokładnie produkt i czy to ma być beton, tynk dekoracyjny czy farba, bo cena może się różnić. Od 40 do 150 zł	m²	inna
Betonkontakt na podłodze	m²	skucie posadzki i zalanie betonem przerobek hydraulicznych	kpl	inna
Betonkontakt na podłodze	m²	beton dekoracijny	m2	inna
Betonkontakt na podłodze	m²	skuwanie betonu	mb	inna
Betonkontakt na podłodze	m²	Zdzieranie starej farby + betonkontakt	m²	inna
Dodatek wykonanie odpływu liniowego, styropian, fermacell	kpl	dodatek za przyklejenie tasmy wygluszajacej + obcinanie stropianu przy podlodze	m2	inna
Dodatek wykonanie odpływu liniowego, styropian, fermacell	kpl	Montaż odpływu liniowego z wypoziomowaniem spadku - odpływ jednospadkowy	kpl	inna
Dodatek wykonanie odpływu liniowego, styropian, fermacell	kpl	zmiana kanalizacji z wanny na odpływ liniowy - skucie posadzki, obniżenie rur w pionie, wykonanie odpowiedniego spadku	kpl	inna
Dodatek wykonanie odpływu liniowego, styropian, fermacell	kpl	Montaż szyby stałej do odpływu liniowego	kpl	inna
Dodatek wykonanie odpływu liniowego, styropian, fermacell	kpl	Montaż odpływu liniowego z wypoziomowaniem spadku	kpl	inna
Dodatek wykonanie odpływu liniowego, styropian, fermacell	kpl	Wymurowanie podestu pod odpływ liniowy	szt	inna
Dodatek wykonanie odpływu liniowego, styropian, fermacell	kpl	wklejanie plytek malych w odplyw liniowy	kpl	inna
Dodatek wykonanie odpływu liniowego, styropian, fermacell	kpl	wklejanie plyltky w odpływ liniowy	kpl	inna
Dodatek wykonanie odpływu liniowego, styropian, fermacell	kpl	obnizenie kanalizacji dla odplywu liniowego	kpl	inna
Dodatek wykonanie odpływu liniowego, styropian, fermacell	kpl	doklejenie plytki na odplyw liniowy	kpl	inna
Dodatek wykonanie odpływu liniowego, styropian, fermacell	kpl	ponowny montaz odplywu liniowego	szt	inna
Dodatek wykonanie odpływu liniowego, styropian, fermacell	kpl	Ułożenie styropianu wc i przedpokój	m²	inna
Dodatek za układanie płytek przy odpływie liniowym - koperta	kpl	zrobienie koperty do odplywu ze spadkiem	kpl	ta-sama
Dodatek za układanie płytek przy odpływie liniowym - koperta	kpl	Montaż odpływu liniowego z wypoziomowaniem spadku - odpływ jednospadkowy	kpl	inna
Dodatek za układanie płytek przy odpływie liniowym - koperta	kpl	zmiana kanalizacji z wanny na odpływ liniowy - skucie posadzki, obniżenie rur w pionie, wykonanie odpowiedniego spadku	kpl	inna
Dodatek za układanie płytek przy odpływie liniowym - koperta	kpl	Montaż szyby stałej do odpływu liniowego	kpl	inna
Dodatek za układanie płytek przy odpływie liniowym - koperta	kpl	Montaż odpływu liniowego z wypoziomowaniem spadku	kpl	inna
Dodatek za układanie płytek przy odpływie liniowym - koperta	kpl	Wymurowanie podestu pod odpływ liniowy	szt	inna
Dodatek za układanie płytek przy odpływie liniowym - koperta	kpl	wklejanie plytek malych w odplyw liniowy	kpl	inna
Dodatek za układanie płytek przy odpływie liniowym - koperta	kpl	wklejanie plyltky w odpływ liniowy	kpl	inna
Dodatek za układanie płytek przy odpływie liniowym - koperta	kpl	obnizenie kanalizacji dla odplywu liniowego	kpl	inna
Dodatek za układanie płytek przy odpływie liniowym - koperta	kpl	doklejenie plytki na odplyw liniowy	kpl	inna
Dodatek za układanie płytek przy odpływie liniowym - koperta	kpl	ponowny montaz odplywu liniowego	szt	inna
Dodatek za układanie płytek przy odpływie liniowym - koperta	kpl	dodatek za przyklejenie tasmy wygluszajacej + obcinanie stropianu przy podlodze	m2	inna
Fugowanie narożników fugą epoksydową	mb	Fugowanie ścian i podłóg fugą epoksydową płytka mały format	m²	inna
Fugowanie narożników fugą epoksydową	mb	Fugowanie ścian i podłóg fuga cementowa płytka mały format	m²	inna
Fugowanie narożników fugą epoksydową	mb	Fugowanie ścian i podłóg płytka format standard - fuga cementowa	m²	inna
Fugowanie narożników fugą epoksydową	mb	fugowanie ścian i podłóg - fuga ceramiczna	m2	inna
Fugowanie narożników fugą epoksydową	mb	fugowanie ścian i podłóg fuga ceramiczna	m2	inna
Fugowanie narożników fugą epoksydową	mb	fugowanie ścian i podłóg fuga cementowa	m2	inna
Fugowanie narożników fugą epoksydową	mb	podłoga w garażu - epoksyd - wycena indywidualna w zależności od wyboru materiału o ceny powierzchni	m2	inna
Fugowanie narożników fugą epoksydową	mb	ułożenie płytek na kominku + fuga	m2	inna
Fugowanie narożników fugą epoksydową	mb	Szpachlowanie glifów / dekoracyjnych narożników / wykończenie obwodu drzwi z ukrytą opaską	mb	inna
Fugowanie narożników fugą epoksydową	mb	wklejanie narożników aluminiowych i wklejanie siatki + szpachlowanie narożniki, glify okienne etc. wszędzie tam gdzie to wymaga	mb	inna
Fugowanie narożników fugą epoksydową	mb	akrylowanie łączeń ścian i sufitów/ akrylowanie dylatacji  - polecam bo zdecydowanie poprawia estetyke w narożnikach oraz przykrywa potencjalne pęknięcia	mb	inna
Fugowanie narożników fugą epoksydową	mb	akrylowanie łączeń ścian i sufitów - polecam bo zdecydowanie poprawia estetyke w narożnikach oraz przykrywa potencjalne pęknięcia	mb	inna
Montaż GK na stelażach (wszystkie łazienki co trzeba)	m²	Uzupełnianie fugi w łazience - do weryfikacji czy można uzupełniać, czy trzeba całą wygrzebać, bo nie zawsze się da	kpl	inna
Montaż GK na stelażach (wszystkie łazienki co trzeba)	m²	Demontaż armatury łazienkowej, wc, miska, bidet, umwalka, umywalka z szafką, wanna lub prysznic z kabina, lustro, stelaż podtynkowy	kpl	inna
Montaż GK na stelażach (wszystkie łazienki co trzeba)	m²	sprawdzenie instalacji elektrycznej z lutowaniem przewodow i izolowaniem wszystkiego poprawnie.	szt	inna
Montaż GK na stelażach (wszystkie łazienki co trzeba)	m²	Cyklinowanie - cena już z materiałem. Ewentualnie dodatkowe koszty mogą się pojawić jeżeli trzeba będzie coś naprawiać itp.	m²	inna
Montaż GK na stelażach (wszystkie łazienki co trzeba)	m²	skuwanie zaokręgleń przy suficie - trzeba sprawdzić czy koniecznie, bo będzie listwa przysufitowa 8x8cm	mb	inna
Montaż GK na stelażach (wszystkie łazienki co trzeba)	m²	skuwanie tynku ze ścian - trzeba było koniecznie skuć, bo nie można było do niego kleić bo odpadał.	m2	inna
Montaż GK na stelażach (wszystkie łazienki co trzeba)	m²	Posadzki z mikrocementu bez mikrocementu. tutaj musimy wybrac odpowiedni, który będzie się nadawał na duże natężenie ruchu. pracowałem na kilku różnych mikrocementach, więc temat do dyskusji.	m2	inna
Montaż GK na stelażach (wszystkie łazienki co trzeba)	m²	Montaż deski elewacyjnej ze stelażem	m²	inna
Montaż GK na stelażach (wszystkie łazienki co trzeba)	m²	Montaż stelaża z gk pod siedzisko na kotwach chemicznych	kpl	inna
Montaż GK na stelażach (wszystkie łazienki co trzeba)	m²	wypełnienie stelaż wełna + obudowa płytą bez zabudowy pod schodami	mb	inna
Montaż GK na stelażach (wszystkie łazienki co trzeba)	m²	wzmocnienie stelazu na baterie prysznicową, bo nie można była jej przymocować solidnie do samego gk	kpl	inna
Montaż GK na stelażach (wszystkie łazienki co trzeba)	m²	Tynkowanie/wyrównanie ścian pod układanie glazury - gk przykręcane lub na stelażu	m²	ta-sama
Przedścianka pod lustro - wycena indywidualna	kpl	Przeniesienie wentylacji - wycena indywidualna	kpl	inna
Przedścianka pod lustro - wycena indywidualna	kpl	podłoga w garażu - epoksyd - wycena indywidualna w zależności od wyboru materiału o ceny powierzchni	m2	inna
Przedścianka pod lustro - wycena indywidualna	kpl	na całej ścianie gdzie jest wykusz wymiana popękanych szyb okiennych (bodajże 10, o różnych wymiarach) - wycena indywidualna do potwierdzenia po pomiarach, ale przyjmuje średnio 400 zł/okno	szt	inna
Przedścianka pod lustro - wycena indywidualna	kpl	sprawdzenie obecnego pieca + demontaż/modyfikacja istniejącej instalacji CO - wycena indywidualna po rozpoczęciu prac i zweryfikowaniu istanijącej instalacji	kpl	inna
Przedścianka pod lustro - wycena indywidualna	kpl	sprawdzenie instalacji wodnej i ewentualnie naprawy jeżeli to jakaś usterka - jeżeli coś grubszego to wycena indywidualna	kpl	inna
Przedścianka pod lustro - wycena indywidualna	kpl	Sufit podwieszany - każdy projekt wyceniany osobno.	m2	inna
Przedścianka pod lustro - wycena indywidualna	kpl	Wykonanie przebicia przez ścianę nośną - podparcie stropu, montaż ceowników stalowych skręcanych wg wyliczeń konstruktora, wycinanie otworu, wykonanie wykończenia. Szacunkowa wycena przy założeniu, że nie jest to konstrukcja żelbetowa z prętami	kpl	inna
Przedścianka pod lustro - wycena indywidualna	kpl	Luksfery policzyć i wycenić.	kpl	inna
Przedścianka pod lustro - wycena indywidualna	kpl	Sufit podwieszany - trochę montaż, trochę naprawa. ciężko wycenić.	m2	inna
Przedścianka pod lustro - wycena indywidualna	kpl	wzmocnienie ścianki pod umywalkę - dopiero po demontażach będę mógł coś zaproponować i wycenić.	kpl	inna
Przedścianka pod lustro - wycena indywidualna	kpl	Okładziny ścienne z płyt laminowanych gr 18cm, kolor dąb winchester - wycena u stolarza jak tylko zostanie wybrany materiał. czy fornir czy laminat	m2	inna
Przedścianka pod lustro - wycena indywidualna	kpl	Montaż lustra	szt	inna
Skucie posadzki mb	mb	zmiana kanalizacji z wanny na odpływ liniowy - skucie posadzki, obniżenie rur w pionie, wykonanie odpowiedniego spadku	kpl	inna
Skucie posadzki mb	mb	skucie posadzki i zalanie betonem przerobek hydraulicznych	kpl	inna
Skucie posadzki mb	mb	Wyprowadzenie kanalizacji z wanny na prysznic - skucie posadzki, obniżenie rur w pionie, wykonanie odpowiedniego spadku	kpl	inna
Skucie posadzki mb	mb	zmiana kanalizacji - skucie posadzki, wykonanie odpowiedniego spadku i zmiana podłączenia.	kpl	inna
Skucie posadzki mb	mb	skuwanie posadzki celem przygotowania wygłuszenia	m2	inna
Skucie posadzki mb	mb	uzupełnianie posadzki po wyburzeniach	mb	inna
Skucie posadzki mb	mb	Szycie dylatacji w posadzce	mb	inna
Skucie posadzki mb	mb	szlifowanie posadzki lub ścian do 1cm	m2	inna
Skucie posadzki mb	mb	Uzupełnianie posadzki po wyburzeniach i bruzdowaniach tam gdzie ułożone są rury + szycie dylatacji	m²	inna
Skucie posadzki mb	mb	wykucie w posadzce otworu na kratke odplywu i montaz	szt	inna
Skucie posadzki mb	mb	zarobienie bruzd w posadzce po klimatyzacji	mb	inna
Skucie posadzki mb	mb	szycie popekanej posadzki	mb	inna
Sufit podwieszany prosty montaż stelaża z płytami	m²	wypełnienie stelaż wełna + obudowa płytą bez zabudowy pod schodami	mb	inna
Sufit podwieszany prosty montaż stelaża z płytami	m²	Sufit podwieszany kasetonowy z wypeł- nieniem płytami sufitowymi RIGIPS GYPTONE; konstrukcja rusztu niewi- doczna z profilami głównymi co 60/ 120CM cm - ZGODNIE Z PROJEKTEM + warstwa paraizolacji	m2	inna
Sufit podwieszany prosty montaż stelaża z płytami	m²	Montaż prostych lamp(bez składania)	szt	inna
Sufit podwieszany prosty montaż stelaża z płytami	m²	Demontaż armatury łazienkowej, wc, miska, bidet, umwalka, umywalka z szafką, wanna lub prysznic z kabina, lustro, stelaż podtynkowy	kpl	inna
Sufit podwieszany prosty montaż stelaża z płytami	m²	Montaż deski elewacyjnej ze stelażem	m²	inna
Sufit podwieszany prosty montaż stelaża z płytami	m²	Montaż stelaża z gk pod siedzisko na kotwach chemicznych	kpl	inna
Sufit podwieszany prosty montaż stelaża z płytami	m²	wzmocnienie stelazu na baterie prysznicową, bo nie można była jej przymocować solidnie do samego gk	kpl	inna
Sufit podwieszany prosty montaż stelaża z płytami	m²	Tynkowanie/wyrównanie ścian pod układanie glazury - gk przykręcane lub na stelażu	m²	inna
Sufit podwieszany prosty montaż stelaża z płytami	m²	zabudowa ścian z gk na stelażu + przedścianki	m2	inna
Sufit podwieszany prosty montaż stelaża z płytami	m²	Montaż ścian GK z wełną mineralną - podwójna płyta obustronnie - niski stopień skomlikowania prac	m2	inna
Sufit podwieszany prosty montaż stelaża z płytami	m²	Montaż AGD: lodówka, zmywarka, płyta, piekarnik	szt	inna
Sufit podwieszany prosty montaż stelaża z płytami	m²	Montaż ścian GK z wełną mineralną - podwójna płyta obustronnie - wysoki stopień skomplikowania prac	m²	inna
Szacunkowo łazienka na gotowo	kpl	Przewody kabelkowe o łącznym przekro- ju żył do Cu-6/Al-12 mm2 układane w gotowych bruzdach bez zaprawiania bruzd na podłożu nie-betonowym	mb	inna
Szacunkowo łazienka na gotowo	kpl	Rurociągi z PVC kanalizacyjne o śr. 50/110 mm w gotowych wykopach, wewnątrz budynków o połączeniach wciskowych wraz z wykonaniem podejść	pkt	inna
Szacunkowo łazienka na gotowo	kpl	montaż  gotowych schodów na antresole	kpl	inna
Szacunkowo łazienka na gotowo	kpl	montaż gotowej barierki na antresoli	kpl	inna
Szacunkowo łazienka na gotowo	kpl	wylewka betonowa ok 3-5cm - szacunkowo z materiałem  8-10k	kpl	inna
Szacunkowo łazienka na gotowo	kpl	szacunkowo	kpl	inna
Szacunkowo łazienka na gotowo	kpl	szacunkowo razem z jednostkami	szt	inna
Szacunkowo łazienka na gotowo	kpl	Wykonanie wentylcji w garderobie - szacunkowo	kpl	inna
Szacunkowo łazienka na gotowo	kpl	Wykonanie przebicia przez ścianę nośną - podparcie stropu, montaż ceowników stalowych skręcanych wg wyliczeń konstruktora, wycinanie otworu, wykonanie wykończenia. Szacunkowa wycena przy założeniu, że nie jest to konstrukcja żelbetowa z prętami	kpl	inna
Szacunkowo łazienka na gotowo	kpl	szacunkowo jednostki z montazem (cena zalezy od wybranych jednostek)	kpl	inna
Szacunkowo łazienka na gotowo	kpl	Zabudowy z gk kominek etc. - szacunkowo	kpl	inna
Szacunkowo łazienka na gotowo	kpl	Poprawienie elektryki w gabinecie - weryfikacja na miejscu, kwota szacunkowa	kpl	inna
Tynkowanie/wyrównanie ścian pod układanie glazury + wzmocnienia siatką	m²	tynkowanie suftow i ścian mp75 + siatka	m2	inna
Tynkowanie/wyrównanie ścian pod układanie glazury + wzmocnienia siatką	m²	Tynkowanie/wyrównywanie ścian lub sufitów na listwach tynkarskich do kilku cm grubości. Naprawa sufitu po zalaniu i niektórych ściane w łazience. podsumowanie m2 po wykonaniu prac	m²	inna
Tynkowanie/wyrównanie ścian pod układanie glazury + wzmocnienia siatką	m²	Tynkowanie/wyrównywanie ścian lub sufitów na listwach tynkarskich do kilku cm grubości.	m²	inna
Tynkowanie/wyrównanie ścian pod układanie glazury + wzmocnienia siatką	m²	wklejanie narożników aluminiowych i wklejanie siatki + szpachlowanie narożniki, glify okienne etc. wszędzie tam gdzie to wymaga	mb	inna
Tynkowanie/wyrównanie ścian pod układanie glazury + wzmocnienia siatką	m²	Dopłata za zbrojenie siatką	m²	inna
Tynkowanie/wyrównanie ścian pod układanie glazury + wzmocnienia siatką	m²	Dodatek za wklejanie siatki tynkarskiej	mb	inna
Tynkowanie/wyrównanie ścian pod układanie glazury + wzmocnienia siatką	m²	zatapianie siatki w wylewce	m2	inna
Tynkowanie/wyrównanie ścian pod układanie glazury + wzmocnienia siatką	m²	siatka tynkarska	m2	inna
Tynkowanie/wyrównanie ścian pod układanie glazury + wzmocnienia siatką	m²	zbrojenie lazienki siatka el.	m2	inna
Tynkowanie/wyrównanie ścian pod układanie glazury + wzmocnienia siatką	m²	montaż profili wzmocnionych pod ościeżnice	kpl	inna
Tynkowanie/wyrównanie ścian pod układanie glazury + wzmocnienia siatką	m²	montaż przedscianki z polka  pod prysznicem i umywalka z wzmocnieniem	m²	inna
Tynkowanie/wyrównanie ścian pod układanie glazury + wzmocnienia siatką	m²	montaz przedscianki za umywalka z wzmocnieniem	kpl	inna
Układanie glazury na podłodze wielki format np. 120x270	m²	Położenie gresu na podłodze 120x20 mijanka	m2	inna
Układanie glazury na podłodze wielki format np. 120x270	m²	Przyklejenie maty kompensacyjnej pod płytki wielkoformatowe	m²	inna
Układanie glazury na podłodze wielki format np. 120x270	m²	Układanie płytek w glifach, półeczkach itp. do 20 cm wielki format	mb	inna
Układanie glazury na podłodze wielki format np. 120x270	m²	Układanie plytek wielki format ciana	m²	inna
Układanie glazury na podłodze wielki format np. 120x270	m²	Układanie płytek wielki format	m²	inna
Układanie glazury na podłodze wielki format np. 120x270	m²	Układanie glazury wielkoformatowej	m²	inna
Układanie glazury na podłodze wielki format np. 120x270	m²	wykonanie 3 półek z glazury z płytki wielki format	szt	inna
Wykonanie przycisku WC z glazury	szt	Montaż WC z podwieszanego + przycisk z plytek	szt	ta-sama
Wykonanie przycisku WC z glazury	szt	Przyciski do spłuczek podtynkowych publicznych - pytanie czy to mają być automatyczne?	kpl	inna
Łazienka parter szacunkowo	kpl	Zaspawnie rur grzejnikowych - łazienka parter	kpl	inna
Łazienka parter szacunkowo	kpl	demontaż kotłowni wraz ze starą instalacja i rurami na parterze	kpl	inna
Łazienka parter szacunkowo	kpl	Położenie trawertynu na podłodze parter	m2	inna
Łazienka parter szacunkowo	kpl	wylewka betonowa ok 3-5cm - szacunkowo z materiałem  8-10k	kpl	inna
Łazienka parter szacunkowo	kpl	szacunkowo	kpl	inna
Łazienka parter szacunkowo	kpl	szacunkowo razem z jednostkami	szt	inna
Łazienka parter szacunkowo	kpl	Wykonanie wentylcji w garderobie - szacunkowo	kpl	inna
Łazienka parter szacunkowo	kpl	Wykonanie przebicia przez ścianę nośną - podparcie stropu, montaż ceowników stalowych skręcanych wg wyliczeń konstruktora, wycinanie otworu, wykonanie wykończenia. Szacunkowa wycena przy założeniu, że nie jest to konstrukcja żelbetowa z prętami	kpl	inna
Łazienka parter szacunkowo	kpl	szacunkowo jednostki z montazem (cena zalezy od wybranych jednostek)	kpl	inna
Łazienka parter szacunkowo	kpl	Zabudowy z gk kominek etc. - szacunkowo	kpl	inna
Łazienka parter szacunkowo	kpl	Poprawienie elektryki w gabinecie - weryfikacja na miejscu, kwota szacunkowa	kpl	inna
Łazienka parter szacunkowo	kpl	skuwanie plytek delikatne bez uszkodzenia całej łazienki	m2	inna
Malowanie agregatem 1 kolor	m²	Odcinanie kolorów, lamperie itp.	mb	inna
Malowanie agregatem 1 kolor	m²	Malowanie ścian emulsją z gruntem (przykrycie koloru, żeby malować na biało) - 2 warstwy	m²	inna
Malowanie agregatem 1 kolor	m²	Odcinanie kolorów przy suficie	mb	inna
Malowanie agregatem 1 kolor	m²	Malowanie sufitu w kolor	m2	inna
Malowanie agregatem 1 kolor	m²	ponowne malowanie ścian - zmiana koloru	m2	inna
Malowanie agregatem 1 kolor	m²	Malowanie ścian farba podkladowa (przykrycie koloru, żeby malować na bało) - 1 warstwa	m2	inna
Malowanie agregatem 1 kolor	m²	Malowanie ścian farbą silikonową lub akrylową - kolor	m²	inna
Malowanie agregatem 1 kolor	m²	Malowanie ścian emulsją z gruntem (przykrycie koloru, żeby malować na biało) - 1 warstwa	m²	inna
Malowanie agregatem 1 kolor	m²	Malowanie ścian w kolorze - wejście do mieszkania	m2	inna
Malowanie agregatem 1 kolor	m²	wymiana sylikonu na inny kolor	kpl	inna
Malowanie agregatem 1 kolor	m²	Okładziny ścienne z płyt laminowanych gr 18cm, kolor dąb winchester - wycena u stolarza jak tylko zostanie wybrany materiał. czy fornir czy laminat	m2	inna
Malowanie agregatem 1 kolor	m²	Okładziny ścienne z lameli drewnianych 2x2cm, kolor dąb winchester - sama robocizna. mogę uwzględnić materiał jak będę również wiedział czy drewno naturalne, czy laminat czy fornir	m2	inna
Montaż płyt akustycznych gk dodatek	m²	demontaz plyt mdf z subitem	m2	inna
Montaż płyt akustycznych gk dodatek	m²	Montaż profili  i płyt GK w zabudowie geberitu	kpl	inna
Montaż płyt akustycznych gk dodatek	m²	szpachlowanie połaczeń ścian z gk i wklejanie taśmy wzmacniającej ( (łączenia pęknięć płyt, łączenia płyt gk etc.)	mb	inna
Montaż płyt akustycznych gk dodatek	m²	Zakup, transport i wniesienie towaru budowlanego (cały okres remontu) - dużo wnoszenia, materiałów i płyt, poddasze do zrobienia.	kpl	inna
Montaż płyt akustycznych gk dodatek	m²	Wykonanie przejścia z łukiem, wklejenie płyt gk, narożnika, montaż taśm, szpachlowanie. Kompleksowe przygotowanie do malowanie.	kpl	inna
Montaż płyt akustycznych gk dodatek	m²	Klejenie płyt GK	m²	inna
Montaż płyt akustycznych gk dodatek	m²	montaż płyt gk w na klej na ścianach	m2	inna
Montaż płyt akustycznych gk dodatek	m²	montaz plyt osb strych	m2	inna
Montaż płyt akustycznych gk dodatek	m²	Montaz profili i plyt farmacell miedzy belek stropowych.+ welna	mb	inna
Montaż płyt akustycznych gk dodatek	m²	szpachlowanie połaczeń ścian z gk i wklejanie taśmy wzmacniającej ( (łączenia pęknięć płyt, łączenia płyt gk etc.)	m2	inna
Montaż płyt akustycznych gk dodatek	m²	montaz plyt gk na sciany plyta pojedyncza	m2	inna
Montaż płyt akustycznych gk dodatek	m²	demontaż płyt gk ze ścian	m2	inna
Sufit podwieszany armstrong - wysoki stopień skomplikowania prac	m²	Montaż ścian GK z wełną mineralną - podwójna płyta obustronnie - niski stopień skomlikowania prac	m2	inna
Sufit podwieszany armstrong - wysoki stopień skomplikowania prac	m²	Układanie paneli laminowanych niski stopień skomplikowania prac	m2	inna
Sufit podwieszany armstrong - wysoki stopień skomplikowania prac	m²	Układanie paneli winylowych pływających średni stopień skomplikowania	m2	inna
Sufit podwieszany armstrong - wysoki stopień skomplikowania prac	m²	Montaż ścian GK z wełną mineralną - podwójna płyta obustronnie - niski stopień skomlikowania prac	kpl	inna
Sufit podwieszany armstrong - wysoki stopień skomplikowania prac	m²	Montaż ścian GK z wełną mineralną - podwójna płyta obustronnie - niski stopień skomlikowania prac	klp	inna
Sufit podwieszany armstrong - wysoki stopień skomplikowania prac	m²	dodatek za prace na wysokości	kpl	inna
Sufit podwieszany armstrong - wysoki stopień skomplikowania prac	m²	dodatek za prace na wysokościach	kpl	inna
Sufit podwieszany armstrong - wysoki stopień skomplikowania prac	m²	Cyklinowanie schodów stopień + podstopień	szt	inna
Sufit podwieszany armstrong - wysoki stopień skomplikowania prac	m²	Murowanie ścian z bloczków komórkowych 7,5 cm (skomplikowany montaż)	m²	inna
Sufit podwieszany armstrong - wysoki stopień skomplikowania prac	m²	Bruzdowanie pod kable elektryczne w materiałach miękkich - trochę wyższa kwota bo będzie to bruzdowanie jednak skomplikowane bardziej ze względu na to, żeby nie uszkodzić obecnych kabli.	mb	inna
Sufit podwieszany armstrong - wysoki stopień skomplikowania prac	m²	projekt układu funkcjonalego z rozrysowaniem elektryki i hydrauliki, ścian, wyburzeń, sufitów podwieszane.	kpl	inna
Sufit podwieszany armstrong - wysoki stopień skomplikowania prac	m²	demontaż sufitów podwieszanych	m2	inna
Sufit podwieszany armstrong niski stopień skomplikowania prac	m²	Montaż ścian GK z wełną mineralną - podwójna płyta obustronnie - niski stopień skomlikowania prac	m2	inna
Sufit podwieszany armstrong niski stopień skomplikowania prac	m²	Montaż ścian GK z wełną mineralną - podwójna płyta obustronnie - niski stopień skomlikowania prac	kpl	inna
Sufit podwieszany armstrong niski stopień skomplikowania prac	m²	Montaż ścian GK z wełną mineralną - podwójna płyta obustronnie - niski stopień skomlikowania prac	klp	inna
Sufit podwieszany armstrong niski stopień skomplikowania prac	m²	Montaż ścian GK z wełną mineralną - podwójna płyta obustronnie - wysoki stopień skomplikowania prac	m²	inna
Sufit podwieszany armstrong niski stopień skomplikowania prac	m²	Układanie paneli winylowych pływających średni stopień skomplikowania	m2	inna
Sufit podwieszany armstrong niski stopień skomplikowania prac	m²	Układanie paneli winylowych wysoki stopień skomplikowania prac - jodełka, dylatacji.	m2	inna
Sufit podwieszany armstrong niski stopień skomplikowania prac	m²	obniżenie odpływu pod montaż niskiego brodzika wraz z rozkuciem i zalaniem	szt	inna
Sufit podwieszany armstrong niski stopień skomplikowania prac	m²	Montaż listew przypodłogowych niskich ukrytych wraz z obróbką	mb	inna
Sufit podwieszany armstrong niski stopień skomplikowania prac	m²	Cyklinowanie schodów stopień + podstopień	szt	inna
Sufit podwieszany armstrong niski stopień skomplikowania prac	m²	Murowanie ścian z bloczków komórkowych 7,5 cm (skomplikowany montaż)	m²	inna
Sufit podwieszany armstrong niski stopień skomplikowania prac	m²	Bruzdowanie pod kable elektryczne w materiałach miękkich - trochę wyższa kwota bo będzie to bruzdowanie jednak skomplikowane bardziej ze względu na to, żeby nie uszkodzić obecnych kabli.	mb	inna
Sufit podwieszany armstrong niski stopień skomplikowania prac	m²	projekt układu funkcjonalego z rozrysowaniem elektryki i hydrauliki, ścian, wyburzeń, sufitów podwieszane.	kpl	inna
Układanie wełny w ścianach	m²	Demontaże desek, wełny poddasze	kpl	inna
Układanie wełny w ścianach	m²	Układanie wełny podwójne 10 cm bez folii	m²	inna
Układanie wełny w ścianach	m²	montaz welny  w sciany dzialowe	m2	ta-sama
Wygłuszanie ścian (pianka wygłuszająca + płyta GK)	m²	montaż pianki dylatacji + sylikon + uszczelka na listwy	mb	inna
Wygłuszanie ścian (pianka wygłuszająca + płyta GK)	m²	skuwanie posadzki celem przygotowania wygłuszenia	m2	inna
Wygłuszanie ścian (pianka wygłuszająca + płyta GK)	m²	rozkładanie maty wygłuszającej	m2	inna
Wygłuszanie ścian (pianka wygłuszająca + płyta GK)	m²	dodatek za przyklejenie tasmy wygluszajacej + obcinanie stropianu przy podlodze	m2	inna
Wygłuszanie ścian (pianka wygłuszająca + płyta GK)	m²	Montaż ścian GK z wełną mineralną - podwójna płyta obustronnie - niski stopień skomlikowania prac	m2	inna
Wygłuszanie ścian (pianka wygłuszająca + płyta GK)	m²	Montaż AGD: lodówka, zmywarka, płyta, piekarnik	szt	inna
Wygłuszanie ścian (pianka wygłuszająca + płyta GK)	m²	Montaż ścian GK z wełną mineralną - podwójna płyta obustronnie - wysoki stopień skomplikowania prac	m²	inna
Wygłuszanie ścian (pianka wygłuszająca + płyta GK)	m²	licowanie ścian płytkami gk + wklejanie taśm i przygotwanie pod malowanie/tapete	m2	inna
Wygłuszanie ścian (pianka wygłuszająca + płyta GK)	m²	wypełnienie stelaż wełna + obudowa płytą bez zabudowy pod schodami	mb	inna
Wygłuszanie ścian (pianka wygłuszająca + płyta GK)	m²	licowanie ścian płytkami gk + wklejanie taśm i przygotwanie pod malowanie/tapete+ malowanie	m2	inna
Wygłuszanie ścian (pianka wygłuszająca + płyta GK)	m²	obnizenie sufitu plytami gk - montaz/szpachlowanie	kpl	inna
Wygłuszanie ścian (pianka wygłuszająca + płyta GK)	m²	Montaż ścian GK z wełną mineralną - podwójna płyta obustronnie - z z otworem drzwiowym	m²	inna
Nowa praca	szt	układanie tarasu wraz z legarami i pracami przygotwawczymi	m2	inna
Nowa praca	szt	wykonanie przyłącza do pionu na nową kuchnie	kpl	inna
Nowa praca	szt	lista podłogowa między nowa podłogą i płytkami w przedpokoju	mb	inna
Nowa praca	szt	Zdzieranie farby i tynku pod nową gładź	m2	inna
# pary dopisane ręcznie po drugim przeszukaniu
Sufit podwieszany armstrong niski stopień skomplikowania prac	m²	Sufit podwieszany kasetonowy z wypeł- nieniem płytami sufitowymi RIGIPS GYPTONE; konstrukcja rusztu niewi- doczna z profilami głównymi co 60/ 120CM cm - ZGODNIE Z PROJEKTEM + warstwa paraizolacji	m2	ta-sama
Sufit podwieszany prosty montaż stelaża z płytami	m²	sufit podwieszany	klp	ta-sama
# stare arkusze inwestycji, które mają kosztorys w aplikacji — ręczna ocena 2026-10-06
Montaż gniazdek i włączników smart home - cena +/- w zależności od osprzętu	szt	Wykonanie/przesunięcie punktów elektrycznych oraz lan :gniazdka i włączniki, wiercenie otworu pod puszke, montaż puszki, doprowadzenie kabla	szt	inna
Montaż gniazdek i włączników smart home - cena +/- w zależności od osprzętu	szt	Wykonanie/przesunięcie punktów elektrycznych, internetowych, tv :gniazdka i włączniki, wiercenie otworu pod puszke, montaż puszki, doprowadzenie kabla	szt	inna
Montaż listew LED + taśm LED	kpl	montaz listew pod obrazy 2m	szt	inna
Montaż master switch; stycznik + master switch	kpl	montaż master switch	kpl	ta-sama
Montaż przedłużek elektr.	szt	montaz wiatrakow elektrycznych	szt	inna
Montaż puszek elektrycznych	pkt	montaz wiatrakow elektrycznych	szt	inna
Montaż rozdzielni CCTV - wycena indywidualna	kpl	montaż rozdzielni cctv	kpl	ta-sama
Montaż rozdzielni CCTV - wycena indywidualna	kpl	naprawa odspojonych tynków- wstepna wycena przyjmujemy do 5m2	kpl	inna
Montaż rozdzielni CCTV - wycena indywidualna	kpl	naprawa barierki drewnianej - wycena na miejscu	kpl	inna
Montaż wentylatora łazienkowego	kpl	montaz kratki wentylacyjnej	szt	inna
Weryfikacja sprawności instalacji elektrycznej całego domu - wycena indywidualna	kpl	weryfikacja sprawności instalacji elektrycznej całego domu	kpl	ta-sama
Wkuwanie rozdzielni w ściane od 1200 zł/kpl	kpl	wkuwanie rozdzielni	klp	ta-sama
Montaż filtra wody	szt	montaż futryn	szt	inna
Montaż grzejników dekoracyjnych z zaworami	szt	montaz grzejnikow	szt	inna
Montaż baterii zlewozmywakowej	szt	montaz beterii umywalkowej	szt	inna
Podłączenie zmywarki	szt	podlaczenie pralki i suszarki	kpl	inna
Układanie glazury na ścianie format standard	m²	układanie glazury na ścianie wielki format 120x275	m2	inna
Układanie gresu na podłodze format standard od 30x30 do 60x120	m²	układanie glazury na podłodze format 120x120	m2	inna
Dopasowanie otworu drzwiowego - powiększenie otworu	kpl	dopsaowanie otworu drzwiowego (skucie,tynkowanie,gk itp)	kpl	ta-sama
Malowanie parapetu	mb	sylikonowanie parapetow	mb	inna
Montaż drzwi do systemu kasetowego	kpl	montaz kasety pod drzwi przesuwne	szt	inna
Montaż drzwi przesuwnych natynkowych	kpl	montaz kasety pod drzwi przesuwne	szt	inna
Montaż podwójnych drzwi przesuwnych	kpl	montaz kasety pod drzwi przesuwne	szt	inna
Obróbka drzwi ukrytych bez montażu ościeży	szt	obrobka drzwi ukrytych	szt	ta-sama
Renowacja parapetów	kpl	sylikonowanie parapetow	mb	inna
Silikonowanie parapetu	mb	sylikonowanie parapetow	mb	ta-sama
Silikonowanie parapetu	mb	sylikonowanie premium	mb	inna
Wstawienie drzwi wejściowych	kpl	mycie ram okkienych i drzwiowych	mb	inna
Akrylowanie listew przypodłogowych	mb	Montaż listew przypodłogowych pmetalowych	mb	inna
Dodatek za wylewkę samopoziomująca za każdy 1mm/3zł	mm	wylewka samopoziomująca	m2	inna
Frezowanie pod ogrzewanie podłogowe	m²	ogrzewanie podlogi	kpl	inna
Fugowanie	m²	fugowanie premium	m2	inna
Gruntowanie podłóg	m²	ogrzewanie podlogi	kpl	inna
Hydroizolacja cementowa podłoga 1 warstwa	m²	hydroizolacja cementowa balkon	m2	inna
Klejenie maty kompensacyjnej	m²	wklejenie maty kompensacyjnej	m2	ta-sama
Malowanie listew przypodłogowych	mb	Montaż listew przypodłogowych pmetalowych	mb	inna
Montaż listew przypodłogowych poliuretan lub MDF	mb	Montaż listew przypodłogowych pmetalowych	mb	inna
Montaż rozdzielaczy do ogrzewania	szt	montaż rozdzielni cctv	kpl	inna
Ogrzewanie podłogowe elektryczne, montaż maty	m²	ogrzewanie podlogi	kpl	inna
Ogrzewanie podłogowe wodne instalacja rur	m²	ogrzewanie podlogi	kpl	inna
Położenie gresu na podłodze format 120x120	m²	układanie glazury na podłodze format 120x120	m2	ta-sama
Położenie gresu na podłodze format mały 20x20	m²	Położenie gresu na podłodze + kuchnia i przedpokój MALY FORMAT	m2	ta-sama
Położenie gresu na podłodze format mały cegiełki i inne np 10x10, 6x15 itp.	m²	Położenie gresu na podłodze + kuchnia i przedpokój MALY FORMAT	m2	inna
Położenie gresu na podłodze wielki format 120x270 itp.	m²	układanie glazury na ścianie wielki format 120x275	m2	inna
Położenie gresu na podłodze wielki format 120x270 itp.	m²	Położenie gresu na podłodze + kuchnia i przedpokój duży format	m2	inna
Położenie płytek na podłodze 120x120	m²	Położenie gresu na podłodze + kuchnia i przedpokój 120x120	m2	ta-sama
Równe cięcia podłóg do łączeń bez listew	mb	równe cięcia podłóg do łączeń bez listew	kpl	ta-sama
Szpachlowanie i malowanie listew przypodłogowych	mb	Montaż listew przypodłogowych pmetalowych	mb	inna
Układanie gotowych cokołów na balkonach	mb	układanie cokołów na balkonach	mb	ta-sama
Układanie gotowych cokołów na balkonach	mb	skucie cokolow z klejem balkon	mb	inna
Układanie gotowych cokołów na balkonach	mb	Cokół docinany z płytek licowany z tynkiem	mb	inna
Układanie gotowych cokołów na balkonach	mb	Montaż cokołu z glazury zlicowanego ze ścianą.	mb	inna
Układanie gotowych cokołów na balkonach	mb	Cokół docinany z płytek wkuty w ścianę	mb	inna
Układanie gotowych cokołów na balkonach	mb	Cokół docinany z płytek	mb	inna
Układanie gotowych cokołów na balkonach	mb	Cokół docinany z płytek wkuwany w ścianę	mb	inna
Układanie gotowych cokołów na balkonach	mb	malowanie wejścia do mieszkania, szpachlowanie ubytków i odtworzenie cokołu	kpl	inna
Układanie parkietu	m²	Układanie parkietu z gruntowaniem	m2	ta-sama
Układanie parkietu z gruntowaniem mijanka	m²	Układanie parkietu z gruntowaniem	m2	inna
Wklejanie maty kompensacyjnej	m²	wklejenie maty kompensacyjnej	m2	ta-sama
Wylewka betonowa ok. 3-5 cm	m²	wylewka betonowa ok 5cm	m2	ta-sama
Wylewka samopoziomująca w całym mieszkaniu do 5 mm	m²	wylewka samopoziomująca	m2	ta-sama
Dodatek za cięcie płytek na dworze	kpl	dodatek za podciecie wanny	klp	inna
Montaż kratek wentylacyjnych	szt	montaz kratki wentylacyjnej	szt	ta-sama
Montaż wentylacji	mb	montaz kratki wentylacyjnej	szt	inna
Transport i wniesienie materiałów wykończeniowych - stawki do ustalenia w zależności od rodzaju i ilości	kpl	TRANSPORT I WNIESIENIE MATERIAŁÓW WYKOŃCZENIOWYCH - stawki do ustalenia w zależności od rodzaju i ilości  15 paczek paneli 18 paczek plytek	kpl	ta-sama
Wymiana silikonów	mb	sylikonowanie premium	mb	inna
Zakup, transport i wniesienie towaru budowlanego (cały okres remontu) - w zależności od piętra	kpl	zakup, transport i wniesienie towaru budowlanego (cały okres remontu) -   W zaleznosci od piętra 3 PIETRO BEZ WINDY	kpl	ta-sama
Bruzdowanie pod instalacje wod-kan w materiałach miękkich	mb	Bruzdowanie pod instalacje wod-kan w materiałach miękkich - trochę wyższa cena bo jest sporo tynku cementowego i bardzo ciężko się go bruzduje	mb	ta-sama
Demontaż grzejników	szt	montaz grzejnikow	szt	inna
Demontaż grzejników + ponowny montaż	szt	montaz grzejnikow	szt	inna
Demontaż kuchni bez zniszczenia	kpl	demontaz kuchni z wyniesieniem	kpl	inna
Demontaż listew przypodłogowych	mb	Montaż listew przypodłogowych pmetalowych	mb	inna
Demontaż listew przypodłogowych	mb	demontaz paneli podlogowych	m2	inna
Demontaż paneli klejonych	m²	demontaz paneli podlogowych	m2	inna
Demontaż parapetów	mb	demontaz plytek	m2	inna
Demontaże stelaż podtynkowy z zabudową.	kpl	stelaz pod prysznicem	kpl	inna
Demontaże stelaż podtynkowy z zabudową.	kpl	Montaz gk na stelazach (wszystkie lazienki co trzeba)	m2	inna
Rozkręcenie wyspy kuchennej i składanie z powrotem	kpl	rozkrecenie szafy przy wejscu skladanie z powrotem	kpl	inna
Skucie cokołów z klejem balkon	mb	układanie cokołów na balkonach	mb	inna
Skucie posadzki/lastryko 10 cm - beton zbrojony	m²	skucie posadzki 12,25	m2	inna
Skuwanie glazury z klejem i płytami GK - ściany i podłogi	m²	Skuwanie glazury z klejem ściany i podłogi  w lazienkach i balkonach	m2	inna
Skuwanie glazury z klejem ściany i podłogi	m²	Skuwanie glazury z klejem ściany i podłogi  w lazienkach i balkonach	m2	ta-sama
Usuwanie papy z podłogi	m²	ogrzewanie podlogi	kpl	inna
Wybicie otworu drzwiowego w ścianie działowej z montażem nadproża	szt	wykucie nadrproża  i powiększenie otworu drzwiowego przy głównym wejściu do mieszkania.	kpl	inna
Wyburzanie ścian powyżej 20 cm grubości - materiał miękki	m²	Bruzdowanie pod instalacje wod-kan w materiałach miękkich - trochę wyższa cena bo jest sporo tynku cementowego i bardzo ciężko się go bruzduje	mb	inna
Wyburzanie ścian powyżej 20 cm grubości - materiał miękki	m²	projekt układu funkcjonalego z rozrysowaniem elektryki i hydrauliki, ścian, wyburzeń, sufitów podwieszane.	kpl	inna
Wyburzanie ścian powyżej 20 cm grubości - materiał miękki	m²	wyburzanie sufitu z betonu i cegly	m2	inna
Wyburzanie ścian powyżej 20 cm grubości - materiał miękki	m²	uzupełnianie posadzki po wyburzeniach	mb	inna
Wykucie nadproża i powiększenie otworu drzwiowego	kpl	wykucie nadrproża  i powiększenie otworu drzwiowego przy głównym wejściu do mieszkania.	kpl	ta-sama
Zdzieranie starej farby z tynkiem	m²	Zdzieranie starej farby + tynki	m2	ta-sama
Zdzieranie starej farby z tynkiem	m²	Zdzieranie starej farby z gladza	m2	inna
Zdzieranie tapet i usuwanie kleju	m²	usuwanie tapety	m2	ta-sama
Montaż grzejników po malowaniu	szt	montaz grzejnikow	szt	inna
Montaż i demontaż kratek wentylacyjnych	szt	montaz kratki wentylacyjnej	szt	ta-sama
Hydroizolacja cementowa balkon 2 warstwy	m²	hydroizolacja cementowa balkon	m2	ta-sama
Ułożenie płytek na balkonach taras wentylowany - wysoki stopień skomplikowania prac. Po okręgu - montaż membrany i wsporników	m²	ułożenie płytek na balkonach - wysoki stopień skomplikowania prac. po okręgu - montaż membrany i wsporników.	m2	ta-sama
Ułożenie płytek na balkonach taras wentylowany - wysoki stopień skomplikowania prac. Po okręgu - montaż membrany i wsporników	m²	szlifowanie mleczka z tynków deweloperskich z drabiny na wysokosciach	m2	inna
Wymiana kratki wentylacyjnej	kpl	montaz kratki wentylacyjnej	szt	inna
Biały montaż baterii podtynkowej do umywalki	kpl	montaz beterii umywalkowej	szt	inna
Dodatek za podcięcie wanny	kpl	dodatek za podciecie wanny	klp	ta-sama
Fugowanie fugą epoksydową format płytek standard	m²	fugowanie naroznikow fuga epoksydowa	mb	inna
Malowanie płytek	m²	skuwanie plytek balkon	m2	inna
Malowanie sufitów i ścian bez glazury	m²	malowanie sufitów i ścian bez glazury  + gładź na suficie i scianach	m2	inna
Malowanie sufitów i ścian bez glazury + gładź na suficie	m²	malowanie sufitów i ścian bez glazury  + gładź na suficie i scianach	m2	ta-sama
Montaż akcesoriów łazienkowych	szt	montaz listwy w progu do lazienki	szt	inna
Montaż baterii do umywalki	szt	montaz beterii umywalkowej	szt	ta-sama
Montaż baterii wannowej wolnostojącej	szt	montaz beterii umywalkowej	szt	inna
Montaż deski wc elektrycznej	szt	montaz wiatrakow elektrycznych	szt	inna
Montaż grzejnika elektrycznego	szt	montaz grzejnikow	szt	inna
Montaż grzejnika elektrycznego podtynkowego	m²	montaz grzejnikow	szt	inna
Montaż grzejnika z zaworami	szt	montaz grzejnikow	szt	ta-sama
Montaż kratki wentylacyjnej	kpl	montaz kratki wentylacyjnej	szt	ta-sama
Montaż listwy spadkowej	szt	montaz listwy w progu do lazienki	szt	inna
Montaż metalowej półki	szt	montaz szafki podumywalkowej	szt	inna
Montaż metalowej półki	szt	Montaż listew przypodłogowych pmetalowych	mb	inna
Montaż profili i płyt GK w zabudowie geberitu	kpl	zabudowa z profili i gk umywalki- zlicowane z geberitem	kpl	inna
Montaż półki pod prysznicem	szt	stelaz pod prysznicem	kpl	inna
Montaż szafki podumywalkowej bez składania	szt	montaz szafki podumywalkowej	szt	ta-sama
Montaż umywalki nablatowej lub na szafke	szt	montaz szafki podumywalkowej	szt	inna
Montaż umywalki nablatowej lub na szafke	szt	montaz beterii umywalkowej	szt	inna
Montaż umywalki wiszącej	szt	montaz szafki podumywalkowej	szt	inna
Montaż umywalki wiszącej	szt	montaz beterii umywalkowej	szt	inna
Podłączenie pralki	szt	podlaczenie pralki i suszarki	kpl	ta-sama
Podłączenie suszarki	szt	podlaczenie pralki i suszarki	kpl	ta-sama
Przedścianka pod lustro - wycena indywidualna	kpl	przedscianka pod lustro	kpl	ta-sama
Przedścianka pod lustro - wycena indywidualna	kpl	naprawa odspojonych tynków- wstepna wycena przyjmujemy do 5m2	kpl	inna
Przedścianka pod lustro - wycena indywidualna	kpl	naprawa barierki drewnianej - wycena na miejscu	kpl	inna
Przyklejenie maty kompensacyjnej pod płytki wielkoformatowe	m²	wklejenie maty kompensacyjnej	m2	ta-sama
Silikonowanie	mb	sylikonowanie premium	mb	inna
Silikonowanie	mb	sylikonowanie parapetow	mb	inna
Skucie posadzki m2	m²	skucie posadzki 12,25	m2	ta-sama
Skucie posadzki mb	mb	skucie posadzki 12,25	m2	inna
Sufit podwieszany prosty montaż stelaża z płytami	m²	sufit podwieszany + led prosty	klp	inna
Sufit podwieszany z LED wg. projektu	kpl	sufit podwieszany + led prosty	klp	ta-sama
Szlifowanie krawędzi płytek czyste cięcie	mb	szlifowanie krawedzi plytek pod lustro	mb	inna
Szlifowanie krawędzi płytek na 45 stopni	mb	szlifowanie krawedzi plytek pod lustro	mb	inna
Tynkowanie/wyrównanie ścian pod układanie glazury	m²	tynkowanie/wyrównanie ścian pod układanie glazury + wzmocnienia siatką	m2	inna
Układanie glazury mały format 6,5 x 20	m²	ukladanie glazury maly format 15x15	m2	ta-sama
Układanie glazury mały format 6,5 x 20	m²	układanie glazury mały format  dekor 4,5 x 18,5	m2	ta-sama
Układanie glazury na glify i małe ściany - mały format	mb	układanie glazury na ścianie wielki format 120x275	m2	inna
Układanie glazury na podłodze duży format 120x120	m²	układanie glazury na podłodze format 120x120	m2	ta-sama
Układanie glazury na podłodze duży format 120x120	m²	układanie glazury na podłodze ścianie format duży 120x120	m2	ta-sama
Układanie glazury na podłodze format 20x20	m²	układanie glazury na podłodze format 120x120	m2	inna
Układanie glazury na podłodze format 20x20	m²	układanie glazury na podłodze ścianie format duży 120x120	m2	inna
Układanie glazury na podłodze format standard od 30x30 do 120x60	m²	układanie glazury na podłodze format 120x120	m2	inna
Układanie glazury na podłodze format standard od 30x30 do 120x60 (karo)	m²	układanie glazury na podłodze format 120x120	m2	inna
Układanie glazury na podłodze lub ścianie mozaika	m²	układanie glazury na podłodze ścianie format duży 120x120	m2	inna
Układanie glazury na podłodze lub ścianie mozaika	m²	układanie glazury na podłodze format 120x120	m2	inna
Układanie glazury na podłodze wielki format np. 120x270	m²	układanie glazury na podłodze format 120x120	m2	inna
Układanie glazury na podłodze wielki format np. 120x270	m²	układanie glazury na ścianie wielki format 120x275	m2	inna
Układanie glazury na podłodze wielki format np. 120x270	m²	układanie glazury na podłodze ścianie format duży 120x120	m2	inna
Układanie glazury na ścianie format duży 120x120	m²	układanie glazury na podłodze ścianie format duży 120x120	m2	ta-sama
Układanie glazury na ścianie format duży 120x120	m²	układanie glazury na ścianie wielki format 120x275	m2	inna
Układanie glazury na ścianie wielki format 120x270	m²	układanie glazury na ścianie wielki format 120x275	m2	ta-sama
Wklejanie maty hydroizolacyjnej	m²	mata hydroizolacyjna	mb	ta-sama
Wklejanie maty hydroizolacyjnej	m²	wklejenie maty kompensacyjnej	m2	inna
Wklejanie taśmy hydroizolacyjnej	mb	mata hydroizolacyjna	mb	inna
Wykonanie zabudowy rur z gk	mb	zabudowa rur	kpl	ta-sama
Wyrównanie ścian pod układanie glazury - klejenie płyt gk	m²	tynkowanie/wyrównanie ścian pod układanie glazury + wzmocnienia siatką	m2	inna
Wyrównanie ścian pod układanie glazury - stelaż z płytami gk	m²	tynkowanie/wyrównanie ścian pod układanie glazury + wzmocnienia siatką	m2	inna
Złożenie i montaż szafki podumywalkowej	szt	montaz szafki podumywalkowej	szt	inna
Łazienka parter szacunkowo	kpl	serwis rolety zewnętrznej - mozemy spróbować naprawic sami lub wezwać serwis i to ogarnąć za Ciebie. szacuje, że ze w granicach 500 zł taki przyjazd i naprawa jeżeli będzie bez wymiany	kpl	inna
Dodatek za płyty akustyczne	m²	montaż płyt akustycznych dodatek	m2	ta-sama
GK na ścianie pod LED cena m2	m²	gk na scianie pod led	klp	ta-sama
Gruntowanie powierzchni betonkontaktem	mb	gruntowanie betonkonakt	m2	ta-sama
Gruntowanie powierzchni betonkontaktem	mb	gruntowanie calego mieszkania betonkontaktem	m2	ta-sama
Malowanie agregatem 1 kolor	m²	próbki kolorów - w sumie 2 dni ekstra dla ekipy. policzyli mi 1000 zł za to.	kp	inna
Montaż płyt akustycznych gk dodatek	m²	montaż płyt akustycznych dodatek	m2	ta-sama
Montaż ścian GK z wełną mineralną - podwójna płyta obustronnie - niski stopień skomplikowania prac	m²	Montaż ścian GK z wełną mineralną - podwójna płyta obustronnie + wzmocnienie	klp	ta-sama
Montaż ścian GK z wełną mineralną - podwójna płyta obustronnie - niski stopień skomplikowania prac	m²	ułożenie płytek na balkonach - wysoki stopień skomplikowania prac. po okręgu - montaż membrany i wsporników.	m2	inna
Montaż ścian GK z wełną mineralną - podwójna płyta obustronnie - wysoki stopień skomplikowania prac	m²	Montaż ścian GK z wełną mineralną - podwójna płyta obustronnie + wzmocnienie	klp	inna
Montaż ścian GK z wełną mineralną - podwójna płyta obustronnie - wysoki stopień skomplikowania prac	m²	ułożenie płytek na balkonach - wysoki stopień skomplikowania prac. po okręgu - montaż membrany i wsporników.	m2	inna
Przesunięcie otworu drzwiowego z montażem nadproża + murowanie	szt	wykucie nadrproża  i powiększenie otworu drzwiowego przy głównym wejściu do mieszkania.	kpl	inna
Sufit podwieszany armstrong - wysoki stopień skomplikowania prac	m²	ułożenie płytek na balkonach - wysoki stopień skomplikowania prac. po okręgu - montaż membrany i wsporników.	m2	inna
Sufit podwieszany armstrong - wysoki stopień skomplikowania prac	m²	szlifowanie mleczka z tynków deweloperskich z drabiny na wysokosciach	m2	inna
Sufit podwieszany montaż stelaża z płytami - niski stopień skomplikowania prac	m²	ułożenie płytek na balkonach - wysoki stopień skomplikowania prac. po okręgu - montaż membrany i wsporników.	m2	inna
Szlifowanie mleczka z tynków deweloperskich	m²	szlifowanie mleczka z tynków deweloperskich z drabiny na wysokosciach	m2	ta-sama
Tapetowanie	m²	usuwanie tapety	m2	inna
Układanie wełny w ścianach	m²	skladanie lampy w sypialni	klp	inna
Wygłuszanie ścian (pianka wygłuszająca + płyta GK)	m²	ułożenie mat wygłuszających	m2	inna
# pary dopisane ręcznie po trzecim przeszukaniu
Demontaż zabudowy kuchennej	kpl	demontaz kuchni z wyniesieniem	kpl	ta-sama
Przemalowanie stopni i podstopni - z lekkim matowieniem	szt	malowanie schodow + barierki	kpl	ta-sama
