demontaz montaz lamp korytarz i salon|szt	Instalacja elektryczna i oświetlenie	szt	Demontaż i montaż lamp korytarz i salon [stary arkusz]
doprowadzenie peszla pod kabel swiatlowod|kpl	Instalacja elektryczna i oświetlenie	kpl	Doprowadzenie peszla pod kabel światłowodowy [stary arkusz]
doprowadzenie przewodu 3 fazowego|kpl	Instalacja elektryczna i oświetlenie	kpl	Doprowadzenie przewodu 3-fazowego [stary arkusz]
doprowadzenie przewodu 3 fazowego do rozdzielni, wniosek do e.on, wymiana bezpiecznika przedlicznikowego i przygotowanie instalacji|kpl	Instalacja elektryczna i oświetlenie	kpl	Doprowadzenie przewodu 3-fazowego do rozdzielni, wniosek do E.ON, wymiana bezpiecznika przedlicznikowego i przygotowanie instalacji
doprowadzenie przewodu 3 fazowego do rozdzielni, wniosek do e.on, wymiana bezpiecznika przedlicznikowego i przygotowanie instalacji|~	Instalacja elektryczna i oświetlenie	kpl	Doprowadzenie przewodu 3-fazowego do rozdzielni, wniosek do E.ON, wymiana bezpiecznika przedlicznikowego i przygotowanie instalacji [stary arkusz]
doprowadzenie przewodu 3 fazowego z montazem gniazda|kpl	Instalacja elektryczna i oświetlenie	kpl	Doprowadzenie przewodu 3-fazowego z montażem gniazda
kamery|szt	Instalacja elektryczna i oświetlenie	szt	Kamery [stary arkusz]
likwidacja punktu elektrycznego|szt	Instalacja elektryczna i oświetlenie	szt	Likwidacja punktu elektrycznego
lutowanie tasm ledowych|pkt	Instalacja elektryczna i oświetlenie	pkt	Lutowanie taśm LED
lutowanie tasm ledowych|kpl	Instalacja elektryczna i oświetlenie	kpl	Lutowanie taśm LED [stary arkusz]
lutowanie tasm ledowych i podlaczenie do trasformatora|pkt	Instalacja elektryczna i oświetlenie	pkt	Lutowanie taśm LED i podłączenie do transformatora [stary arkusz]
montaz czujnika termostatycznego ze sterownikiem do ogrzewania podlogowego|szt	Instalacja elektryczna i oświetlenie	szt	Montaż czujnika termostatycznego ze sterownikiem do ogrzewania podłogowego
montaz domofonu|szt	Instalacja elektryczna i oświetlenie	szt	Montaż domofonu [stary arkusz]
montaz gniazda tv i internet|szt	Instalacja elektryczna i oświetlenie	szt	Montaż gniazda TV i internet
montaz gniazdek i wylacznikow|szt	Instalacja elektryczna i oświetlenie	szt	Montaż gniazdek i wyłączników
montaz gniazdek i wylacznikow + lokalizacja|szt	Instalacja elektryczna i oświetlenie	szt	Montaż gniazdek i wyłączników + lokalizacja [stary arkusz]
montaz gniazdek i wylacznikow, gniazd tv|szt	Instalacja elektryczna i oświetlenie	szt	Montaż gniazdek i wyłączników, gniazd TV [stary arkusz]
montaz kanalu tv - wykucie i osadzenie + tynk - sciana niezelbetowa|szt	Instalacja elektryczna i oświetlenie	szt	Montaż kanału TV - wykucie i osadzenie + tynk - ściana nieżelbetowa
montaz kanalu tv - wykucie i osadzenie + tynk|szt	Instalacja elektryczna i oświetlenie	szt	Montaż kanału TV - wykucie i osadzenie + tynk [stary arkusz]
montaz kanalu tv|szt	Instalacja elektryczna i oświetlenie	szt	Montaż kanału TV [stary arkusz]
montaz kinkietow|szt	Instalacja elektryczna i oświetlenie	szt	Montaż kinkietów
montaz kinkietu w lazience|szt	Instalacja elektryczna i oświetlenie	szt	Montaż kinkietu w łazience [stary arkusz]
montaz lamp ze skaldaniem ( trudne|szt	Instalacja elektryczna i oświetlenie	szt	Montaż lamp ze składaniem (trudne) [stary arkusz]
montaz lamp ze skladaniem|szt	Instalacja elektryczna i oświetlenie	szt	Montaż lamp ze składaniem [stary arkusz]
montaz listew led + tasm ledowych|kpl	Instalacja elektryczna i oświetlenie	kpl	Montaż listew LED + taśm LED [stary arkusz]
montaz master switch|kpl	Instalacja elektryczna i oświetlenie	kpl	Montaż master switch [stary arkusz]
montaz okapu i podlaczenie do wentylacji|kpl	Instalacja elektryczna i oświetlenie	kpl	Montaż okapu i podłączenie do wentylacji
montaz pprofili swietlnych do oswietlenia led w sufitach podwieszanych|mb	Instalacja elektryczna i oświetlenie	mb	Montaż profili świetlnych do oświetlenia LED w sufitach podwieszanych [stary arkusz]
montaz prostych lamp (bez skladania)|szt	Instalacja elektryczna i oświetlenie	szt	Montaż prostych lamp (bez składania)
montaz puszki elektr. bez wiercenia otworu|szt	Instalacja elektryczna i oświetlenie	szt	Montaż puszki elektrycznej bez wiercenia otworu [stary arkusz]
montaz rozdzielni cctv|kpl	Instalacja elektryczna i oświetlenie	kpl	Montaż rozdzielni CCTV [stary arkusz]
montaz rozdzielni wg. projektu|kpl	Instalacja elektryczna i oświetlenie	kpl	Montaż rozdzielni wg projektu [stary arkusz]
montaz systemu przyzywowego w wc nps|kpl	Instalacja elektryczna i oświetlenie	kpl	Montaż systemu przyzywowego w WC NPS [stary arkusz]
montaz szynoprzewodow|mb	Instalacja elektryczna i oświetlenie	mb	Montaż szynoprzewodów
montaz tasm ledowych|mb	Instalacja elektryczna i oświetlenie	mb	Montaż taśm LED [stary arkusz]
montaz tasm ledowych z lutowaniem|pkt	Instalacja elektryczna i oświetlenie	pkt	Montaż taśm LED z lutowaniem [stary arkusz]
montaz transformatorow|szt	Instalacja elektryczna i oświetlenie	szt	Montaż transformatorów
montaz tv|kpl	Instalacja elektryczna i oświetlenie	kpl	Montaż TV [stary arkusz]
montaz wentylatora lazienkowego|klp	Instalacja elektryczna i oświetlenie	kpl	Montaż wentylatora łazienkowego [stary arkusz]
montaz wiatrakow elektrycznych|szt	Instalacja elektryczna i oświetlenie	szt	Montaż wiatraków elektrycznych [stary arkusz]
montaz wideofon|kpl	Instalacja elektryczna i oświetlenie	kpl	Montaż wideofonu [stary arkusz]
motnaz tv|szt	Instalacja elektryczna i oświetlenie	szt	Montaż TV [stary arkusz]
osadzenie puszek z uporzadkowaniem kabli|pkt	Instalacja elektryczna i oświetlenie	pkt	Osadzenie puszek z uporządkowaniem kabli [stary arkusz]
podlaczenie rozdzielni|kpl	Instalacja elektryczna i oświetlenie	kpl	Podłączenie rozdzielni [stary arkusz]
przebudowa skrzynki elektrycznej wraz z bezpiecznikami - do 12 modulow|kpl	Instalacja elektryczna i oświetlenie	kpl	Przebudowa skrzynki elektrycznej wraz z bezpiecznikami - do 12 modułów [stary arkusz]
przebudowa skrzynki elektrycznej wraz z bezpiecznikami - do 18 modulow|kpl	Instalacja elektryczna i oświetlenie	kpl	Przebudowa skrzynki elektrycznej wraz z bezpiecznikami - do 18 modułów
przebudowa skrzynki elektrycznej wraz z bezpiecznikami - do 24 modulow|kpl	Instalacja elektryczna i oświetlenie	kpl	Przebudowa skrzynki elektrycznej wraz z bezpiecznikami - do 24 modułów [stary arkusz]
przebudowa skrzynki elektrycznej wraz z bezpiecznikami 2 nowe obwody - finalnie przebudowa calej rozdzielni wraz z wykonaniem uziemienia|kpl	Instalacja elektryczna i oświetlenie	kpl	Przebudowa skrzynki elektrycznej wraz z bezpiecznikami 2 nowe obwody - finalnie przebudowa całej rozdzielni wraz z wykonaniem uziemienia [stary arkusz]
przebudowa skrzynki elektrycznej, dolozenie 1 bezpieczenika|szt	Instalacja elektryczna i oświetlenie	szt	Przebudowa skrzynki elektrycznej, dołożenie 1 bezpiecznika [stary arkusz]
przeniesienie rozdzielni elektrycznej|kpl	Instalacja elektryczna i oświetlenie	kpl	Przeniesienie rozdzielni elektrycznej [stary arkusz]
przenisienie lampy syfitowej w sypialni|kpl	Instalacja elektryczna i oświetlenie	kpl	Przeniesienie lampy sufitowej w sypialni [stary arkusz]
przewody kabelkowe o lacznym przekro- ju zyl do cu-6/al-12 mm2 ukladane w gotowych bruzdach bez zaprawiania bruzd na podlozu nie-betonowym|mb	Instalacja elektryczna i oświetlenie	mb	Przewody kabelkowe o łącznym przekroju żył do Cu-6/Al-12 mm2 układane w gotowych bruzdach bez zaprawiania bruzd na podłożu niebetonowym [stary arkusz]
punkty elektryczne zelbet dodatek|szt	Instalacja elektryczna i oświetlenie	szt	Punkty elektryczne żelbet dodatek
skladanie lampy w sypialni|klp	Instalacja elektryczna i oświetlenie	kpl	Składanie lampy w sypialni [stary arkusz]
sprawdzenie instalacji elektrycznej z lutowaniem przewodow i izolowaniem wszystkiego poprawnie.|szt	Instalacja elektryczna i oświetlenie	szt	Sprawdzenie instalacji elektrycznej z lutowaniem przewodów i poprawnym izolowaniem wszystkiego [stary arkusz]
weryfikacja sprawnosci instalacji elektrycznej calego domu|kpl	Instalacja elektryczna i oświetlenie	kpl	Weryfikacja sprawności instalacji elektrycznej całego domu
wiercienie otworow pod puszke w farmacell/gk (bez montazu puszki)|szt	Instalacja elektryczna i oświetlenie	szt	Wiercenie otworów pod puszkę w fermacell/GK (bez montażu puszki) [stary arkusz]
wkuwanie rozdzielni|klp	Instalacja elektryczna i oświetlenie	kpl	Wkuwanie rozdzielni [stary arkusz]
wykonanie gniazda zewnetrznego na balkonie|szt	Instalacja elektryczna i oświetlenie	szt	Wykonanie gniazda zewnętrznego na balkonie
wykonanie i montaz szafki teletechnicznej - przydalby sie schemat|kpl	Instalacja elektryczna i oświetlenie	kpl	Wykonanie i montaż szafki teletechnicznej - przydałby się schemat [stary arkusz]
wykonanie punktow oswietleniowych, czujki, rolety|szt	Instalacja elektryczna i oświetlenie	szt	Wykonanie punktów oświetleniowych, czujki, rolety [stary arkusz]
wykonanie tablicy bezpiecznikowej - przydalby sie schemat|kpl	Instalacja elektryczna i oświetlenie	kpl	Wykonanie tablicy bezpiecznikowej - przydałby się schemat [stary arkusz]
wykonanie/przesuniecie punktow elektrycznych oraz lan :gniazdka i wlaczniki, wiercenie otworu pod puszke, montaz puszki, doprowadzenie kabla|szt	Instalacja elektryczna i oświetlenie	szt	Wykonanie/przesunięcie punktów elektrycznych oraz LAN: gniazdka i włączniki, wiercenie otworu pod puszkę, montaż puszki, doprowadzenie kabla [stary arkusz]
wykonanie/przesuniecie punktow elektrycznych, internetowych, tv :gniazdka i wlaczniki, wiercenie otworu pod puszke, montaz puszki, doprowadzenie kabla|szt	Instalacja elektryczna i oświetlenie	szt	Wykonanie/przesunięcie punktów elektrycznych, internetowych, TV: gniazdka i włączniki, wiercenie otworu pod puszkę, montaż puszki, doprowadzenie kabla [stary arkusz]
wykonanie/przesuniecie punktow elektrycznych: gniazdka i wlaczniki, wiercenie otworu pod puszke, montaz puszki, doprowadzenie kabla|szt	Instalacja elektryczna i oświetlenie	szt	Wykonanie/przesunięcie punktów elektrycznych: gniazdka i włączniki, wiercenie otworu pod puszkę, montaż puszki, doprowadzenie kabla
wymiana bezpiecznika 3 fazowego|szt	Instalacja elektryczna i oświetlenie	szt	Wymiana bezpiecznika 3-fazowego [stary arkusz]
wynoszenie gruzu, mebli, armatury, smieci, odpadow budowlanych etc. - 2 pietra i sporo gruzu|kontener	Instalacja elektryczna i oświetlenie	kontener	Wynoszenie gruzu, mebli, armatury, śmieci, odpadów budowlanych etc. - 2 piętra i sporo gruzu
hyraulika stan surowy|kpl	Instalacja wodno-kanalizacyjna / C.O.	kpl	Hydraulika stan surowy [stary arkusz]
likwidacja punktow wod-kan|pkt	Instalacja wodno-kanalizacyjna / C.O.	pkt	Likwidacja punktów wod-kan
montaz grzejnikow|szt	Instalacja wodno-kanalizacyjna / C.O.	szt	Montaż grzejników [stary arkusz]
montaz grzejnikow dekoracyjnych|szt	Instalacja wodno-kanalizacyjna / C.O.	szt	Montaż grzejników dekoracyjnych [stary arkusz]
montaz grzejnikow dekoracyjnych z zaworami|szt	Instalacja wodno-kanalizacyjna / C.O.	szt	Montaż grzejników dekoracyjnych z zaworami
montaz zaworow przelotowych|~	Instalacja wodno-kanalizacyjna / C.O.	szt	Montaż zaworów przelotowych [stary arkusz]
montaz zaworow przelotowych albo zwrotnych do wody zimnej lub cieplej o sr. 20 mm lub zawory przelotowe kulowe instalacji wo- dociagowych z rur z tworzyw sztucznych o sr. nominalnej 20 mm|szt	Instalacja wodno-kanalizacyjna / C.O.	szt	Montaż zaworów przelotowych albo zwrotnych do wody zimnej lub ciepłej o śr. 20 mm lub zawory przelotowe kulowe instalacji wodociągowych z rur z tworzyw sztucznych o śr. nominalnej 20 mm [stary arkusz]
montaz zaworu regulujacego cisnienie w domu|szt	Instalacja wodno-kanalizacyjna / C.O.	szt	Montaż zaworu regulującego ciśnienie w domu [stary arkusz]
proba cisnieniowa instalacji|kpl	Instalacja wodno-kanalizacyjna / C.O.	kpl	Próba ciśnieniowa instalacji [stary arkusz]
proba szczelnosci instalacji centralnego ogrzewania w budynkach mieszkalnych - proba wodna cisnieniowa|kpl	Instalacja wodno-kanalizacyjna / C.O.	kpl	Próba szczelności instalacji centralnego ogrzewania w budynkach mieszkalnych - próba wodna ciśnieniowa [stary arkusz]
proba szczelnosci instalacji wodociago- wych z rur z tworzyw sztucznych w bu- dynkach niemieszkalnych (rurociag o sr. do 63 mm)|kpl	Instalacja wodno-kanalizacyjna / C.O.	kpl	Próba szczelności instalacji wodociągowych z rur z tworzyw sztucznych w budynkach niemieszkalnych (rurociąg o śr. do 63 mm) [stary arkusz]
przebudowa punktow centralnego ogrzewania|pkt	Instalacja wodno-kanalizacyjna / C.O.	pkt	Przebudowa punktów centralnego ogrzewania
przebudowa punktow centralnego ogrzewania - rurociagi w instalacjach c.o. zw syste- mie kan-therm press rury polietyleno- we pe-rt/al/pe-hd multi universal z wkladka aluminiowa o sr. zewnetrznej 20 mm o polaczeniach zgrzewanych na scianach w budynkach|pkt	Instalacja wodno-kanalizacyjna / C.O.	pkt	Przebudowa punktów centralnego ogrzewania - rurociągi w instalacjach c.o. w systemie KAN-Therm Press, rury polietylenowe PE-RT/Al/PE-HD Multi Universal z wkładką aluminiową o śr. zewnętrznej 20 mm o połączeniach zgrzewanych na ścianach w budynkach [stary arkusz]
przebudowa/doprowadzenie/wymiana instalacji c.w.u oraz z.w.u - rurociagi w instalacjach c.o. zw syste- mie kan-therm press rury polietyleno- we pe-rt/al/pe-hd multi universal z wkladka aluminiowa o sr. zewnetrznej 20 mm o polaczeniach zgrzewanych na scianach w budynkach|pkt	Instalacja wodno-kanalizacyjna / C.O.	pkt	Przebudowa/doprowadzenie/wymiana instalacji c.w.u. oraz z.w.u. - rurociągi w instalacjach c.o. w systemie KAN-Therm Press, rury polietylenowe PE-RT/Al/PE-HD Multi Universal z wkładką aluminiową o śr. zewnętrznej 20 mm o połączeniach zgrzewanych na ścianach w budynkach [stary arkusz]
przebudowa/doprowadzenie/wymiana instalacji wod-kan do pralki|pkt	Instalacja wodno-kanalizacyjna / C.O.	pkt	Przebudowa/doprowadzenie/wymiana instalacji wod-kan do pralki [stary arkusz]
przebudowa/doprowadzenie/wymiana instalacji wod-kan do pralki i suszarki|pkt	Instalacja wodno-kanalizacyjna / C.O.	pkt	Przebudowa/doprowadzenie/wymiana instalacji wod-kan do pralki i suszarki [stary arkusz]
przebudowa/doprowadzenie/wymiana instalacji wod-kan w kuchni|pkt	Instalacja wodno-kanalizacyjna / C.O.	pkt	Przebudowa/doprowadzenie/wymiana instalacji wod-kan w kuchni
przebudowa/doprowadzenie/wymiana instalacji wod-kan w kuchni - wykonanie podejsc|pkt	Instalacja wodno-kanalizacyjna / C.O.	pkt	Przebudowa/doprowadzenie/wymiana instalacji wod-kan w kuchni - wykonanie podejść [stary arkusz]
przerobienie kanalizacji przy oknie|kpl	Instalacja wodno-kanalizacyjna / C.O.	kpl	Przerobienie kanalizacji przy oknie [stary arkusz]
przesuniecie isntalacji wod kan w kuchni|kpl	Instalacja wodno-kanalizacyjna / C.O.	kpl	Przesunięcie instalacji wod-kan w kuchni [stary arkusz]
rurociagi z pvc kanalizacyjne o sr. 50/110 mm w gotowych wykopach, wewnatrz budynkow o polaczeniach wciskowych wraz z wykonaniem podejsc|pkt	Instalacja wodno-kanalizacyjna / C.O.	pkt	Rurociągi z PVC kanalizacyjne o śr. 50/110 mm w gotowych wykopach, wewnątrz budynków o połączeniach wciskowych wraz z wykonaniem podejść [stary arkusz]
ukladanie rur|mb	Instalacja wodno-kanalizacyjna / C.O.	mb	Układanie rur [stary arkusz]
bruzdowanie pod rury material miekki|mb	Klimatyzacja	mb	Bruzdowanie pod rury materiał miękki
bruzdowanie pod rury zelbet|mb	Klimatyzacja	mb	Bruzdowanie pod rury żelbet
doprowadzenie zasilania do jednostki material miekki|mb	Klimatyzacja	mb	Doprowadzenie zasilania do jednostki materiał miękki [stary arkusz]
doprowadzenie zasilania do jednostki zelbet|mb	Klimatyzacja	mb	Doprowadzenie zasilania do jednostki żelbet [stary arkusz]
jednostka ??|kpl	Klimatyzacja	kpl	Jednostka ?? [stary arkusz]
jednostka + 7 jednostek|kpl	Klimatyzacja	kpl	Jednostka + 7 jednostek [stary arkusz]
jednostka cena gree pular matt pu18mi|kpl	Klimatyzacja	kpl	Jednostka cena Gree Pular Matt PU18MI [stary arkusz]
jednostka cena indywidualna w zaleznosci od modelu|kpl	Klimatyzacja	kpl	Jednostka cena indywidualna w zależności od modelu
jednostka clivia|kpl	Klimatyzacja	kpl	Jednostka Clivia [stary arkusz]
jednostka multi split haier flexis matt 2,5kw + 3,5kw|kpl	Klimatyzacja	kpl	Jednostka multi split Haier Flexis Matt 2,5 kW + 3,5 kW [stary arkusz]
montaz anemostatow|szt	Klimatyzacja	szt	Montaż anemostatów [stary arkusz]
montaz klimatyzacji + uruchomienie|kpl	Klimatyzacja	kpl	Montaż klimatyzacji + uruchomienie
montaz rur skroplinowych|mb	Klimatyzacja	mb	Montaż rur skroplinowych [stary arkusz]
montaz syfonu podtynkowego|kpl	Klimatyzacja	kpl	Montaż syfonu podtynkowego
montaz syfonuow podtynkowych|kpl	Klimatyzacja	kpl	Montaż syfonów podtynkowych [stary arkusz]
naprawy scian i sufitow po kuciu, bruzdowaniu, tynkowanie bruzd|mb	Klimatyzacja	mb	Naprawy ścian i sufitów po kuciu, bruzdowaniu, tynkowanie bruzd
przebicie sie na zewnatrz|kpl	Klimatyzacja	kpl	Przebicie się na zewnątrz
montaz gniazdek i wlacznikow|szt	Łazienka	szt	Montaż gniazdek i włączników
przebicie sie na zewnatrz - niestety przebijanie sie przez zelbet|kpl	Klimatyzacja	kpl	Przebicie się na zewnątrz - niestety przebijanie się przez żelbet [stary arkusz]
rury miedziane + skropliny|mb	Klimatyzacja	mb	Rury miedziane + skropliny [stary arkusz]
rury miedziane + skropliny + ulozenie|mb	Klimatyzacja	mb	Rury miedziane + skropliny + ułożenie
suchy syfon|szt	Klimatyzacja	szt	Suchy syfon [stary arkusz]
wsporniki|kpl	Klimatyzacja	kpl	Wsporniki
wykonanie gladzi po bruzdach|mb	Klimatyzacja	mb	Wykonanie gładzi po bruzdach
wykonanie punktu elektrycznego|szt	Klimatyzacja	szt	Wykonanie punktu elektrycznego [stary arkusz]
zabudowa + rozprowadzenie kanalow|kpl	Klimatyzacja	kpl	Zabudowa + rozprowadzenie kanałów [stary arkusz]
demontaz plytek|m2	Kuchnia	m2	Demontaż płytek [stary arkusz]
gruntowanie|m2	Kuchnia	m2	Gruntowanie [stary arkusz]
gruntowanie plytek|m2	Kuchnia	m2	Gruntowanie płytek [stary arkusz]
malowanie plytek|m2	Kuchnia	m2	Malowanie płytek [stary arkusz]
montaz agd, lodowka, zmywarka, plyta, okap, piekarnik|kpl	Kuchnia	kpl	Montaż AGD: lodówka, zmywarka, płyta, okap, piekarnik [stary arkusz]
montaz baterii|szt	Kuchnia	szt	Montaż baterii
montaz beterii umywalkowej|szt	Kuchnia	szt	Montaż baterii umywalkowej [stary arkusz]
montaz blatu kuchennego z wyciecem otworu pod zlew|kpl	Kuchnia	kpl	Montaż blatu kuchennego z wycięciem otworu pod zlew [stary arkusz]
montaz leda|mb	Kuchnia	mb	Montaż LED
montaz profili ledowych|mb	Kuchnia	mb	Montaż profili LED [stary arkusz]
montaz profili ledowych podtynkowych w suficie|mb	Kuchnia	mb	Montaż profili LED podtynkowych w suficie
montaz syfonu|szt	Kuchnia	szt	Montaż syfonu
montaz zlewozmywaki zeliwne, z blachy lub z tworzywa sztucznego na szafce|szt	Kuchnia	szt	Montaż zlewozmywaka żeliwnego, z blachy lub z tworzywa sztucznego na szafce [stary arkusz]
montaz zlewu|szt	Kuchnia	szt	Montaż zlewu [stary arkusz]
montaz zlewu z wywierceniem otworu|szt	Kuchnia	szt	Montaż zlewu z wywierceniem otworu
podlaczenie indukcji|szt	Kuchnia	szt	Podłączenie indukcji [stary arkusz]
podlaczenie piekarnika|szt	Kuchnia	szt	Podłączenie piekarnika [stary arkusz]
podlaczenie zmywarki|szt	Kuchnia	szt	Podłączenie zmywarki [stary arkusz]
polozenie plytek miedzy szafkami -|m2	Kuchnia	m2	Położenie płytek między szafkami [stary arkusz]
polozenie plytek miedzy szafkami - cena zalezy od rodzaju plytek oraz ulozenie kuchni|m2	Kuchnia	m2	Położenie płytek między szafkami - cena zależy od rodzaju płytek oraz układu kuchni
polozenie plytek miedzy szafkami - cena zalezy od rodzaju plytek oraz ulozenie kuchni.|m2	Kuchnia	m2	Położenie płytek między szafkami - cena zależy od rodzaju płytek oraz układu kuchni [stary arkusz]
polozenie plytek miedzy szafkami - mozaika|m2	Kuchnia	m2	Położenie płytek między szafkami - mozaika [stary arkusz]
polozenie plytek miedzy szafkami maly format|m2	Kuchnia	m2	Położenie płytek między szafkami mały format [stary arkusz]
polozenie plytek miedzy szafkami z fugowaniem|m2	Kuchnia	m2	Położenie płytek między szafkami z fugowaniem [stary arkusz]
przeniesienie gniazdka - punkt elektr.|szt	Kuchnia	szt	Przeniesienie gniazdka - punkt elektr. [stary arkusz]
przeniesienie wentylacji do kuchni - w zabudowie gk przy suficie.|kpl	Kuchnia	kpl	Przeniesienie wentylacji do kuchni - w zabudowie GK przy suficie [stary arkusz]
przygotowanie podloza pod plytki|kpl	Kuchnia	kpl	Przygotowanie podłoża pod płytki [stary arkusz]
silikonowanie|~	Kuchnia	kpl	Silikonowanie [stary arkusz]
skladanie i montaz mebli kuchennych|kpl	Kuchnia	kpl	Składanie i montaż mebli kuchennych [stary arkusz]
sufit podwieszany montaz stelaza z plytami|m2	Kuchnia	m2	Sufit podwieszany montaż stelaża z płytami
syilkonowanie|mb	Kuchnia	mb	Silikonowanie [stary arkusz]
ukladanie glazury na scianie format standard|m2	Kuchnia	m2	Układanie glazury na ścianie format standard
ukladanie gresu 120x120|m2	Kuchnia	m2	Układanie gresu 120x120 [stary arkusz]
ukladanie gresu na podlodze format standard|m2	Kuchnia	m2	Układanie gresu na podłodze format standard
ulozenie gresu|m2	Kuchnia	m2	Ułożenie gresu [stary arkusz]
wentylacja w kuchni - wycena indywidualna|kpl	Kuchnia	kpl	Wentylacja w kuchni - wycena indywidualna
wklejanie naroznikow i wklejanie siatki + szpachlowanie narozniki, glify okienne etc. wszedzie tam gdzie to wymaga|mb	Kuchnia	mb	Wklejanie narożników i wklejanie siatki + szpachlowanie narożniki, glify okienne etc. wszędzie tam gdzie to wymaga
wkucie plytek w sciane. zlicowanie + obroļka|kpl	Kuchnia	kpl	Wkucie płytek w ścianę, zlicowanie + obróbka [stary arkusz]
wykonanie polek z gk 2szt|klp	Kuchnia	kpl	Wykonanie półek z GK 2 szt [stary arkusz]
wykonanie sciany pod spiek z plaszczyzny z gk|m2	Kuchnia	m2	Wykonanie ściany pod spiek z płaszczyzny z GK [stary arkusz]
wykonanie wentylacji w kuchni - prawdopodobnie trzeba rozdzielic kanal i klape zwrotna - weryfikacj na miejscu|kpl	Kuchnia	kpl	Wykonanie wentylacji w kuchni - prawdopodobnie trzeba rozdzielić kanał i klapę zwrotną - weryfikacja na miejscu [stary arkusz]
wymiana listwy w kuchni|mb	Kuchnia	mb	Wymiana listwy w kuchni [stary arkusz]
wzmocnienie plyta osb pod szafki kuchenne|kpl	Kuchnia	kpl	Wzmocnienie płytą OSB pod szafki kuchenne [stary arkusz]
akrylowanie|mb	Łazienka	mb	Akrylowanie
betonkontakt na podlodze|m2	Łazienka	m2	Betonkontakt na podłodze
bialy montaz baterii podtynkowej bidet|klp	Łazienka	kpl	Biały montaż baterii podtynkowej bidet [stary arkusz]
bialy montaz baterii podtynkowej do umywalki|kpl	Łazienka	kpl	Biały montaż baterii podtynkowej do umywalki
bialy montaz baterii podtynkowej do umywalki albo bidet|klp	Łazienka	kpl	Biały montaż baterii podtynkowej do umywalki albo bidet [stary arkusz]
bialy montaz baterii podtynkowej do wanny/prysznica razem ze sluchawka i deszczownica|kpl	Łazienka	kpl	Biały montaż baterii podtynkowej do wanny/prysznica razem ze słuchawką i deszczownicą
demontaz + montaz wc podwieszanego|szt	Łazienka	szt	Demontaż + montaż WC podwieszanego [stary arkusz]
demontaz i montaz oscieznicy|szt	Łazienka	szt	Demontaż i montaż ościeżnicy [stary arkusz]
dodatek za schodek pod prysznicem|klp	Łazienka	kpl	Dodatek za schodek pod prysznicem [stary arkusz]
domurowanie scianki z bloczkow 10cm+|m2	Łazienka	m2	Domurowanie ścianki z bloczków 10 cm+ [stary arkusz]
dwukrotne gruntowanie scian, sufitow i podlog|m2	Łazienka	m2	Dwukrotne gruntowanie ścian, sufitów i podłóg
fugowanie naroznikow fuga epoksydowa|mb	Łazienka	mb	Fugowanie narożników fugą epoksydową [stary arkusz]
fugowanie premium|m2	Łazienka	m2	Fugowanie premium [stary arkusz]
fugowanie scian i podlog|m2	Łazienka	m2	Fugowanie ścian i podłóg
fugowanie scian i podlog fuga epoksydowa|m2	Łazienka	m2	Fugowanie ścian i podłóg fugą epoksydową [stary arkusz]
gladz na scianach bez plytek|m2	Łazienka	m2	Gładź na ścianach bez płytek [stary arkusz]
grunt sciepny|m2	Łazienka	m2	Grunt sczepny [stary arkusz]
gruntowanie scian i sufitow i podlog|m2	Łazienka	m2	Gruntowanie ścian, sufitów i podłóg [stary arkusz]
instalacja wod kan nowy punkty, mocowanie|pkt	Łazienka	pkt	Instalacja wod-kan nowe punkty, mocowanie [stary arkusz]
instalacja wod-kan nowe punkty, przeniesienie lub przedluzenie - kazdy punkt|pkt	Łazienka	pkt	Instalacja wod-kan nowe punkty, przeniesienie lub przedłużenie - każdy punkt
klejenie plyt gk|m2	Łazienka	m2	Klejenie płyt GK [stary arkusz]
klejenie winylu na sciany i sufit|m2	Łazienka	m2	Klejenie winylu na ściany i sufit [stary arkusz]
licowanie scian plytami gk + wklejanie tasm i przygotowanie pod malowanie/tapete|m2	Łazienka	m2	Licowanie ścian płytami GK + wklejanie taśm i przygotowanie pod malowanie/tapetę
listwa ozdobne z glazury|mb	Łazienka	mb	Listwa ozdobna z glazury [stary arkusz]
malowanie sufitow i scian bez glazury + gladz|m2	Łazienka	m2	Malowanie sufitów i ścian bez glazury + gładź [stary arkusz]
malowanie sufitow i scian bez glazury + gladz na suficie|m2	Łazienka	m2	Malowanie sufitów i ścian bez glazury + gładź na suficie
malowanie sufitow i scian bez glazury + gladz na suficie|kpl	Łazienka	kpl	Malowanie sufitów i ścian bez glazury + gładź na suficie [stary arkusz]
mata hydroizolacyjna|mb	Łazienka	mb	Mata hydroizolacyjna [stary arkusz]
montaz akcesoriow lazienkowych|szt	Łazienka	szt	Montaż akcesoriów łazienkowych
montaz baterii do umywalki|szt	Łazienka	szt	Montaż baterii do umywalki
montaz baterii prysznicowej/wannowej podtynkowej|szt	Łazienka	szt	Montaż baterii prysznicowej/wannowej podtynkowej [stary arkusz]
montaz baterii prysznicowej/wannowej podtynkowej razem z podlaczeniem zasilania wody|szt	Łazienka	szt	Montaż baterii prysznicowej/wannowej podtynkowej razem z podłączeniem zasilania wody
montaz baterii prysznicowo/wannowej natynkowej|szt	Łazienka	szt	Montaż baterii prysznicowo-wannowej natynkowej
montaz baterii umywalkowej podtynkowej|szt	Łazienka	szt	Montaż baterii umywalkowej podtynkowej [stary arkusz]
montaz baterii umywalkowej podtynkowej razem z podlaczeniem zasilania wody|szt	Łazienka	szt	Montaż baterii umywalkowej podtynkowej razem z podłączeniem zasilania wody
montaz bidetu podtynkowego|szt	Łazienka	szt	Montaż bidetu podtynkowego
montaz blatu do umywalki|kpl	Łazienka	kpl	Montaż blatu do umywalki [stary arkusz]
montaz brodzika z kabina prysznicowa|kpl	Łazienka	kpl	Montaż brodzika z kabiną prysznicową
montaz geberitu|szt	Łazienka	szt	Montaż geberitu
montaz gk na stelazach (wszystkie lazienki co trzeba)|m2	Łazienka	m2	Montaż GK na stelażach (wszystkie łazienki co trzeba) [stary arkusz]
montaz gk pod led|m2	Łazienka	m2	Montaż GK pod LED [stary arkusz]
montaz grzejnika|szt	Łazienka	szt	Montaż grzejnika [stary arkusz]
montaz grzejnika z zaworami|szt	Łazienka	szt	Montaż grzejnika z zaworami
montaz i podlaczenie tasm ledowych|mb	Łazienka	mb	Montaż i podłączenie taśm LED
montaz i podlaczenie transformatora|mb	Łazienka	mb	Montaż i podłączenie transformatora [stary arkusz]
montaz i powieszenie szafek|szt	Łazienka	szt	Montaż i powieszenie szafek [stary arkusz]
montaz kabiny prysznicowej|kpl	Łazienka	kpl	Montaż kabiny prysznicowej [stary arkusz]
montaz kratki wentylacyjnej|kpl	Łazienka	kpl	Montaż kratki wentylacyjnej [stary arkusz]
montaz lamp|szt	Łazienka	szt	Montaż lamp
montaz listew led + tasm ledowych|mb	Łazienka	mb	Montaż listew LED + taśm LED
montaz listwy|mb	Łazienka	mb	Montaż listwy [stary arkusz]
montaz listwy spadkowej|mb	Łazienka	mb	Montaż listwy spadkowej [stary arkusz]
montaz lustra|szt	Łazienka	szt	Montaż lustra
montaz lustra z ledem|szt	Łazienka	szt	Montaż lustra z LED [stary arkusz]
montaz lustra z podswietleniem|szt	Łazienka	szt	Montaż lustra z podświetleniem [stary arkusz]
montaz lustra z szafka+ skrecenie|szt	Łazienka	szt	Montaż lustra z szafką + skręcenie [stary arkusz]
montaz odplywu liniowego z wypoziomowaniem spadku|kpl	Łazienka	kpl	Montaż odpływu liniowego z wypoziomowaniem spadku
montaz odplywu liniowego z wypoziomowaniem spadku - odplyw jednospadkowy|kpl	Łazienka	kpl	Montaż odpływu liniowego z wypoziomowaniem spadku - odpływ jednospadkowy [stary arkusz]
montaz oscieznicy z drzwiami i klamkami|szt	Łazienka	szt	Montaż ościeżnicy z drzwiami i klamkami
montaz parawanu nawannowego|szt	Łazienka	szt	Montaż parawanu nawannowego
montaz profili i plyt gk w zabudowie geberitu|kpl	Łazienka	kpl	Montaż profili i płyt GK w zabudowie geberitu
montaz rewizji na liczniki|kpl	Łazienka	kpl	Montaż rewizji na liczniki
montaz siedziska prysznicowego|kpl	Łazienka	kpl	Montaż siedziska prysznicowego [stary arkusz]
montaz syfonow|kpl	Łazienka	kpl	Montaż syfonów
montaz szafki podumywalkowej|szt	Łazienka	szt	Montaż szafki podumywalkowej [stary arkusz]
montaz szafki podumywalkowej + szafki z lustrem|szt	Łazienka	szt	Montaż szafki podumywalkowej + szafki z lustrem [stary arkusz]
montaz szyby stalej do odplywu liniowego|kpl	Łazienka	kpl	Montaż szyby stałej do odpływu liniowego
montaz umywalki|szt	Łazienka	szt	Montaż umywalki
montaz umywalki od (zalezy od rodzaju)|szt	Łazienka	szt	Montaż umywalki (cena zależy od rodzaju) [stary arkusz]
montaz wanny wolnostojacej / dolegajacej do sciany|kpl	Łazienka	kpl	Montaż wanny wolnostojącej / dolegającej do ściany [stary arkusz]
montaz wanny wolnostojacej z syfonem|kpl	Łazienka	kpl	Montaż wanny wolnostojącej z syfonem
montaz wanny z zabudowa z bloczkow i rewizja|kpl	Łazienka	kpl	Montaż wanny z zabudową z bloczków i rewizją
montaz wanny z zabudowa z bloczkow i rewizja oraz ledem|kpl	Łazienka	kpl	Montaż wanny z zabudową z bloczków i rewizją oraz LED [stary arkusz]
montaz wc kompakt dla niepelnosprawnych|szt	Łazienka	szt	Montaż WC kompakt dla niepełnosprawnych [stary arkusz]
montaz wc podwieszanego|szt	Łazienka	szt	Montaż WC podwieszanego
montaz zabudowy rur|kpl	Łazienka	kpl	Montaż zabudowy rur [stary arkusz]
montaz zaworow|szt	Łazienka	szt	Montaż zaworów
montaz zaworow umywalka x2, pralka|szt	Łazienka	szt	Montaż zaworów umywalka x2, pralka [stary arkusz]
montaz zlicowanego przycisku|kpl	Łazienka	kpl	Montaż zlicowanego przycisku [stary arkusz]
mycie fugi pod prysznicem, bo nie byla umyta po robocie|kpl	Łazienka	kpl	Mycie fugi pod prysznicem, bo nie była umyta po robocie [stary arkusz]
obnizenie sufitu plytami gk - montaz/szpachlowanie|kpl	Łazienka	kpl	Obniżenie sufitu płytami GK - montaż/szpachlowanie [stary arkusz]
podlaczenie pralki|szt	Łazienka	szt	Podłączenie pralki
polozenie folii w plynie (izolacji)|m2	Łazienka	m2	Położenie folii w płynie (izolacji)
ponowny montaz odplywu liniowego|szt	Łazienka	szt	Ponowny montaż odpływu liniowego [stary arkusz]
przedscianka obok umywalki|klp	Łazienka	kpl	Przedścianka obok umywalki [stary arkusz]
przedscianka pod lustro|kpl	Łazienka	kpl	Przedścianka pod lustro [stary arkusz]
przerobka pionu z podlaczenia kuchennego do podlaczenia brodzika|kpl	Łazienka	kpl	Przeróbka pionu z podłączenia kuchennego do podłączenia brodzika [stary arkusz]
przyciski do spluczek podtynkowych publicznych - pytanie czy to maja byc automatyczne?|szt	Łazienka	szt	Przyciski do spłuczek podtynkowych publicznych - pytanie czy to mają być automatyczne? [stary arkusz]
przyciski do spluczek podtynkowych publicznych - pytanie czy to maja byc automatyczne?|kpl	Łazienka	kpl	Przyciski do spłuczek podtynkowych publicznych - pytanie czy to mają być automatyczne? [stary arkusz]
montaz sedesu elektrycznego|szt	Łazienka	szt	Montaż sedesu elektrycznego [stary arkusz]
przyklejenie maty kopensacijnej pod plytki welkofotmatowe|m2	Łazienka	m2	Przyklejenie maty kompensacyjnej pod płytki wielkoformatowe [stary arkusz]
silikonowanie|mb	Łazienka	mb	Silikonowanie
silikonowanie premium|mb	Łazienka	mb	Silikonowanie premium [stary arkusz]
skucie gifu przy oknie|kpl	Łazienka	kpl	Skucie glifu przy oknie [stary arkusz]
skucie kawalka podlogi oraz wylewka samopoziomujaca|m2	Łazienka	m2	Skucie kawałka podłogi oraz wylewka samopoziomująca
skucie posadzki i wylanie na nowo|kpl	Łazienka	kpl	Skucie posadzki i wylanie na nowo [stary arkusz]
sufit gk|~	Łazienka	m2	Sufit GK [stary arkusz]
sufit podwieszany|m2	Łazienka	m2	Sufit podwieszany
sufit podwieszany|klp	Łazienka	kpl	Sufit podwieszany [stary arkusz]
sufit podwieszany z led|kpl	Łazienka	kpl	Sufit podwieszany z LED [stary arkusz]
szacunkowo|kpl	Łazienka	kpl	Szacunkowo [stary arkusz]
szlifowanie krawedzi plytek na 45 stopni|mb	Łazienka	mb	Szlifowanie krawędzi płytek na 45 stopni
szlifowanie krawedzi plytek pod lustro|mb	Łazienka	mb	Szlifowanie krawędzi płytek pod lustro [stary arkusz]
tapetowanie 2m2|kpl	Łazienka	kpl	Tapetowanie 2 m2 [stary arkusz]
tynkowanie/wyrownanie scian pod ukladanie glazury|m2	Łazienka	m2	Tynkowanie/wyrównanie ścian pod układanie glazury
tynkowanie/wyrownanie scian pod ukladanie glazury + wzmocnienia siatka|m2	Łazienka	m2	Tynkowanie/wyrównanie ścian pod układanie glazury + wzmocnienia siatką [stary arkusz]
ukladanie glazury maly format 6,5 x 20 z fugowaniem|m2	Łazienka	m2	Układanie glazury mały format 6,5 x 20 z fugowaniem
ukladanie glazury maly format z fugowaniem|m2	Łazienka	m2	Układanie glazury mały format z fugowaniem [stary arkusz]
ukladanie glazury na glify i male sciany|mb	Łazienka	mb	Układanie glazury na glify i małe ściany [stary arkusz]
ukladanie glazury na podlodze format 120x120|m2	Łazienka	m2	Układanie glazury na podłodze format 120x120 [stary arkusz]
ukladanie glazury na podlodze format duzy 100x100|m2	Łazienka	m2	Układanie glazury na podłodze format duży 100x100 [stary arkusz]
ukladanie glazury na podlodze format mozaika|m2	Łazienka	m2	Układanie glazury na podłodze format mozaika [stary arkusz]
ukladanie glazury na podlodze format standard od 30x30 do 120x60|m2	Łazienka	m2	Układanie glazury na podłodze format standard od 30x30 do 120x60
ukladanie glazury na podlodze format standard od 30x30 do 120x60 (karo)|m2	Łazienka	m2	Układanie glazury na podłodze format standard od 30x30 do 120x60 (karo) [stary arkusz]
ukladanie glazury na podlodze strefa prysznica|kpl	Łazienka	kpl	Układanie glazury na podłodze strefa prysznica [stary arkusz]
ukladanie glazury na scianie format duzy 100x100|m2	Łazienka	m2	Układanie glazury na ścianie format duży 100x100 [stary arkusz]
ukladanie glazury na scianie format duzy 120x120|m2	Łazienka	m2	Układanie glazury na ścianie format duży 120x120
ukladanie glazury na scianie format standard od 30x30 do 120x60|m2	Łazienka	m2	Układanie glazury na ścianie format standard od 30x30 do 120x60
ukladanie glazury na scianie wielki format 120x275|m2	Łazienka	m2	Układanie glazury na ścianie wielki format 120x275 [stary arkusz]
ukladanie glazury wielkoformatowej|m2	Łazienka	m2	Układanie glazury wielkoformatowej [stary arkusz]
ukladanie plytek w glifach, poleczkach itp. do 20 cm|mb	Łazienka	mb	Układanie płytek w glifach, półeczkach itp. do 20 cm
ukladanie plytek w glifach, poleczkach itp. do 20 cm welki format|mb	Łazienka	mb	Układanie płytek w glifach, półeczkach itp. do 20 cm wielki format [stary arkusz]
ukladanie plytek welki format|m2	Łazienka	m2	Układanie płytek wielki format [stary arkusz]
wiercenie otworow w plytkach|szt	Łazienka	szt	Wiercenie otworów w płytkach
wklejanie tasmy hydroizolacyjnej|mb	Łazienka	mb	Wklejanie taśmy hydroizolacyjnej
wklejenie maty kompensacyjnej|m2	Łazienka	m2	Wklejenie maty kompensacyjnej [stary arkusz]
wkucie w sciane dzialowa instalacji wod-kan kazdy punkt/zespol punktow. kompleksowo razem z zaszpachlowaniem|pkt	Łazienka	pkt	Wkucie w ścianę działową instalacji wod-kan każdy punkt/zespół punktów. Kompleksowo razem z zaszpachlowaniem
wkucie w sciane instalacji wod-kan kazdy punkt|pkt	Łazienka	pkt	Wkucie w ścianę instalacji wod-kan każdy punkt [stary arkusz]
wkucie w sciane instalacji wod-kan kazdy punkt/zespol punktow. kompleksowo razem z zaszpachlowaniem|pkt	Łazienka	pkt	Wkucie w ścianę instalacji wod-kan każdy punkt/zespół punktów. Kompleksowo razem z zaszpachlowaniem
wkucie w sciane nosna/zelbet instalacji wod-kan kazdy punkt/zespol punktow. kompleksowo razem z zaszpachlowaniem|kpl	Łazienka	kpl	Wkucie w ścianę nośną/żelbet instalacji wod-kan każdy punkt/zespół punktów. Kompleksowo razem z zaszpachlowaniem
wkucie w sciane nosna/zelbet instalacji wod-kan kazdy punkt/zespol punktow. kompleksowo razem z zaszpachlowaniem|pkt	Łazienka	pkt	Wkucie w ścianę nośną/żelbet instalacji wod-kan każdy punkt/zespół punktów. Kompleksowo razem z zaszpachlowaniem [stary arkusz]
wpiecie sie do pionu kanalizacyjnego w piwnicy|kpl	Łazienka	kpl	Wpięcie się do pionu kanalizacyjnego w piwnicy [stary arkusz]
montaz transformatorow|kpl	Łazienka	kpl	Montaż transformatorów [stary arkusz]
wykonanie izolacji przy uzyciu mineral- nej powloki wodoszczelnej na powierz- chni poziomej od gory przeciw zawilgo- ceniu - pom. lazienki|m2	Łazienka	m2	Wykonanie izolacji przy użyciu mineralnej powłoki wodoszczelnej na powierzchni poziomej od góry przeciw zawilgoceniu - pom. łazienki [stary arkusz]
wykonanie polki z glazury|kpl	Łazienka	kpl	Wykonanie półki z glazury
wykonanie przedscianki celem wydluzenia pionu do wanny|szt	Łazienka	szt	Wykonanie przedścianki celem wydłużenia pionu do wanny [stary arkusz]
wykonanie przedscianki pod prysznicem 2 polki|szt	Łazienka	szt	Wykonanie przedścianki pod prysznicem 2 półki [stary arkusz]
wykonanie przedscianki pod prysznicem cala sciana|szt	Łazienka	szt	Wykonanie przedścianki pod prysznicem cała ściana [stary arkusz]
wykonanie przedscianki pod prysznicem z 1 polka|szt	Łazienka	szt	Wykonanie przedścianki pod prysznicem z 1 półką
wykonanie przedscianki pod prysznicem z 3 polkami|szt	Łazienka	szt	Wykonanie przedścianki pod prysznicem z 3 półkami [stary arkusz]
wykonanie przedscianki prze wanna - stworzenie polki pod baterie wannowa|kpl	Łazienka	kpl	Wykonanie przedścianki przy wannie - stworzenie półki pod baterię wannową [stary arkusz]
wykonanie punktow oswietleniowych|szt	Łazienka	szt	Wykonanie punktów oświetleniowych
wykonanie punktow oswietleniowych/elektrycznych|szt	Łazienka	szt	Wykonanie punktów oświetleniowych/elektrycznych [stary arkusz]
wykonanie scianki pomiedzy wanna i prysznicem|szt	Łazienka	szt	Wykonanie ścianki pomiędzy wanną i prysznicem [stary arkusz]
wykonanie zaoblen przy sufitach i przy plytkach|mb	Łazienka	mb	Wykonanie zaobleń przy sufitach i przy płytkach [stary arkusz]
wylewka w lazience 10cm|m2	Łazienka	m2	Wylewka w łazience 10 cm [stary arkusz]
zabudowa|kpl	Łazienka	kpl	Zabudowa [stary arkusz]
zabudowa pionu z gk|szt	Łazienka	szt	Zabudowa pionu z GK [stary arkusz]
zdzieranie farby|n2	Łazienka	m2	Zdzieranie farby [stary arkusz]
zlozenie i montaz szafki nad geberitem|szt	Łazienka	szt	Złożenie i montaż szafki nad geberitem [stary arkusz]
zlozenie i montaz szafki podumywalkowej|szt	Łazienka	szt	Złożenie i montaż szafki podumywalkowej
zmiana grzejnika z rozkuciem i zmiana rozstawu|kpl	Łazienka	kpl	Zmiana grzejnika z rozkuciem i zmianą rozstawu [stary arkusz]
zmiana kanalizacji - skucie posadzki, wykonanie odpowiedniego spadku i zmiana podlaczenia.|kpl	Łazienka	kpl	Zmiana kanalizacji - skucie posadzki, wykonanie odpowiedniego spadku i zmiana podłączenia [stary arkusz]
zmiana kanalizacji z wanny na odplyw liniowy - skucie posadzki, obnizenie rur w pionie, wykonanie odpowiedniego spadku|kpl	Łazienka	kpl	Zmiana kanalizacji z wanny na odpływ liniowy - skucie posadzki, obniżenie rur w pionie, wykonanie odpowiedniego spadku
dodatek za podciecie wanny|klp	Łazienka	kpl	Dodatek za podcięcie wanny [stary arkusz]
gk na scianie pod led|klp	Łazienka	kpl	GK na ścianie pod LED [stary arkusz]
skucie podlogi i wylanie nizej - prepare floor lower|kpl	Łazienka	kpl	Skucie podłogi i wylanie niżej [stary arkusz]
tynkowanie/wyrownanie scian pod ukladanie glazury - wklejanie gk|m2	Łazienka	m2	Tynkowanie/wyrównanie ścian pod układanie glazury - wklejanie GK [stary arkusz]
ukladanie plytek w glifach, poleczkach itp.|mb	Łazienka	mb	Układanie płytek w glifach, półeczkach itp. [stary arkusz]
wykonanie przedscianki przy wannie z 1 polka|szt	Łazienka	szt	Wykonanie przedścianki przy wannie z 1 półką [stary arkusz]
estimation|kpl	Łazienka	kpl	Wycena [stary arkusz]
polka z plytki|klp	Łazienka	kpl	Półka z płytki [stary arkusz]
sufit podwieszany + led prosty|klp	Łazienka	kpl	Sufit podwieszany + LED prosty [stary arkusz]
wykonanie przedscianki pod prysznicem 2 polka|szt	Łazienka	szt	Wykonanie przedścianki pod prysznicem z 2 półkami [stary arkusz]
montaz grzejnika elektrycznego|szt	Łazienka	szt	Montaż grzejnika elektrycznego [stary arkusz]
montaz kabiny scietej|kpl	Łazienka	kpl	Montaż kabiny ściętej [stary arkusz]
ukladanie glazury na podlodze duzy format 120x120|m2	Łazienka	m2	Układanie glazury na podłodze duży format 120x120 [stary arkusz]
ukladanie glazury na scianie wielki format 120x270|m2	Łazienka	m2	Układanie glazury na ścianie wielki format 120x270 [stary arkusz]
ukladanie plytek w glifach, poleczkach itp. do 20 cm -|mb	Łazienka	mb	Układanie płytek w glifach, półeczkach itp. do 20 cm [stary arkusz]
wykonanie 3 polek z glazury z plytki wielki format|szt	Łazienka	szt	Wykonanie 3 półek z glazury z płytki wielki format [stary arkusz]
wykonanie przedscianki pod prysznicem z wneka na polki + druga przedscianka za szafka z lustrem z miejscem na leda|szt	Łazienka	szt	Wykonanie przedścianki pod prysznicem z wnęką na półki + druga przedścianka za szafką z lustrem z miejscem na LED [stary arkusz]
montaz baterii wannowe wolnostojacej|szt	Łazienka	szt	Montaż baterii wannowej wolnostojącej [stary arkusz]
montaz grzejnika elektrycznego podtynkowego|szt	Łazienka	szt	Montaż grzejnika elektrycznego podtynkowego [stary arkusz]
montaz metaowej polki|szt	Łazienka	szt	Montaż metalowej półki [stary arkusz]
montaz wc podwieszanego + przycisk z plytek|szt	Łazienka	szt	Montaż WC podwieszanego + przycisk z płytek [stary arkusz]
montaz zaworow 1 szt do deski prawdopodobnie|szt	Łazienka	szt	Montaż zaworów 1 szt do deski prawdopodobnie [stary arkusz]
tynkowanie/wyrownanie, montaz plyt gk pod ukladanie glazury - troche wyjdzie w praniu co bedzie do zrobienia po demontazach|m2	Łazienka	m2	Tynkowanie/wyrównanie, montaż płyt GK pod układanie glazury - trochę wyjdzie w praniu co będzie do zrobienia po demontażach [stary arkusz]
ukladanie plytek w glifach, poleczkach itp. paski do 20cm - plytka|mb	Łazienka	mb	Układanie płytek w glifach, półeczkach itp. paski do 20 cm - płytka [stary arkusz]
wklejanie maty kompensacyjnej - w przypadku domu szkieletowego sugeruje po calosci kleic maty natomiast obowiazkowo tam gdzie plyta duzego formatu.|mb	Łazienka	mb	Wklejanie maty kompensacyjnej - w przypadku domu szkieletowego sugeruję kleić maty po całości, natomiast obowiązkowo tam gdzie płyta dużego formatu [stary arkusz]
wklejanie maty kompensacyjnej - w przypadku domu szkieletowego sugeruje po calosci kleic maty natomiast obowiazkowo tam gdzie plyta duzego formatu.|m2	Łazienka	m2	Wklejanie maty kompensacyjnej - w przypadku domu szkieletowego sugeruję kleić maty po całości, natomiast obowiązkowo tam gdzie płyta dużego formatu [stary arkusz]
wklejanie tasmy hydroizolacyjnej|m2	Łazienka	m2	Wklejanie taśmy hydroizolacyjnej [stary arkusz]
wykonanie przedscianek z gk do oswietlenia led|kpl	Łazienka	kpl	Wykonanie przedścianek z GK do oświetlenia LED [stary arkusz]
zbrojenie lazienki siatka el.|m2	Łazienka	m2	Zbrojenie łazienki siatką el. [stary arkusz]
dopasowanie otworow pod montaz drzwi|szt	Montaż stolarki i ślusarki	szt	Dopasowanie otworów pod montaż drzwi [stary arkusz]
dopsaowanie otworu drzwiowego (skucie,tynkowanie,gk itp)|kpl	Montaż stolarki i ślusarki	kpl	Dopasowanie otworu drzwiowego (skucie, tynkowanie, GK itp.) [stary arkusz]
malowanie parapetu|mb	Montaż stolarki i ślusarki	mb	Malowanie parapetu [stary arkusz]
montaz drzwi przesuwnych|kpl	Montaż stolarki i ślusarki	kpl	Montaż drzwi przesuwnych [stary arkusz]
montaz drzwi ukrytych z wykonczeniem i przygotowaniem do malowania/tapety|szt	Montaż stolarki i ślusarki	szt	Montaż drzwi ukrytych z wykończeniem i przygotowaniem do malowania/tapety
montaz drzwi, oscieznic regulowanych, klamek, zamkow|szt	Montaż stolarki i ślusarki	szt	Montaż drzwi, ościeżnic regulowanych, klamek, zamków
montaz drzwi, oscieznic regulowanych, klamek, zamkow - montaz wczesniej zdjetych drzwi|szt	Montaż stolarki i ślusarki	szt	Montaż drzwi, ościeżnic regulowanych, klamek, zamków - montaż wcześniej zdjętych drzwi [stary arkusz]
montaz drzwi, oscieznic stalych, klamek, zamkow|szt	Montaż stolarki i ślusarki	szt	Montaż drzwi, ościeżnic stałych, klamek, zamków
montaz futryn|szt	Montaż stolarki i ślusarki	szt	Montaż futryn [stary arkusz]
montaz kasety drzwi|kpl	Montaż stolarki i ślusarki	kpl	Montaż kasety drzwi [stary arkusz]
montaz kasety pod drzwi przesuwne|szt	Montaż stolarki i ślusarki	szt	Montaż kasety pod drzwi przesuwne [stary arkusz]
montaz klamek okiennych|szt	Montaż stolarki i ślusarki	szt	Montaż klamek okiennych [stary arkusz]
montaz parapetow|mb	Montaż stolarki i ślusarki	mb	Montaż parapetów
montaz parapetow kamiennych|mb	Montaż stolarki i ślusarki	mb	Montaż parapetów kamiennych [stary arkusz]
montaz podwojnych drzwi przesuwnych|kpl	Montaż stolarki i ślusarki	kpl	Montaż podwójnych drzwi przesuwnych [stary arkusz]
montaz progu drzwi wejsciowych|szt	Montaż stolarki i ślusarki	szt	Montaż progu drzwi wejściowych
montaz progu drzwi wejsciowych z podbudowaniem|szt	Montaż stolarki i ślusarki	szt	Montaż progu drzwi wejściowych z podbudowaniem [stary arkusz]
naprawa barierki drewnianej - wycena na miejscu|kpl	Montaż stolarki i ślusarki	kpl	Naprawa barierki drewnianej - wycena na miejscu [stary arkusz]
naprawa drzwi wejsciowych na czas remontu lub do momentu wymiany|kpl	Montaż stolarki i ślusarki	kpl	Naprawa drzwi wejściowych na czas remontu lub do momentu wymiany [stary arkusz]
poszerzanie otworu drzwiowych|szt	Montaż stolarki i ślusarki	szt	Poszerzanie otworu drzwiowego [stary arkusz]
renowacja parapetow|kpl	Montaż stolarki i ślusarki	kpl	Renowacja parapetów [stary arkusz]
silikonowanie parapetow|mb	Montaż stolarki i ślusarki	mb	Silikonowanie parapetów [stary arkusz]
silikonowanie parapetow|kpl	Montaż stolarki i ślusarki	kpl	Silikonowanie parapetów [stary arkusz]
silikonowanie parapetu|mb	Montaż stolarki i ślusarki	mb	Silikonowanie parapetu [stary arkusz]
wstawienie drzwi wejsciowych|kpl	Montaż stolarki i ślusarki	kpl	Wstawienie drzwi wejściowych [stary arkusz]
wykonczenie parapetow z konglomeratu|mb	Montaż stolarki i ślusarki	mb	Wykończenie parapetów z konglomeratu [stary arkusz]
wykonczenie parapetow z konglomeratu, tynk, gladz,|mb	Montaż stolarki i ślusarki	mb	Wykończenie parapetów z konglomeratu, tynk, gładź [stary arkusz]
wymiana uszczelek w oknach - z materialem|mb	Montaż stolarki i ślusarki	mb	Wymiana uszczelek w oknach - z materiałem
zalozenie samozamykaczy|szt	Montaż stolarki i ślusarki	szt	Założenie samozamykaczy [stary arkusz]
zaslepienie otworu w elewacji nad drzwiami|szt	Montaż stolarki i ślusarki	szt	Zaślepienie otworu w elewacji nad drzwiami [stary arkusz]
(z.vii) warstwy wyrownujace i wygladza- jace z zaprawy samopoziomujacej gr. 5-30 mm wykonywane w pomieszczeniach o pow. ponad 8 m2|m2	Podłogi	m2	(z.VII) Warstwy wyrównujące i wygładzające z zaprawy samopoziomującej gr. 5-30 mm wykonywane w pomieszczeniach o pow. ponad 8 m2 [stary arkusz]
3 stopnie z glazury razem z listwami|szt	Podłogi	szt	3 stopnie z glazury razem z listwami [stary arkusz]
akrylowanie listew przypodlogowych|mb	Podłogi	mb	Akrylowanie listew przypodłogowych
cokol docinany z plytek|mb	Podłogi	mb	Cokół docinany z płytek
cokol docinany z plytek wkuwany w sciane|mb	Podłogi	mb	Cokół docinany z płytek wkuwany w ścianę [stary arkusz]
cyklinowanie - cena juz z materialem. ewentualnie dodatkowe koszty moga sie pojawic jezeli trzeba bedzie cos naprawiac itp.|m2	Podłogi	m2	Cyklinowanie - cena już z materiałem. Ewentualnie dodatkowe koszty mogą się pojawić jeżeli trzeba będzie coś naprawiać itp.
cyklinowanie|m2	Podłogi	m2	Cyklinowanie [stary arkusz]
cyklinowanie schodow stopien + podstopien|szt	Podłogi	szt	Cyklinowanie schodów stopień + podstopień [stary arkusz]
dociecie i montaz progu|~	Podłogi	szt	Docięcie i montaż progu
doplata za zbrojenie siatka|m2	Podłogi	m2	Dopłata za zbrojenie siatką [stary arkusz]
frezowanie pod orzewanie podlogowe|m2	Podłogi	m2	Frezowanie pod ogrzewanie podłogowe [stary arkusz]
fugowanie|m2	Podłogi	m2	Fugowanie
gruntowanie podlog|m2	Podłogi	m2	Gruntowanie podłóg
gruntowanie podlog x2 - przed wylewkami i po wylewkach|m2	Podłogi	m2	Gruntowanie podłóg x2 - przed wylewkami i po wylewkach [stary arkusz]
hydroizolacja cementowa podloga garaz|m2	Podłogi	m2	Hydroizolacja cementowa podłoga garaż [stary arkusz]
impregnatowanie trawertynu|m2	Podłogi	m2	Impregnowanie trawertynu [stary arkusz]
klejenie paneli winylowych|m2	Podłogi	m2	Klejenie paneli winylowych
klejenie paneli winylowych jodelka|m2	Podłogi	m2	Klejenie paneli winylowych jodełka [stary arkusz]
klejenie paneli winylowych mijanka|m2	Podłogi	m2	Klejenie paneli winylowych mijanka [stary arkusz]
lista podlogowa miedzy nowa podloga i plytkami w przedpokoju|mb	Podłogi	mb	Listwa podłogowa między nową podłogą i płytkami w przedpokoju [stary arkusz]
malowanie schodow + barierki|kpl	Podłogi	kpl	Malowanie schodów + barierki [stary arkusz]
mikrocement gabinet|m2	Podłogi	m2	Mikrocement gabinet [stary arkusz]
montaz cwiercwalkow z malowaniem|mb	Podłogi	mb	Montaż ćwierćwałków z malowaniem [stary arkusz]
montaz listew aluminiowych w okol kominka|kpl	Podłogi	kpl	Montaż listew aluminiowych wokół kominka [stary arkusz]
montaz listew przypodlogowych pmetalowych|mb	Podłogi	mb	Montaż listew przypodłogowych metalowych [stary arkusz]
montaz listew przypodlogowych poliuretan lub mdf|mb	Podłogi	mb	Montaż listew przypodłogowych poliuretan lub MDF
montaz rozdzielaczy do ogrzewania|szt	Podłogi	szt	Montaż rozdzielaczy do ogrzewania [stary arkusz]
mwklejanie maty kompensacyjnej|m2	Podłogi	m2	Wklejanie maty kompensacyjnej [stary arkusz]
obicie fundamentow deska tarasowa + impregnant|m2	Podłogi	m2	Obicie fundamentów deską tarasową + impregnat [stary arkusz]
obnizenie mocowan okiennych, szpachlowanie,|kpl	Podłogi	kpl	Obniżenie mocowań okiennych, szpachlowanie [stary arkusz]
ogrzewanie podlogowe elektryczne, montaz mat.|m2	Podłogi	m2	Ogrzewanie podłogowe elektryczne, montaż maty [stary arkusz]
ogrzewanie podlogowe elektryczne, ulozenie maty + wylewka samopoziom|m2	Podłogi	m2	Ogrzewanie podłogowe elektryczne, ułożenie maty + wylewka samopoziomująca [stary arkusz]
ogrzewanie podlogowe elektryczne, ulozenie maty + wylewka samopoziomujaca|m2	Podłogi	m2	Ogrzewanie podłogowe elektryczne, ułożenie maty + wylewka samopoziomująca
ogrzewanie podlogowe wodne instalacja rur|m2	Podłogi	m2	Ogrzewanie podłogowe wodne instalacja rur [stary arkusz]
polozenie gresu na podlodze|m2	Podłogi	m2	Położenie gresu na podłodze [stary arkusz]
polozenie gresu na podlodze + kuchnia 120x120|m2	Podłogi	m2	Położenie gresu na podłodze + kuchnia 120x120 [stary arkusz]
polozenie gresu na podlodze + kuchnia i przedpokoj|m2	Podłogi	m2	Położenie gresu na podłodze + kuchnia i przedpokój
polozenie gresu na podlodze + kuchnia i przedpokoj ( karo)|m2	Podłogi	m2	Położenie gresu na podłodze + kuchnia i przedpokój (karo) [stary arkusz]
polozenie gresu na podlodze + kuchnia i przedpokoj 120x120|m2	Podłogi	m2	Położenie gresu na podłodze + kuchnia i przedpokój 120x120 [stary arkusz]
polozenie gresu na podlodze + kuchnia i przedpokoj duzy format|m2	Podłogi	m2	Położenie gresu na podłodze + kuchnia i przedpokój duży format [stary arkusz]
polozenie gresu na podlodze + przedpokoj|180	Podłogi	m2	Położenie gresu na podłodze + przedpokój [stary arkusz]
polozenie gresu na podlodze 120x20 mijanka|m2	Podłogi	m2	Położenie gresu na podłodze 120x20 mijanka [stary arkusz]
polozenie gresu na podlodze garaz gabinet pralnia|m2	Podłogi	m2	Położenie gresu na podłodze garaż, gabinet, pralnia [stary arkusz]
polozenie gresu na podlodze kuchnia|m2	Podłogi	m2	Położenie gresu na podłodze kuchnia [stary arkusz]
polozenie gresu na podlodze przedpokoj|m2	Podłogi	m2	Położenie gresu na podłodze przedpokój [stary arkusz]
polozenie gresu na podlodze w wiatrolapie wg. projektu|m2	Podłogi	m2	Położenie gresu na podłodze w wiatrołapie wg projektu [stary arkusz]
polozenie gresu napodlodze przedpokoj 120x60|m2	Podłogi	m2	Położenie gresu na podłodze przedpokój 120x60 [stary arkusz]
polozenie gresu standard na podlodze + kuchnia i przedpokoj|m2	Podłogi	m2	Położenie gresu standard na podłodze + kuchnia i przedpokój [stary arkusz]
polozenie plytek na podlodze pokoj pani joanny,korytaz,pokoj dzienny 20x20|m2	Podłogi	m2	Położenie płytek na podłodze pokój, korytarz, pokój dzienny 20x20 [stary arkusz]
polozenie plytek na podlodze spizarnia,garag,kotlownia,|m2	Podłogi	m2	Położenie płytek na podłodze spiżarnia, garaż, kotłownia [stary arkusz]
polozenie plytek na podlodze wiatrolap 20x20 +20x6|m2	Podłogi	m2	Położenie płytek na podłodze wiatrołap 20x20 + 20x6 [stary arkusz]
polozenie trawertynu na podlodze parter|m2	Podłogi	m2	Położenie trawertynu na podłodze parter [stary arkusz]
posadzki z mikrocementu bez mikrocementu. tutaj musimy wybrac odpowiedni, ktory bedzie sie nadawal na duze natezenie ruchu. pracowalem na kilku roznych mikrocementach, wiec temat do dyskusji.|m2	Podłogi	m2	Posadzki z mikrocementu bez mikrocementu. Trzeba wybrać odpowiedni, który będzie się nadawał na duże natężenie ruchu - temat do dyskusji [stary arkusz]
probki kolorow - w sumie 2 dni ekstra dla ekipy. policzyli mi 1000 zl za to.|kp	Podłogi	kpl	Próbki kolorów - w sumie 2 dni ekstra dla ekipy [stary arkusz]
przemalowanie stopni i podstopni ?? trzeba ustalic dokladnie zakres pracy, bo ponoc nie wymagaja cyklinowania.|~	Podłogi	szt	Przemalowanie stopni i podstopni - trzeba ustalić dokładnie zakres pracy, bo ponoć nie wymagają cyklinowania [stary arkusz]
rowne ciecia podlog do laczen bez listew|kpl	Podłogi	kpl	Równe cięcia podłóg do łączeń bez listew [stary arkusz]
silikonowanie cwiercwalkow + silikonowanie laczen podlog|mb	Podłogi	mb	Silikonowanie ćwierćwałków + silikonowanie łączeń podłóg [stary arkusz]
silikonowanie naroznikow|mb	Podłogi	mb	Silikonowanie narożników [stary arkusz]
szlifowanie + malowanie 2x podlogi na antresoli|m2	Podłogi	m2	Szlifowanie + malowanie 2x podłogi na antresoli [stary arkusz]
szlifowanie plytek przy odplywie|mb	Podłogi	mb	Szlifowanie płytek przy odpływie [stary arkusz]
szpachlowanie rur klejem przed wylewka|m2	Podłogi	m2	Szpachlowanie rur klejem przed wylewką [stary arkusz]
szycie delatacji|mb	Podłogi	mb	Szycie dylatacji [stary arkusz]
szycie dylatacji|mb	Podłogi	mb	Szycie dylatacji [stary arkusz]
szycie dylatacji dyblami|mb	Podłogi	mb	Szycie dylatacji dyblami [stary arkusz]
szycie popekanej posadzki|mb	Podłogi	mb	Szycie popękanej posadzki [stary arkusz]
ukladanie paneli laminowanych jodelka|m2	Podłogi	m2	Układanie paneli laminowanych jodełką [stary arkusz]
ukladanie paneli laminowanych niski stopien skomplikowania prac|m2	Podłogi	m2	Układanie paneli laminowanych niski stopień skomplikowania prac
ukladanie paneli winylowych jodelka na klej - zostaje ta sama cena, klej wliczony|m2	Podłogi	m2	Układanie paneli winylowych jodełka na klej - zostaje ta sama cena, klej wliczony [stary arkusz]
ukladanie paneli winylowych klejonych jodelka|m2	Podłogi	m2	Układanie paneli winylowych klejonych jodełka [stary arkusz]
ukladanie paneli winylowych niski stopien skomplikowania prac|m2	Podłogi	m2	Układanie paneli winylowych niski stopień skomplikowania prac
ukladanie paneli winylowych wysoki stopien skomplikowania prac - jodelka, dylatacji.|m2	Podłogi	m2	Układanie paneli winylowych wysoki stopień skomplikowania prac - jodełka, dylatacje [stary arkusz]
ukladanie paneli winylowych wysoki stopien skomplikowania prac, jodelka|m2	Podłogi	m2	Układanie paneli winylowych wysoki stopień skomplikowania prac, jodełka [stary arkusz]
ukladanie parkietu|m2	Podłogi	m2	Układanie parkietu
ukladanie parkietu + szlifowanie parkietu i lakierowanie + przygotowanie podloza, wyrownanie i szlifowanie|m2	Podłogi	m2	Układanie parkietu + szlifowanie parkietu i lakierowanie + przygotowanie podłoża, wyrównanie i szlifowanie [stary arkusz]
ukladanie parkietu jodelka - wysoki stopien skomplikowania prac.|m2	Podłogi	m2	Układanie parkietu jodełka - wysoki stopień skomplikowania prac [stary arkusz]
ukladanie parkietu mijanka|m2	Podłogi	m2	Układanie parkietu mijanka [stary arkusz]
ukladanie parkietu z gruntowaniem|m2	Podłogi	m2	Układanie parkietu z gruntowaniem [stary arkusz]
uzupelnianie posadzki - 60cm pasek wylewka + styropian + dylatacja|kpl	Podłogi	kpl	Uzupełnianie posadzki - 60 cm pasek wylewka + styropian + dylatacja [stary arkusz]
uzupelnianie posadzki po wyburzeniach|mb	Podłogi	mb	Uzupełnianie posadzki po wyburzeniach
uzupelnienie wylewki korytarz|kpl	Podłogi	kpl	Uzupełnienie wylewki korytarz [stary arkusz]
warstwy wyrownawcze i wygladzajace - grunt dyspersyjny z piaskiem kwarcowym|m2	Podłogi	m2	Warstwy wyrównawcze i wygładzające - grunt dyspersyjny z piaskiem kwarcowym [stary arkusz]
warstwy wyrownawcze pod posadzki z zaprawy cementowej grubosci 20 mm zatarte na gladko|kpl	Podłogi	kpl	Warstwy wyrównawcze pod posadzki z zaprawy cementowej grubości 20 mm zatarte na gładko [stary arkusz]
wykonanie wylewki pod drzwiami wejsciowymi|kpl	Podłogi	kpl	Wykonanie wylewki pod drzwiami wejściowymi [stary arkusz]
wylewka betonowa ok 3-5cm|kpl	Podłogi	kpl	Wylewka betonowa ok. 3-5 cm
wylewka betonowa ok 3-5cm|m2	Podłogi	m2	Wylewka betonowa ok. 3-5 cm [stary arkusz]
wylewka mixokret na calosci 123,69|kpl	Podłogi	kpl	Wylewka mixokret na całości 123,69 [stary arkusz]
wylewka samopoziomujaca lazienka do 5mm|m2	Podłogi	m2	Wylewka samopoziomująca łazienka do 5 mm [stary arkusz]
wylewka samopoziomujaca w calym mieszkaniu do 12-19mm|m2	Podłogi	m2	Wylewka samopoziomująca w całym mieszkaniu do 12-19 mm [stary arkusz]
wylewka samopoziomujaca w calym mieszkaniu do 3mm - tylko wyrownanie pod panele bez wylewania zeby zrownac sie z glazura, z wariantem, ze podloga w lazience bedzie obnizona.|m2	Podłogi	m2	Wylewka samopoziomująca w całym mieszkaniu do 3 mm - tylko wyrównanie pod panele bez wylewania, żeby zrównać się z glazurą, z wariantem, że podłoga w łazience będzie obniżona [stary arkusz]
wylewka samopoziomujaca w calym mieszkaniu do 5mm|m2	Podłogi	m2	Wylewka samopoziomująca w całym mieszkaniu do 5 mm
wylewka samopoziomujaca w calym mieszkaniu do 8mm|m2	Podłogi	m2	Wylewka samopoziomująca w całym mieszkaniu do 8 mm [stary arkusz]
zalanie bruzd w wylewce|mb	Podłogi	mb	Zalanie bruzd w wylewce [stary arkusz]
- wykonanie gniazdka na korytarzu na dole|~	Prace dodatkowe	szt	Wykonanie gniazdka na korytarzu na dole [stary arkusz]
- wykonanie wneki (poleczki) w karton-gips nad wanna|~	Prace dodatkowe	szt	Wykonanie wnęki (półeczki) w karton-gipsie nad wanną [stary arkusz]
bialy montaz baterii podtynkowej do wanny/prysznica razem ze sluchawka i deszczownica pralnia|kpl	Prace dodatkowe	kpl	Biały montaż baterii podtynkowej do wanny/prysznica razem ze słuchawką i deszczownicą pralnia [stary arkusz]
czyste ciecie plytki|mb	Prace dodatkowe	mb	Czyste cięcie płytki [stary arkusz]
czyszczenie drzwi, okna itp z mikrocementu|kpl	Prace dodatkowe	kpl	Czyszczenie drzwi, okien itp. z mikrocementu [stary arkusz]
czyszczenie spoin i akrylwanie w lazience|mb	Prace dodatkowe	mb	Czyszczenie spoin i akrylowanie w łazience [stary arkusz]
demontaz cokolu + dociecie|szt	Prace dodatkowe	szt	Demontaż cokołu + docięcie [stary arkusz]
demontaz daszka balkon|szt	Prace dodatkowe	szt	Demontaż daszka balkon [stary arkusz]
demontaz kasety, odkrecenie gk, przerobka sciany, montaz plyty|kpl	Prace dodatkowe	kpl	Demontaż kasety, odkręcenie GK, przeróbka ściany, montaż płyty [stary arkusz]
demontaz kominka|kpl	Prace dodatkowe	kpl	Demontaż kominka [stary arkusz]
demontaz kuchni bez zniszczenia|kpl	Prace dodatkowe	kpl	Demontaż kuchni bez zniszczenia [stary arkusz]
demontaz pcv z podlogi|m2	Prace dodatkowe	m2	Demontaż PCV z podłogi [stary arkusz]
demontaz plastikowej zabudowy na balkonie|kpl	Prace dodatkowe	kpl	Demontaż plastikowej zabudowy na balkonie [stary arkusz]
demontaz rur metalowych|kpl	Prace dodatkowe	kpl	Demontaż rur metalowych [stary arkusz]
dodatek wykonanie odplywu liniowego, styorpian, farmacell|kpl	Prace dodatkowe	kpl	Dodatek wykonanie odpływu liniowego, styropian, fermacell [stary arkusz]
dodatek za ciecie plytek na dworzu|kpl	Prace dodatkowe	kpl	Dodatek za cięcie płytek na dworze [stary arkusz]
dodatek za plyty akustyczne|m2	Prace dodatkowe	m2	Dodatek za płyty akustyczne [stary arkusz]
dodatek za prace na wysokosciach|kpl	Prace dodatkowe	kpl	Dodatek za prace na wysokościach [stary arkusz]
dodatek za przyklejenie tasmy wygluszajacej + obcinanie stropianu przy podlodze|m2	Prace dodatkowe	m2	Dodatek za przyklejenie taśmy wygłuszającej + obcinanie styropianu przy podłodze [stary arkusz]
dodatek za tynkowanie do 5cm|m2	Prace dodatkowe	m2	Dodatek za tynkowanie do 5 cm [stary arkusz]
dodatek za wniesenie duzej ilosci materialow|kpl	Prace dodatkowe	kpl	Dodatek za wniesienie dużej ilości materiałów [stary arkusz]
dodatkowe fronty meblowe|kpl	Prace dodatkowe	kpl	Dodatkowe fronty meblowe [stary arkusz]
dojazdy do sklepu + zakupy + zwroty|kpl	Prace dodatkowe	kpl	Dojazdy do sklepu + zakupy + zwroty [stary arkusz]
doklejenie plytki na odplyw liniowy|kpl	Prace dodatkowe	kpl	Doklejenie płytki na odpływ liniowy [stary arkusz]
dopasowanie otworow drzwi|szt	Prace dodatkowe	szt	Dopasowanie otworów drzwi [stary arkusz]
dopasowanie paneli do oscieznic|kpl	Prace dodatkowe	kpl	Dopasowanie paneli do ościeżnic [stary arkusz]
doprowadzenie kabla do rolet zewnetrznych + przebicie|kpl	Prace dodatkowe	kpl	Doprowadzenie kabla do rolet zewnętrznych + przebicie [stary arkusz]
doprowadzenie kabli do garazu + otwory|kpl	Prace dodatkowe	kpl	Doprowadzenie kabli do garażu + otwory [stary arkusz]
dostawa farby przez adama - czas/paliwo- cena taka sama jak hurtownia bierze, za dostawe|szt	Prace dodatkowe	szt	Dostawa farby - czas/paliwo - cena taka sama jak bierze hurtownia, za dostawę [stary arkusz]
dostosowanie otworow drzwiowych do zamowionych drzwi cena do ustalenia|kpl	Prace dodatkowe	kpl	Dostosowanie otworów drzwiowych do zamówionych drzwi, cena do ustalenia [stary arkusz]
folia paroizolacijna sciany i sufity + silikon dookola na scianach|m2	Prace dodatkowe	m2	Folia paroizolacyjna ściany i sufity + silikon dookoła na ścianach [stary arkusz]
frezowanie belki i zwmocnienie pod montaz schodow|szt	Prace dodatkowe	szt	Frezowanie belki i wzmocnienie pod montaż schodów [stary arkusz]
gladz po plytach miedzy belki stropowe + grunt|mb	Prace dodatkowe	mb	Gładź po płytach między belkami stropowymi + grunt [stary arkusz]
gladzie klatka schodowa dodatek do m2 jezeli dostep utrudniony|m2	Prace dodatkowe	m2	Gładzie klatka schodowa dodatek do m2 jeżeli dostęp utrudniony [stary arkusz]
hydroizolacja cementowa balkon|m2	Prace dodatkowe	m2	Hydroizolacja cementowa balkon [stary arkusz]
hydroizolacja na balkonie|m2	Prace dodatkowe	m2	Hydroizolacja na balkonie [stary arkusz]
hydroizolacja w kotlowni|m2	Prace dodatkowe	m2	Hydroizolacja w kotłowni [stary arkusz]
izolacja fundamentow dysperbitem|kpl	Prace dodatkowe	kpl	Izolacja fundamentów dysperbitem [stary arkusz]
klejenie maty kompensacyjnej|mb	Prace dodatkowe	mb	Klejenie maty kompensacyjnej [stary arkusz]
kuchnia z montazem - bez sprzetu agd|kpl	Prace dodatkowe	kpl	Kuchnia z montażem - bez sprzętu AGD [stary arkusz]
listwa pod okno cwiercwalek|mb	Prace dodatkowe	mb	Listwa pod okno ćwierćwałek [stary arkusz]
malowanie balkonu z drobnymi poprawkami|m2	Prace dodatkowe	m2	Malowanie balkonu z drobnymi poprawkami [stary arkusz]
malowanie barierek|mb	Prace dodatkowe	mb	Malowanie barierek [stary arkusz]
malowanie drzwi|szt	Prace dodatkowe	szt	Malowanie drzwi [stary arkusz]
malowanie futryn drzwi wejsciowych * duzo obklejania i rzezbienia*|kpl	Prace dodatkowe	kpl	Malowanie futryn drzwi wejściowych (dużo obklejania i rzeźbienia) [stary arkusz]
malowanie listew przypodlogowych|mb	Prace dodatkowe	mb	Malowanie listew przypodłogowych [stary arkusz]
malowanie oscieznicy na bialo|kpl	Prace dodatkowe	kpl	Malowanie ościeżnicy na biało [stary arkusz]
malowanie rur i grzejnikow|kpl	Prace dodatkowe	kpl	Malowanie rur i grzejników [stary arkusz]
mechaniczne przebijanie otworow w scianach lub stropach z cegly o dlugosci przebicia do 1 ceg. - sr. rury do 40 mm|szt	Prace dodatkowe	szt	Mechaniczne przebijanie otworów w ścianach lub stropach z cegły o długości przebicia do 1 ceg. - śr. rury do 40 mm [stary arkusz]
mechaniczne przebijanie otworow w scianach lub stropach zelbetowych o dlugosci przebicia do 100cm - sr. rury do 60 mm|kpl	Prace dodatkowe	kpl	Mechaniczne przebijanie otworów w ścianach lub stropach żelbetowych o długości przebicia do 100 cm - śr. rury do 60 mm [stary arkusz]
montaz|~	Prace dodatkowe	szt	Montaż [stary arkusz]
montaz akcesorii, ktore musialy zostac zdemontowane przed malowaniem: polki, wieszaki, ramie na tv itp...|kpl	Prace dodatkowe	kpl	Montaż akcesoriów, które musiały zostać zdemontowane przed malowaniem: półki, wieszaki, ramię na TV itp. [stary arkusz]
montaz baterii prysznicowo/wannowej natynkowej pralnia|kpl	Prace dodatkowe	kpl	Montaż baterii prysznicowo-wannowej natynkowej pralnia [stary arkusz]
montaz belek w rogach do mocowania|mb	Prace dodatkowe	mb	Montaż belek w rogach do mocowania [stary arkusz]
montaz bezpiecznikow|szt	Prace dodatkowe	szt	Montaż bezpieczników [stary arkusz]
montaz boilera|kpl	Prace dodatkowe	kpl	Montaż boilera [stary arkusz]
montaz cwiercwalka|szt	Prace dodatkowe	szt	Montaż ćwierćwałka [stary arkusz]
montaz demontaz kratek wentylacyjnych|szt	Prace dodatkowe	szt	Montaż i demontaż kratek wentylacyjnych [stary arkusz]
montaz filtra wody|szt	Prace dodatkowe	szt	Montaż filtra wody [stary arkusz]
montaz gk na glifach|mb	Prace dodatkowe	mb	Montaż GK na glifach [stary arkusz]
montaz gotowej barierki na antresoli|kpl	Prace dodatkowe	kpl	Montaż gotowej barierki na antresoli [stary arkusz]
montaz gotowych schodow na antresole|kpl	Prace dodatkowe	kpl	Montaż gotowych schodów na antresolę [stary arkusz]
montaz grzalki do grzejnika|szt	Prace dodatkowe	szt	Montaż grzałki do grzejnika [stary arkusz]
montaz grzejnikow ponowny|szt	Prace dodatkowe	szt	Montaż grzejników ponowny [stary arkusz]
montaz i demontaz zestawy podtynkoego ( blad inwestora)|kpl	Prace dodatkowe	kpl	Montaż i demontaż zestawu podtynkowego (błąd inwestora) [stary arkusz]
montaz i podlaczenie okapu|szt	Prace dodatkowe	szt	Montaż i podłączenie okapu [stary arkusz]
montaz i skrecanie mebli|kpl	Prace dodatkowe	kpl	Montaż i skręcanie mebli [stary arkusz]
montaz kratek wentylacyjnych|szt	Prace dodatkowe	szt	Montaż kratek wentylacyjnych [stary arkusz]
montaz kratki sciekowej wraz z wypoziomowaniem (koperta)|kpl	Prace dodatkowe	kpl	Montaż kratki ściekowej wraz z wypoziomowaniem (koperta) [stary arkusz]
montaz kratki wentylacyjnej|szt	Prace dodatkowe	szt	Montaż kratki wentylacyjnej [stary arkusz]
montaz lamp w lazience (wycinanie gk, robienie otworu w glazurze)|szt	Prace dodatkowe	szt	Montaż lamp w łazience (wycinanie GK, robienie otworu w glazurze) [stary arkusz]
montaz listew pod obrazy 2m|szt	Prace dodatkowe	szt	Montaż listew pod obrazy 2 m [stary arkusz]
montaz listwy ozdobnej na kominku|mb	Prace dodatkowe	mb	Montaż listwy ozdobnej na kominku [stary arkusz]
montaz listwy w progu do lazienki|szt	Prace dodatkowe	szt	Montaż listwy w progu do łazienki [stary arkusz]
montaz lustra - zwykle wiszace|kpl	Prace dodatkowe	kpl	Montaż lustra - zwykłe wiszące [stary arkusz]
montaz naroznikow dekoracyjnych|mb	Prace dodatkowe	mb	Montaż narożników dekoracyjnych [stary arkusz]
montaz oscieza drzwi wejsciowych z plyt gipsowo-kartonowych|mb	Prace dodatkowe	mb	Montaż ościeża drzwi wejściowych z płyt gipsowo-kartonowych [stary arkusz]
montaz plyt akustycznych dodatek|m2	Prace dodatkowe	m2	Montaż płyt akustycznych dodatek [stary arkusz]
montaz plyt osb strych|m2	Prace dodatkowe	m2	Montaż płyt OSB strych [stary arkusz]
montaz plyty farmacell na belke stropowa|mb	Prace dodatkowe	mb	Montaż płyty fermacell na belkę stropową [stary arkusz]
montaz polki pod prysznicem|szt	Prace dodatkowe	szt	Montaż półki pod prysznicem [stary arkusz]
montaz profili i plyt farmacell miedzy belek stropowych.+ welna|mb	Prace dodatkowe	mb	Montaż profili i płyt fermacell między belkami stropowymi + wełna [stary arkusz]
montaz prysznica na zewnatrz na patencie - jeszcze nie wiem jak, ale cos wymyslimy.|kpl	Prace dodatkowe	kpl	Montaż prysznica na zewnątrz na patencie - jeszcze nie wiadomo jak, ale coś wymyślimy [stary arkusz]
montaz przedlozek|szt	Prace dodatkowe	szt	Montaż przedłużek [stary arkusz]
montaz przedlozek elektr.|szt	Prace dodatkowe	szt	Montaż przedłużek elektr. [stary arkusz]
montaz schodow strychowych|szt	Prace dodatkowe	szt	Montaż schodów strychowych [stary arkusz]
montaz sprzetu agd w kuchni|kpl	Prace dodatkowe	kpl	Montaż sprzętu AGD w kuchni [stary arkusz]
montaz syfonu + dojazd dodatkowy|kpl	Prace dodatkowe	kpl	Montaż syfonu + dojazd dodatkowy [stary arkusz]
montaz szafek na scianie|szt	Prace dodatkowe	szt	Montaż szafek na ścianie [stary arkusz]
montaz urzadzen lacznosci wewnetrznej - instalacji przyzywowej (domofonu) - tablica przyzywowa|kpl	Prace dodatkowe	kpl	Montaż urządzeń łączności wewnętrznej - instalacji przyzywowej (domofonu) - tablica przyzywowa [stary arkusz]
montaz wentylacji|mb	Prace dodatkowe	mb	Montaż wentylacji [stary arkusz]
montaz wieszakow w przedpokoju|szt	Prace dodatkowe	szt	Montaż wieszaków w przedpokoju [stary arkusz]
motnaz lamp|szt	Prace dodatkowe	szt	Montaż lamp [stary arkusz]
murowanie kominku|kpl	Prace dodatkowe	kpl	Murowanie kominka [stary arkusz]
mycie okien i futryn|kpl	Prace dodatkowe	kpl	Mycie okien i futryn [stary arkusz]
mycie ram okkienych i drzwiowych|mb	Prace dodatkowe	mb	Mycie ram okiennych i drzwiowych [stary arkusz]
na calej scianie gdzie jest wykusz wymiana popekanych szyb okiennych (bodajze 10, o roznych wymiarach) - wycena indywidualna do potwierdzenia po pomiarach, ale przyjmuje srednio 400 zl/okno|szt	Prace dodatkowe	szt	Na całej ścianie gdzie jest wykusz wymiana popękanych szyb okiennych (bodajże 10, o różnych wymiarach) - wycena indywidualna do potwierdzenia po pomiarach, przyjmuję średnio 400 zł/okno [stary arkusz]
naprawa awarii wody w lazience|kpl	Prace dodatkowe	kpl	Naprawa awarii wody w łazience [stary arkusz]
naprawa scian po poszukiwaniu inst. elektr.|kpl	Prace dodatkowe	kpl	Naprawa ścian po poszukiwaniu inst. elektr. [stary arkusz]
naprawa sufitu lazienka przedpokoj(tasma ,gladz)|kpl	Prace dodatkowe	kpl	Naprawa sufitu łazienka, przedpokój (taśma, gładź) [stary arkusz]
naprawa wentylacji sauna - trzeba zaczac od wizyty kominiarza, koszt ok 300 zl/jeden przewod kominowy. mamy sprawdzonego, wiec mozemy ogarnac.|kpl	Prace dodatkowe	kpl	Naprawa wentylacji sauna - trzeba zacząć od wizyty kominiarza, koszt ok. 300 zł/jeden przewód kominowy [stary arkusz]
naprawienie sciany po zalaniu|szt	Prace dodatkowe	szt	Naprawienie ściany po zalaniu [stary arkusz]
oblozenie schodow deska tarasowa|kpl	Prace dodatkowe	kpl	Obłożenie schodów deską tarasową [stary arkusz]
obnizenie kanalizacji dla odplywu liniowego|kpl	Prace dodatkowe	kpl	Obniżenie kanalizacji dla odpływu liniowego [stary arkusz]
obnizenie otworow drzwi|szt	Prace dodatkowe	szt	Obniżenie otworów drzwi [stary arkusz]
obrobienie drzwi w kotlowni + parapety+ glif|kpl	Prace dodatkowe	kpl	Obrobienie drzwi w kotłowni + parapety + glif [stary arkusz]
obrobienie okna plytami pir|kpl	Prace dodatkowe	kpl	Obrobienie okna płytami PIR [stary arkusz]
obrobka drzwi ukrytych|szt	Prace dodatkowe	szt	Obróbka drzwi ukrytych [stary arkusz]
odbior mieszkania|kpl	Prace dodatkowe	kpl	Odbiór mieszkania [stary arkusz]
odbior mieszkania od dewelopera|kpl	Prace dodatkowe	kpl	Odbiór mieszkania od dewelopera [stary arkusz]
odbior techniczny|kpl	Prace dodatkowe	kpl	Odbiór techniczny [stary arkusz]
odciecie i rozkucic scian pod montaz pralki|kpl	Prace dodatkowe	kpl	Odcięcie i rozkucie ścian pod montaż pralki [stary arkusz]
okladziny scienne z lameli drewnianych 2x2cm, kolor dab winchester - sama robocizna. moge uwzglednic material jak bede rowniez wiedzial czy drewno naturalne, czy laminat czy fornir|m2	Prace dodatkowe	m2	Okładziny ścienne z lameli drewnianych 2x2 cm, kolor dąb winchester - sama robocizna. Materiał do uwzględnienia, gdy wiadomo czy drewno naturalne, laminat czy fornir [stary arkusz]
okladziny scienne z plyt laminowanych gr 18cm, kolor dab winchester - wycena u stolarza jak tylko zostanie wybrany material. czy fornir czy laminat|m2	Prace dodatkowe	m2	Okładziny ścienne z płyt laminowanych gr. 18 cm, kolor dąb winchester - wycena u stolarza, gdy zostanie wybrany materiał: fornir czy laminat [stary arkusz]
otwory w plytkach w kotlowni|szt	Prace dodatkowe	szt	Otwory w płytkach w kotłowni [stary arkusz]
otwory w scianach murowanych -uloze- nie nadprozy stalowych|mb	Prace dodatkowe	mb	Otwory w ścianach murowanych - ułożenie nadproży stalowych [stary arkusz]
p0szerzenie otworu drzwi w wc|kpl	Prace dodatkowe	kpl	Poszerzenie otworu drzwi w WC [stary arkusz]
paliwo mysle, ze dwa wyjazdy minimum|kpl	Prace dodatkowe	kpl	Paliwo - dwa wyjazdy minimum [stary arkusz]
plytki w kotlowni|m2	Prace dodatkowe	m2	Płytki w kotłowni [stary arkusz]
podkucie plytek przy kominku do montazu katownikow|kpl	Prace dodatkowe	kpl	Podkucie płytek przy kominku do montażu kątowników [stary arkusz]
podlaczenie pralki i suszarki|kpl	Prace dodatkowe	kpl	Podłączenie pralki i suszarki [stary arkusz]
podloga w garazu - epoksyd - wycena indywidualna w zaleznosci od wyboru materialu o ceny powierzchni|m2	Prace dodatkowe	m2	Podłoga w garażu - epoksyd - wycena indywidualna w zależności od wyboru materiału i powierzchni [stary arkusz]
ponowne malowanie scian - zmiana koloru|m2	Prace dodatkowe	m2	Ponowne malowanie ścian - zmiana koloru [stary arkusz]
poprawienie elektryki w gabinecie - weryfikacja na miejscu a kwota szacunkowa|kpl	Prace dodatkowe	kpl	Poprawienie elektryki w gabinecie - weryfikacja na miejscu, kwota szacunkowa [stary arkusz]
poprawinie zle wystajacej rury z woda wychodzacej na ogrod|kpl	Prace dodatkowe	kpl	Poprawienie źle wystającej rury z wodą wychodzącej na ogród [stary arkusz]
poprawki po panach od mebli cale mieszkanie|kpl	Prace dodatkowe	kpl	Poprawki po panach od mebli, całe mieszkanie [stary arkusz]
poprawki szpachlarskie na reszcie scian (wieksze ubytki)|kpl	Prace dodatkowe	kpl	Poprawki szpachlarskie na reszcie ścian (większe ubytki) [stary arkusz]
poszyrzenie otworow drzwi|szt	Prace dodatkowe	szt	Poszerzenie otworów drzwi [stary arkusz]
prace projektowe|kpl	Prace dodatkowe	kpl	Prace projektowe [stary arkusz]
projekt funkcjonalny ze scianami i elektryka|kpl	Prace dodatkowe	kpl	Projekt funkcjonalny ze ścianami i elektryką [stary arkusz]
projekt lazienki|kpl	Prace dodatkowe	kpl	Projekt łazienki [stary arkusz]
prszenoszenie mebli|kpl	Prace dodatkowe	kpl	Przenoszenie mebli [stary arkusz]
przebicie otworow o powierzchni 0.05 m2 - 0.10 m2 w elementach z betonu zwirowego o grubosci do 20 cm - uszczelenienie masa ogniochronna|szt	Prace dodatkowe	szt	Przebicie otworów o powierzchni 0,05 m2 - 0,10 m2 w elementach z betonu żwirowego o grubości do 20 cm - uszczelnienie masą ogniochronną [stary arkusz]
przebicie przez sciane|szt	Prace dodatkowe	szt	Przebicie przez ścianę [stary arkusz]
przebijanie otworow w scianach z cegly o srednicy do 100mm na glebokosc do 50cm|szt	Prace dodatkowe	szt	Przebijanie otworów w ścianach z cegły o średnicy do 100 mm na głębokość do 50 cm [stary arkusz]
przebijanie otworow w stropach o srednicy do 100mm na glebokosc do 50cm|szt	Prace dodatkowe	szt	Przebijanie otworów w stropach o średnicy do 100 mm na głębokość do 50 cm [stary arkusz]
przedscianka z gk plyta pojedyncza + folia paroizolacijna|m2	Prace dodatkowe	m2	Przedścianka z GK płyta pojedyncza + folia paroizolacyjna [stary arkusz]
przeniesienie gniazdka do okapu + ponowne podlaczenie oswietlenia kuchni|kpl	Prace dodatkowe	kpl	Przeniesienie gniazdka do okapu + ponowne podłączenie oświetlenia kuchni [stary arkusz]
przeniesienie punktu oswietleniowego - skucie, przedluzenie, szpachlowanie|kpl	Prace dodatkowe	kpl	Przeniesienie punktu oświetleniowego - skucie, przedłużenie, szpachlowanie [stary arkusz]
przeniesienie wentylacji|kpl	Prace dodatkowe	kpl	Przeniesienie wentylacji [stary arkusz]
przenisienie otworow wentylacji|kpl	Prace dodatkowe	kpl	Przeniesienie otworów wentylacji [stary arkusz]
przenoszenie mebli|kpl	Prace dodatkowe	kpl	Przenoszenie mebli [stary arkusz]
przerobienie baterii|kpl	Prace dodatkowe	kpl	Przerobienie baterii [stary arkusz]
przerobienie kanalizacji w kuchni+ otwor w szafce|kpl	Prace dodatkowe	kpl	Przerobienie kanalizacji w kuchni + otwór w szafce [stary arkusz]
przerobienie wentylaacji - zrobienie dziury i zalatanie|kpl	Prace dodatkowe	kpl	Przerobienie wentylacji - zrobienie dziury i załatanie [stary arkusz]
przerobka baterii podtynkowej bidet|~	Prace dodatkowe	kpl	Przeróbka baterii podtynkowej bidet [stary arkusz]
przygotowanie peszla pod kabel internetowy|kpl	Prace dodatkowe	kpl	Przygotowanie peszla pod kabel internetowy [stary arkusz]
przyklejenie membrany pod plytki|m2	Prace dodatkowe	m2	Przyklejenie membrany pod płytki [stary arkusz]
regulacja mis ustepowych - demontaz i ponowny montaz wraz z sylikonami|szt	Prace dodatkowe	szt	Regulacja mis ustępowych - demontaż i ponowny montaż wraz z silikonami [stary arkusz]
regulacja okien|szt	Prace dodatkowe	szt	Regulacja okien [stary arkusz]
reprofilacja/szlifowanie posadzki do 1cm - jezeli bedzie konieczne|m2	Prace dodatkowe	m2	Reprofilacja/szlifowanie posadzki do 1 cm - jeżeli będzie konieczne [stary arkusz]
rozkrecenie szafy przy wejscu skladanie z powrotem|kpl	Prace dodatkowe	kpl	Rozkręcenie szafy przy wejściu i składanie z powrotem [stary arkusz]
rozkrecenie wyspy kuchennej skladanie z powrotem|kpl	Prace dodatkowe	kpl	Rozkręcenie wyspy kuchennej i składanie z powrotem [stary arkusz]
rozkucie i zatynkowanie podejsc grzejnikowych|kpl	Prace dodatkowe	kpl	Rozkucie i zatynkowanie podejść grzejnikowych
wklejenie tasmy hydroizolacyjnej|mb	Prace dodatkowe	mb	Wklejenie taśmy hydroizolacyjnej [stary arkusz]
rozkucie odplywu liniowego( do stropu)i otworu szachtu sprawdzenie przecieku naprawa po rozkuciu i murowanie+tynk|klp	Prace dodatkowe	kpl	Rozkucie odpływu liniowego (do stropu) i otworu szachtu, sprawdzenie przecieku, naprawa po rozkuciu i murowanie + tynk [stary arkusz]
serwis rolety zewnetrznej - mozemy sprobowac naprawic sami lub wezwac serwis i to ogarnac za ciebie. szacuje, ze ze w granicach 500 zl taki przyjazd i naprawa jezeli bedzie bez wymiany|kpl	Prace dodatkowe	kpl	Serwis rolety zewnętrznej - można spróbować naprawić samodzielnie lub wezwać serwis. Szacunkowo w granicach 500 zł za przyjazd i naprawę, jeżeli bez wymiany [stary arkusz]
siatka tynkarska|m2	Prace dodatkowe	m2	Siatka tynkarska [stary arkusz]
skladanie mebli|kpl	Prace dodatkowe	kpl	Składanie mebli [stary arkusz]
skucie posadzki i zalanie betonem przerobek hydraulicznych|kpl	Prace dodatkowe	kpl	Skucie posadzki i zalanie betonem przeróbek hydraulicznych [stary arkusz]
spasclowanie malowanie listew przypodlogowych|mb	Prace dodatkowe	mb	Szpachlowanie i malowanie listew przypodłogowych [stary arkusz]
spawanie konstrukcji pod przedscianke|kpl	Prace dodatkowe	kpl	Spawanie konstrukcji pod przedściankę [stary arkusz]
sprawdzenie instalacji wodnej i ewentualnie naprawy jezeli to jakas usterka - jezeli cos grubszego to wycena indywidualna|kpl	Prace dodatkowe	kpl	Sprawdzenie instalacji wodnej i ewentualne naprawy, jeżeli to jakaś usterka - jeżeli coś grubszego, to wycena indywidualna [stary arkusz]
sprawdzenie obecnego pieca + demontaz/modyfikacja istniejacej instalacji co - wycena indywidualna po rozpoczeciu prac i zweryfikowaniu istanijacej instalacji|kpl	Prace dodatkowe	kpl	Sprawdzenie obecnego pieca + demontaż/modyfikacja istniejącej instalacji c.o. - wycena indywidualna po rozpoczęciu prac i zweryfikowaniu istniejącej instalacji [stary arkusz]
struktura na scianach salon|m2	Prace dodatkowe	m2	Struktura na ścianach salon [stary arkusz]
szlifowanie plyrek 45 stopni kominek|mb	Prace dodatkowe	mb	Szlifowanie płytek 45 stopni kominek [stary arkusz]
szlifowanie scian|m2	Prace dodatkowe	m2	Szlifowanie ścian [stary arkusz]
szycie dylatacji|2	Prace dodatkowe	m2	Szycie dylatacji [stary arkusz]
szycie dylatacji w posadzce|mb	Prace dodatkowe	mb	Szycie dylatacji w posadzce [stary arkusz]
tapetowanie|m2	Prace dodatkowe	m2	Tapetowanie [stary arkusz]
tapetowanie sciany|m2	Prace dodatkowe	m2	Tapetowanie ściany [stary arkusz]
taras wentylowany - deska kompozytowa|m2	Prace dodatkowe	m2	Taras wentylowany - deska kompozytowa [stary arkusz]
transport i wniesienie materialow wykonczeniowych - stawki do ustalenia w zaleznosci od rodzaju i ilosci|kpl	Prace dodatkowe	kpl	Transport i wniesienie materiałów wykończeniowych - stawki do ustalenia w zależności od rodzaju i ilości
transport i wniesienie materialow wykonczeniowych - stawki do ustalenia w zaleznosci od rodzaju i ilosci 15 paczek paneli 18 paczek plytek|kpl	Prace dodatkowe	kpl	Transport i wniesienie materiałów wykończeniowych - stawki do ustalenia w zależności od rodzaju i ilości, 15 paczek paneli, 18 paczek płytek [stary arkusz]
tynk dekoracijny sypialnia|m2	Prace dodatkowe	m2	Tynk dekoracyjny sypialnia [stary arkusz]
ukladanie cokolow na balkonach|mb	Prace dodatkowe	mb	Układanie cokołów na balkonach [stary arkusz]
ukladanie gresu na balkonie|m2	Prace dodatkowe	m2	Układanie gresu na balkonie [stary arkusz]
ukladanie plytek dookola lustra|mb	Prace dodatkowe	mb	Układanie płytek dookoła lustra [stary arkusz]
ukladanie plytek na balkonie + mata hydroizolacyjna + zarobienie|m2	Prace dodatkowe	m2	Układanie płytek na balkonie + mata hydroizolacyjna + zarobienie [stary arkusz]
ukladanie tarasu wraz z legarami i pracami przygotwawczymi|m2	Prace dodatkowe	m2	Układanie tarasu wraz z legarami i pracami przygotowawczymi [stary arkusz]
ukladanie welny podwojne 10cm bez folii|m2	Prace dodatkowe	m2	Układanie wełny podwójne 10 cm bez folii [stary arkusz]
ulozenie gresu w korytarzu|m2	Prace dodatkowe	m2	Ułożenie gresu w korytarzu [stary arkusz]
ulozenie plytek na balkonach - wysoki stopien skomplikowania prac. po okregu - montaz membrany i wspornikow.|m2	Prace dodatkowe	m2	Ułożenie płytek na balkonach - wysoki stopień skomplikowania prac. Po okręgu - montaż membrany i wsporników [stary arkusz]
ulozenie plytek na kominku + fuga|m2	Prace dodatkowe	m2	Ułożenie płytek na kominku + fuga [stary arkusz]
uzupelnianie fugi w lazience - do weryfikacji czy mozna uzupelniac czy trzeba jednak cala wygrzebac, bo nie zawsze sie da.|kpl	Prace dodatkowe	kpl	Uzupełnianie fugi w łazience - do weryfikacji czy można uzupełniać, czy trzeba całą wygrzebać, bo nie zawsze się da [stary arkusz]
wizualizacja, projekt wykonczenia oraz pojekt kuchni|kpl	Prace dodatkowe	kpl	Wizualizacja, projekt wykończenia oraz projekt kuchni [stary arkusz]
wklejanie korka drewnianego na polnaroznik|mb	Prace dodatkowe	mb	Wklejanie korka drewnianego na półnarożnik [stary arkusz]
wklejanie korka drewnianego na polnaroznik miedzy belek stropowych|mb	Prace dodatkowe	mb	Wklejanie korka drewnianego na półnarożnik między belkami stropowymi [stary arkusz]
wklejanie naroznikow alum.|mb	Prace dodatkowe	mb	Wklejanie narożników alum. [stary arkusz]
wklejanie naroznikow alum. na sufit|mb	Prace dodatkowe	mb	Wklejanie narożników alum. na sufit [stary arkusz]
wklejanie opasek drzwi+ docinanie listew|kpl	Prace dodatkowe	kpl	Wklejanie opasek drzwi + docinanie listew [stary arkusz]
wklejanie parapetu z gk + narozniki alum.|kpl	Prace dodatkowe	kpl	Wklejanie parapetu z GK + narożniki alum. [stary arkusz]
wycinanie belki (drabina na dach)|kpl	Prace dodatkowe	kpl	Wycinanie belki (drabina na dach) [stary arkusz]
wykonanie baranka w glifach|mb	Prace dodatkowe	mb	Wykonanie baranka w glifach [stary arkusz]
wykonanie opasek z drewna dookola okien z malowaniem i montazem|mb	Prace dodatkowe	mb	Wykonanie opasek z drewna dookoła okien z malowaniem i montażem [stary arkusz]
wykonanie przebicia przez sciane nosna - podparcie stropu, montaz ceownikow stalowych skrecanych wg. wyliczen konstruktora, wycinanie otworu, wykonanie wykonczenia. szacunkowa wycena przy zalozeniu, ze nie jest to konstrukcja zelbetowa z pretami|kpl	Prace dodatkowe	kpl	Wykonanie przebicia przez ścianę nośną - podparcie stropu, montaż ceowników stalowych skręcanych wg wyliczeń konstruktora, wycinanie otworu, wykonanie wykończenia. Szacunkowa wycena przy założeniu, że nie jest to konstrukcja żelbetowa z prętami [stary arkusz]
wykonanie stopnia z gresu|szt	Prace dodatkowe	szt	Wykonanie stopnia z gresu [stary arkusz]
wykucie otworu drzwiowego w scianie|kpl	Prace dodatkowe	kpl	Wykucie otworu drzwiowego w ścianie [stary arkusz]
wykucie w posadzce otworu na kratke odplywu i montaz|szt	Prace dodatkowe	szt	Wykucie w posadzce otworu na kratkę odpływu i montaż [stary arkusz]
wykuwanie wneki na polke + obrobka|kpl	Prace dodatkowe	kpl	Wykuwanie wnęki na półkę + obróbka [stary arkusz]
wylanie z uzbrojeniem stopni pod okladziny drewniane|kpl	Prace dodatkowe	kpl	Wylanie z uzbrojeniem stopni pod okładziny drewniane [stary arkusz]
wymiana drzwi prysznicowych|kpl	Prace dodatkowe	kpl	Wymiana drzwi prysznicowych [stary arkusz]
wymiana dzwonka|szt	Prace dodatkowe	szt	Wymiana dzwonka [stary arkusz]
wymiana klamek w drzwiach|szt	Prace dodatkowe	szt	Wymiana klamek w drzwiach [stary arkusz]
wymiana kratki wentylacyjnej|kpl	Prace dodatkowe	kpl	Wymiana kratki wentylacyjnej [stary arkusz]
wymiana oscieznicy drzwi przesuwnych z demontazem umywalki i blatu montaz z powrotem|kpl	Prace dodatkowe	kpl	Wymiana ościeżnicy drzwi przesuwnych z demontażem umywalki i blatu, montaż z powrotem [stary arkusz]
wymiana oswietlenia led przy lustrze w lazience - sama naprawa|kpl	Prace dodatkowe	kpl	Wymiana oświetlenia LED przy lustrze w łazience - sama naprawa [stary arkusz]
wymiana silikonow|mb	Prace dodatkowe	mb	Wymiana silikonów [stary arkusz]
wymiana silikonow w lazience|mb	Prace dodatkowe	mb	Wymiana silikonów w łazience [stary arkusz]
wymiana sluchawki - jezeli to samo wpiecie samej sluchawki to za darmo a jezeli wymiana calego domofonu to 150 zl.|szt	Prace dodatkowe	szt	Wymiana słuchawki - jeżeli to samo wpięcie samej słuchawki, to za darmo, a jeżeli wymiana całego domofonu, to 150 zł [stary arkusz]
wymiana sylikonu kabina prysznicowa|kpl	Prace dodatkowe	kpl	Wymiana silikonu kabina prysznicowa [stary arkusz]
wymiana sylikonu na inny kolor|kpl	Prace dodatkowe	kpl	Wymiana silikonu na inny kolor [stary arkusz]
wynoszenie gruzu, mebli, armatury, smieci, odpadow budowlanych - caly okres remontu|big bag	Prace dodatkowe	big bag	Wynoszenie gruzu, mebli, armatury, śmieci, odpadów budowlanych - cały okres remontu [stary arkusz]
wynoszenie gruzu, mebli, armatury, smieci, odpadow budowlanych etc.|kontener	Prace dodatkowe	kontener	Wynoszenie gruzu, mebli, armatury, śmieci, odpadów budowlanych etc. [stary arkusz]
wyrownanie pod oscieznice|kpl	Prace dodatkowe	kpl	Wyrównanie pod ościeżnice [stary arkusz]
wywiercenie otworow w blacie|szt	Prace dodatkowe	szt	Wywiercenie otworów w blacie [stary arkusz]
wzmocnienie scianki pod umywalke - dopiero po demontazach bede mogl cos zaproponowac i wycenic.|kpl	Prace dodatkowe	kpl	Wzmocnienie ścianki pod umywalkę - do zaproponowania i wyceny po demontażach [stary arkusz]
zabezpieczanie mieszkania do ponownego malowania, juz z meblami i listwami|m2	Prace dodatkowe	m2	Zabezpieczanie mieszkania do ponownego malowania, już z meblami i listwami [stary arkusz]
zabudowa gk|m2	Prace dodatkowe	m2	Zabudowa GK [stary arkusz]
zabudowa gk pod lustro|kpl	Prace dodatkowe	kpl	Zabudowa GK pod lustro [stary arkusz]
zabudowa rur od klimy, kabli itp obrobka calosci|kpl	Prace dodatkowe	kpl	Zabudowa rur od klimy, kabli itp., obróbka całości [stary arkusz]
zabudowanie dziury w podlodze po starym prysznicu.|kpl	Prace dodatkowe	kpl	Zabudowanie dziury w podłodze po starym prysznicu [stary arkusz]
zakup, transport i wniesienie towaru budowlanego (caly okres remontu) - 10-20% wartosci towaru budowlanego w zaleznosci od pietra, czy jest winda itp.|kpl	Prace dodatkowe	kpl	Zakup, transport i wniesienie towaru budowlanego (cały okres remontu) - 10-20% wartości towaru budowlanego w zależności od piętra, czy jest winda itp. [stary arkusz]
zakup, transport i wniesienie towaru budowlanego (caly okres remontu) - dosyc dlugi remont i sporo bedzie wnoszenia i jezdzenia po materialy, wiec to cena ryczaltowa na caly okres remontu.|kpl	Prace dodatkowe	kpl	Zakup, transport i wniesienie towaru budowlanego (cały okres remontu) - dosyć długi remont i sporo będzie wnoszenia i jeżdżenia po materiały, więc to cena ryczałtowa na cały okres remontu [stary arkusz]
zakup, transport i wniesienie towaru budowlanego (caly okres remontu) - w zaleznosci od pietra|kpl	Prace dodatkowe	kpl	Zakup, transport i wniesienie towaru budowlanego (cały okres remontu) - w zależności od piętra
zalanie betonem starych kominow w podlodze|kpl	Prace dodatkowe	kpl	Zalanie betonem starych kominów w podłodze [stary arkusz]
zamontowanie drzwiczek do kominka|szt	Prace dodatkowe	szt	Zamontowanie drzwiczek do kominka [stary arkusz]
zamurowanei otworu drzwiowego na klatke|m2	Prace dodatkowe	m2	Zamurowanie otworu drzwiowego na klatkę [stary arkusz]
zamurowanie nadprozy nad nowymi drzwiami|kpl	Prace dodatkowe	kpl	Zamurowanie nadproży nad nowymi drzwiami [stary arkusz]
zaszpachlowanie dziury po mrowkach i pomalowanie|kpl	Prace dodatkowe	kpl	Zaszpachlowanie dziury po mrówkach i pomalowanie [stary arkusz]
zdzieranie podkladu/kleju spod parkietu|m2	Prace dodatkowe	m2	Zdzieranie podkładu/kleju spod parkietu [stary arkusz]
zmniejszanie otworow drzwiowych|szt	Prace dodatkowe	szt	Zmniejszanie otworów drzwiowych [stary arkusz]
zmniejszenie otworu drzwi w garazu|kpl	Prace dodatkowe	kpl	Zmniejszenie otworu drzwi w garażu [stary arkusz]
zmniejszenie otworu drzwiowego|szt	Prace dodatkowe	szt	Zmniejszenie otworu drzwiowego [stary arkusz]
zrobienie koperty do odplywu ze spadkiem|kpl	Prace dodatkowe	kpl	Zrobienie koperty do odpływu ze spadkiem [stary arkusz]
zrobienie otworu i montaz wentylacji w kotlowni|szt	Prace dodatkowe	szt	Zrobienie otworu i montaż wentylacji w kotłowni [stary arkusz]
wkucie w sciane instalacji wod-kan kazdy punkt sciana dzialowa|pkt	Prace dodatkowe	pkt	Wkucie w ścianę instalacji wod-kan każdy punkt ściana działowa [stary arkusz]
malowanie scian farba silikonowa lub akrylowa na bialo|m2	Ściany i sufity bez łazienek	m2	Malowanie ścian farbą silikonową lub akrylową na biało [stary arkusz]
montaz scian gk po skuwaniu plytek - duze prawdopodobienstwo, ze beda do odtworzenia, bo plytki moga schodzic razem z plytami gk.|m2	Ściany i sufity bez łazienek	m2	Montaż ścian GK po skuwaniu płytek - duże prawdopodobieństwo, że będą do odtworzenia, bo płytki mogą schodzić razem z płytami GK [stary arkusz]
sufit podwieszany w wiatrolapie|kpl	Ściany i sufity bez łazienek	kpl	Sufit podwieszany w wiatrołapie [stary arkusz]
wykonanie gladzi po bruzdach, wykonanie gladzi po usuwaniu sztukaterii|mb	Ściany i sufity bez łazienek	mb	Wykonanie gładzi po bruzdach, wykonanie gładzi po usuwaniu sztukaterii [stary arkusz]
akrylowanie laczen scian i sufitow - polecam bo zdecydowanie poprawia estetyke w naroznikach oraz przykrywa potencjalne pekniecia|mb	Ściany i sufity bez łazienek	mb	Akrylowanie łączeń ścian i sufitów - polecam, bo zdecydowanie poprawia estetykę w narożnikach oraz przykrywa potencjalne pęknięcia [stary arkusz]
akrylowanie laczen scian i sufitow/ akrylowanie dylatacji - polecam bo zdecydowanie poprawia estetyke w naroznikach oraz przykrywa potencjalne pekniecia|mb	Ściany i sufity bez łazienek	mb	Akrylowanie łączeń ścian i sufitów / akrylowanie dylatacji - polecam, bo zdecydowanie poprawia estetykę w narożnikach oraz przykrywa potencjalne pęknięcia
fugowanie cegielki typu klinkier|m2	Ściany i sufity bez łazienek	m2	Fugowanie cegiełki typu klinkier
gladzie na scianach "finish" stan deweloperski (2 warstwy) - standard|m2	Ściany i sufity bez łazienek	m2	Gładzie na ścianach "finish" stan deweloperski (2 warstwy) - standard [stary arkusz]
gladzie na scianach "finish" stan deweloperski (2 warstwy) - standard wykonczenia q3|m2	Ściany i sufity bez łazienek	m2	Gładzie na ścianach "finish" stan deweloperski (2 warstwy) - standard wykończenia Q3
gladzie na scianach "finish" stan deweloperski (2-3 warstwy) - premium - gruntowanie farba podkladowa w cenie - standard wykonczenia q4|m2	Ściany i sufity bez łazienek	m2	Gładzie na ścianach "finish" stan deweloperski (2-3 warstwy) - premium - gruntowanie farbą podkładową w cenie - standard wykończenia Q4 [stary arkusz]
gladzie na scianach "finish" stan deweloperski (2-3 warstwy) - premium - gruntowanie farba podkladowa w cenie|m2	Ściany i sufity bez łazienek	m2	Gładzie na ścianach "finish" stan deweloperski (2-3 warstwy) - premium - gruntowanie farbą podkładową w cenie [stary arkusz]
gladzie na scianach "finish" stan deweloperski (2-3 warstwy) - premium - standard wykonczenia q4|m2	Ściany i sufity bez łazienek	m2	Gładzie na ścianach "finish" stan deweloperski (2-3 warstwy) - premium - standard wykończenia Q4
gladzie na scianach i sufitach rynek wtorny (3-4 warstwy)|m2	Ściany i sufity bez łazienek	m2	Gładzie na ścianach i sufitach rynek wtórny (3-4 warstwy) [stary arkusz]
gladzie na scianach i sufitach rynek wtorny (3-4 warstwy) + podklad z tynku|m2	Ściany i sufity bez łazienek	m2	Gładzie na ścianach i sufitach rynek wtórny (3-4 warstwy) + podkład z tynku [stary arkusz]
gladzie na scianach i sufitach rynek wtorny (3-4 warstwy) + podklad z tynku jezeli bedzie potrzebny, jak nie to cena nizsza nieco|m2	Ściany i sufity bez łazienek	m2	Gładzie na ścianach i sufitach rynek wtórny (3-4 warstwy) + podkład z tynku jeżeli będzie potrzebny, jak nie to cena nieco niższa
gladzie na scianach i sufitach rynek wtorny (3-4 warstwy) w tym warstwa tynku 3 kat.|m2	Ściany i sufity bez łazienek	m2	Gładzie na ścianach i sufitach rynek wtórny (3-4 warstwy) w tym warstwa tynku 3 kat. [stary arkusz]
gladzie na sufitach "finish" stan deweloperski (2 warstwy) - standard|m2	Ściany i sufity bez łazienek	m2	Gładzie na sufitach "finish" stan deweloperski (2 warstwy) - standard [stary arkusz]
gladzie na sufitach "finish" stan deweloperski (2 warstwy) - standard q3|m2	Ściany i sufity bez łazienek	m2	Gładzie na sufitach "finish" stan deweloperski (2 warstwy) - standard Q3 [stary arkusz]
gladzie na sufitach "finish" stan deweloperski (2 warstwy) - standard wykonczenia q3|m2	Ściany i sufity bez łazienek	m2	Gładzie na sufitach "finish" stan deweloperski (2 warstwy) - standard wykończenia Q3
gladzie na sufitach "finish" stan deweloperski (2-3 warstwy) - premium - gruntowanie farba podkladowa w cenie|m2	Ściany i sufity bez łazienek	m2	Gładzie na sufitach "finish" stan deweloperski (2-3 warstwy) - premium - gruntowanie farbą podkładową w cenie [stary arkusz]
gladzie na sufitach "finish" stan deweloperski (2-3 warstwy) - premium - gruntowanie farba podkladowa w cenie q4|m2	Ściany i sufity bez łazienek	m2	Gładzie na sufitach "finish" stan deweloperski (2-3 warstwy) - premium - gruntowanie farbą podkładową w cenie Q4 [stary arkusz]
gladzie na sufitach "finish" stan deweloperski (2-3 warstwy) - premium- standard wykonczenia q4|m2	Ściany i sufity bez łazienek	m2	Gładzie na sufitach "finish" stan deweloperski (2-3 warstwy) - premium - standard wykończenia Q4
gladzie w miejscach po spekaniach|m2	Ściany i sufity bez łazienek	m2	Gładzie w miejscach po spękaniach
gruntowanie farba podkladowa - bardzo zalecane na swieze gladzie. dzieki temu zmniejszamy chlonnosc powierzchni oraz unikamy na scianach pasow i wrazenia nierownego malowania|m2	Ściany i sufity bez łazienek	m2	Gruntowanie farbą podkładową - bardzo zalecane na świeże gładzie. Dzięki temu zmniejszamy chłonność powierzchni oraz unikamy na ścianach pasów i wrażenia nierównego malowania [stary arkusz]
gruntowanie farba podkladowa - bardzo zalecane na swieze gladzie. dzieki temu zmniejszamy chlonnosc powierzchni oraz unikamy na scianach pasow i wrazenia nierownego malowania. rowniez przy malowaniu tynkow bez gladzi warto zrobic taka warstwe podkladowa.|m2	Ściany i sufity bez łazienek	m2	Gruntowanie farbą podkładową - bardzo zalecane na świeże gładzie. Dzięki temu zmniejszamy chłonność powierzchni oraz unikamy na ścianach pasów i wrażenia nierównego malowania. Również przy malowaniu tynków bez gładzi warto zrobić taką warstwę podkładową.
gruntowanie farba podkladowa - bardzo zalecane na swieze gladzie. dzieki temu zmniejszamy chlonnosc powierzchni oraz unikamy na scianach pasow i wrazenia nierownego malowania. rowniez przy malowaniu tynkow bez gladzi warto zrobic taka warstwe podkladowa. do ustalenia czy konieczne|m2	Ściany i sufity bez łazienek	m2	Gruntowanie farbą podkładową - bardzo zalecane na świeże gładzie. Dzięki temu zmniejszamy chłonność powierzchni oraz unikamy na ścianach pasów i wrażenia nierównego malowania. Również przy malowaniu tynków bez gładzi warto zrobić taką warstwę podkładową. Do ustalenia czy konieczne [stary arkusz]
gruntowanie powierzchni betonkontaktem|mb	Ściany i sufity bez łazienek	mb	Gruntowanie powierzchni betonkontaktem
gruntowanie powierzchni betonkontaktem|m2	Ściany i sufity bez łazienek	m2	Gruntowanie powierzchni betonkontaktem [stary arkusz]
gruntowanie powierzchni scian i sufitow przed gladziami i po gladziach|m2	Ściany i sufity bez łazienek	m2	Gruntowanie powierzchni ścian i sufitów przed gładziami i po gładziach
gruntowanie powierzchni scian i sufitow przed gladziami/tynkami|m2	Ściany i sufity bez łazienek	m2	Gruntowanie powierzchni ścian i sufitów przed gładziami/tynkami [stary arkusz]
gruntowanie scian jednokrotne|m2	Ściany i sufity bez łazienek	m2	Gruntowanie ścian jednokrotne [stary arkusz]
gruntowanie scian jednokrotne + drobne poprawki|m2	Ściany i sufity bez łazienek	m2	Gruntowanie ścian jednokrotne + drobne poprawki
gruntowanie/odpylenie scian + drobne poprawki|m2	Ściany i sufity bez łazienek	m2	Gruntowanie/odpylenie ścian + drobne poprawki [stary arkusz]
malowanie agregatem 1 kolor|~	Ściany i sufity bez łazienek	m2	Malowanie agregatem 1 kolor [stary arkusz]
malowanie glifow|mb	Ściany i sufity bez łazienek	mb	Malowanie glifów [stary arkusz]
malowanie scian emulsja z gruntem (przykrycie koloru, zeby malowac na bialo) - 1 warstwa|m2	Ściany i sufity bez łazienek	m2	Malowanie ścian emulsją z gruntem (przykrycie koloru, żeby malować na biało) - 1 warstwa
malowanie scian farba silikonowa lub akrylowa - kolor|m2	Ściany i sufity bez łazienek	m2	Malowanie ścian farbą silikonową lub akrylową - kolor [stary arkusz]
malowanie scian farba strukturalna efet beton - do ustalenia dokladnie produkt i czy to ma byc beton tynk dekoracyjny czy farba, bo cena moze tu sie roznic. od 40-150 zl|m2	Ściany i sufity bez łazienek	m2	Malowanie ścian farbą strukturalną efekt beton - do ustalenia dokładnie produkt i czy to ma być beton, tynk dekoracyjny czy farba, bo cena może się różnić. Od 40 do 150 zł [stary arkusz]
malowanie scian i sufitow farba silikonowa lub akrylowa na bialo|m2	Ściany i sufity bez łazienek	m2	Malowanie ścian i sufitów farbą silikonową lub akrylową na biało
malowanie scian na bialo|m2	Ściany i sufity bez łazienek	m2	Malowanie ścian na biało [stary arkusz]
malowanie scian w kolorze|m2	Ściany i sufity bez łazienek	m2	Malowanie ścian w kolorze
malowanie sufitow farba silikonowa lub akrylowa na bialo|m2	Ściany i sufity bez łazienek	m2	Malowanie sufitów farbą silikonową lub akrylową na biało
malowanie sufitow farba silikonowa lub akrylowa na bialo (garderoba)|m2	Ściany i sufity bez łazienek	m2	Malowanie sufitów farbą silikonową lub akrylową na biało (garderoba) [stary arkusz]
malowanie sufitu|m2	Ściany i sufity bez łazienek	m2	Malowanie sufitu [stary arkusz]
malowanie sufitu w kolor|m2	Ściany i sufity bez łazienek	m2	Malowanie sufitu w kolorze
malowanie szukaterii|mb	Ściany i sufity bez łazienek	mb	Malowanie sztukaterii [stary arkusz]
montaz gk na stelazach (wszystkie lazienki co trzeba) m2 + mb|m2	Ściany i sufity bez łazienek	m2	Montaż GK na stelażach (wszystkie łazienki co trzeba) m2 + mb [stary arkusz]
montaz karniszy|mb	Ściany i sufity bez łazienek	mb	Montaż karniszy
montaz karniszy 1 szt|kpl	Ściany i sufity bez łazienek	kpl	Montaż karniszy 1 szt [stary arkusz]
montaz listew sztukateryjnych na scianach przygotowane do malowania (docinanie, montaz, szpachlowanie polaczen, akrylowanie, szlifowanie)|mb	Ściany i sufity bez łazienek	mb	Montaż listew sztukateryjnych na ścianach przygotowanych do malowania (docinanie, montaż, szpachlowanie połączeń, akrylowanie, szlifowanie)
montaz listew sztukateryjnych sufitowych (oslona karnisza) przygotowane do malowania (docinanie, montaz, szpachlowanie polaczen, akrylowanie, szlifowanie)|mb	Ściany i sufity bez łazienek	mb	Montaż listew sztukateryjnych sufitowych (osłona karnisza) przygotowanych do malowania (docinanie, montaż, szpachlowanie połączeń, akrylowanie, szlifowanie)
montaz listew sztukateryjnych sufitowych (oslona karnisza) przygotowane do malowania (docinanie, montaz, szpachlowanie polaczen, akrylowanie, szlifowanie) + dodatkowe czyszczenie listwy z pozostalosci kleju|mb	Ściany i sufity bez łazienek	mb	Montaż listew sztukateryjnych sufitowych (osłona karnisza) przygotowanych do malowania (docinanie, montaż, szpachlowanie połączeń, akrylowanie, szlifowanie) + dodatkowe czyszczenie listwy z pozostałości kleju [stary arkusz]
montaz nadprozy|szt	Ściany i sufity bez łazienek	szt	Montaż nadproży
montaz paneli sciennych|m2	Ściany i sufity bez łazienek	m2	Montaż paneli ściennych [stary arkusz]
montaz plyt farmacel|m2	Ściany i sufity bez łazienek	m2	Montaż płyt fermacell [stary arkusz]
montaz plyt gk na klej na scianach|m2	Ściany i sufity bez łazienek	m2	Montaż płyt GK na klej na ścianach
montaz plyt gk na klej na suficie|m2	Ściany i sufity bez łazienek	m2	Montaż płyt GK na klej na suficie [stary arkusz]
montaz plyt gk na sciany plyta pojedyncza|m2	Ściany i sufity bez łazienek	m2	Montaż płyt GK na ściany płyta pojedyncza [stary arkusz]
montaz profili wzmocnionych pod oscieznice|kpl	Ściany i sufity bez łazienek	kpl	Montaż profili wzmocnionych pod ościeżnice
montaz scian gk z welna mineralna - podwojna plyta obustronnie - niski stopien skomplikowania prac|m2	Ściany i sufity bez łazienek	m2	Montaż ścian GK z wełną mineralną - podwójna płyta obustronnie - niski stopień skomplikowania prac
montaz scian gk z welna mineralna - podwojna plyta obustronnie - niski stopien skomplikowania prac|klp	Ściany i sufity bez łazienek	kpl	Montaż ścian GK z wełną mineralną - podwójna płyta obustronnie - niski stopień skomplikowania prac [stary arkusz]
montaz scian gk z welna mineralna - podwojna plyta obustronnie + wzmocnienie|klp	Ściany i sufity bez łazienek	kpl	Montaż ścian GK z wełną mineralną - podwójna płyta obustronnie + wzmocnienie [stary arkusz]
montaz welny w sciany dzialowe|m2	Ściany i sufity bez łazienek	m2	Montaż wełny w ściany działowe [stary arkusz]
montaz wzmocnien w scianach dzialowych pod szafki wieszace|m2	Ściany i sufity bez łazienek	m2	Montaż wzmocnień w ścianach działowych pod szafki wiszące [stary arkusz]
murowanie scian z bloczkow ceramicznych - nieco wyzsza cena za pustak ceramicznyc|m2	Ściany i sufity bez łazienek	m2	Murowanie ścian z bloczków ceramicznych - nieco wyższa cena za pustak ceramiczny [stary arkusz]
murowanie scian z bloczkow komorkowych 10 cm|m2	Ściany i sufity bez łazienek	m2	Murowanie ścian z bloczków komórkowych 10 cm [stary arkusz]
murowanie scian z bloczkow komorkowych 5cm|m2	Ściany i sufity bez łazienek	m2	Murowanie ścian z bloczków komórkowych 5 cm [stary arkusz]
murowanie scian z bloczkow komorkowych 7,5 cm|m2	Ściany i sufity bez łazienek	m2	Murowanie ścian z bloczków komórkowych 7,5 cm
murowanie scian z bloczkow komorkowych 7,5 cm (skomplikowany montaz)|m2	Ściany i sufity bez łazienek	m2	Murowanie ścian z bloczków komórkowych 7,5 cm (skomplikowany montaż) [stary arkusz]
nadproza prefabrykowane ytong- wy- miana nadproza do pom socjalnego- po- szerzenie otworu|kpl	Ściany i sufity bez łazienek	kpl	Nadproża prefabrykowane YTONG - wymiana nadproża do pom. socjalnego - poszerzenie otworu [stary arkusz]
naprawa pekniec i ubytkow scian salon korytaz mala sypialnia|kpl	Ściany i sufity bez łazienek	kpl	Naprawa pęknięć i ubytków ścian salon, korytarz, mała sypialnia [stary arkusz]
naprawy scian i sufitow po kuciu, bruzdowaniu, tynkowanie bruzd (liczone w metrach biezacych)|mb	Ściany i sufity bez łazienek	mb	Naprawy ścian i sufitów po kuciu, bruzdowaniu, tynkowanie bruzd (liczone w metrach bieżących)
odcinanie kolorow, lamperie itp.|mb	Ściany i sufity bez łazienek	mb	Odcinanie kolorów, lamperie itp.
polozenie cegielek typu klinkier na scianie|m2	Ściany i sufity bez łazienek	m2	Położenie cegiełek typu klinkier na ścianie
poprawki malarskie po stolarzach|kpl	Ściany i sufity bez łazienek	kpl	Poprawki malarskie po stolarzach [stary arkusz]
poprawki scian szpachlowanie/szlifowanie|m2	Ściany i sufity bez łazienek	m2	Poprawki ścian szpachlowanie/szlifowanie [stary arkusz]
poprawki szpachlarskie w calym mieszkaniu - chodzi o jakies drobne ubytki.|m2	Ściany i sufity bez łazienek	m2	Poprawki szpachlarskie w całym mieszkaniu - chodzi o drobne ubytki [stary arkusz]
rozkucie i zatynkowanie podejsc grzejnikowych + zmiana rozstawu podejsc|kpl	Ściany i sufity bez łazienek	kpl	Rozkucie i zatynkowanie podejść grzejnikowych + zmiana rozstawu podejść [stary arkusz]
scianki dzialowe z plyt gipsowo-kartono- wych nida na pojedynczej konstrukcji nosnej, z pokryciem obustronnym dwu- warstwowym 75-02; system nida scia- na 125a75|m2	Ściany i sufity bez łazienek	m2	Ścianki działowe z płyt gipsowo-kartonowych NIDA na pojedynczej konstrukcji nośnej, z pokryciem obustronnym dwuwarstwowym 75-02; System NIDA Ściana 125A75 [stary arkusz]
struktura na scianach|m2	Ściany i sufity bez łazienek	m2	Struktura na ścianach [stary arkusz]
sufit podwieszany - kazdy projekt wyceniany osobno.|m2	Ściany i sufity bez łazienek	m2	Sufit podwieszany - każdy projekt wyceniany osobno
sufit podwieszany - troche montaz, troche naprawa. ciezko wycenic.|m2	Ściany i sufity bez łazienek	m2	Sufit podwieszany - trochę montaż, trochę naprawa. Ciężko wycenić [stary arkusz]
sufit podwieszany kasetonowy z wypel- nieniem plytami sufitowymi rigips gyptone; konstrukcja rusztu niewi- doczna z profilami glownymi co 60/ 120cm cm - zgodnie z projektem + warstwa paraizolacji|m2	Ściany i sufity bez łazienek	m2	Sufit podwieszany kasetonowy z wypełnieniem płytami sufitowymi RIGIPS GYPTONE; konstrukcja rusztu niewidoczna z profilami głównymi co 60/120 cm - zgodnie z projektem + warstwa paroizolacji [stary arkusz]
sufit podwieszany m-system|m2	Ściany i sufity bez łazienek	m2	Sufit podwieszany m-system [stary arkusz]
sufit podwieszany na stelazu|m2	Ściany i sufity bez łazienek	m2	Sufit podwieszany na stelażu [stary arkusz]
szlifowanie gruntu deweloperskiego|m2	Ściany i sufity bez łazienek	m2	Szlifowanie gruntu deweloperskiego [stary arkusz]
szlifowanie mleczka z tynkow deweloperskich|m2	Ściany i sufity bez łazienek	m2	Szlifowanie mleczka z tynków deweloperskich
szlifowanie mleczka z tynkow deweloperskich - jezeli sciany beda tego wymagaly. do sprawdzenia na miejscu.|m2	Ściany i sufity bez łazienek	m2	Szlifowanie mleczka z tynków deweloperskich - jeżeli ściany będą tego wymagały. Do sprawdzenia na miejscu [stary arkusz]
szlifowanie mleczka z tynkow deweloperskich z drabiny na wysokosciach|m2	Ściany i sufity bez łazienek	m2	Szlifowanie mleczka z tynków deweloperskich z drabiny na wysokościach [stary arkusz]
szlifowanie scian z poprawkami|m2	Ściany i sufity bez łazienek	m2	Szlifowanie ścian z poprawkami [stary arkusz]
szlifowanie sufitu|m2	Ściany i sufity bez łazienek	m2	Szlifowanie sufitu [stary arkusz]
szlifowanie/matowiecie scian|m2	Ściany i sufity bez łazienek	m2	Szlifowanie/matowienie ścian [stary arkusz]
szpachlowanie glifow / dekoracyjnych naroznikow / wykonczenie obwodu drzwi z ukryta opaska|mb	Ściany i sufity bez łazienek	mb	Szpachlowanie glifów / dekoracyjnych narożników / wykończenie obwodu drzwi z ukrytą opaską
szpachlowanie polaczen scian z gk i wklejanie tasmy wzmacniajacej (laczenia pekniec plyt, laczenia plyt gk etc.)|mb	Ściany i sufity bez łazienek	mb	Szpachlowanie połączeń ścian z GK i wklejanie taśmy wzmacniającej (łączenia pęknięć płyt, łączenia płyt GK etc.)
szpachlowanie polaczen scian z gk i wklejanie tasmy wzmacniajacej (laczenia pekniec plyt, laczenia plyt gk etc.)|m2	Ściany i sufity bez łazienek	m2	Szpachlowanie połączeń ścian z GK i wklejanie taśmy wzmacniającej (łączenia pęknięć płyt, łączenia płyt GK etc.) [stary arkusz]
tynki wewnetrzne zwykle kat. iii wykony- wane recznie na scianach i slupach|m2	Ściany i sufity bez łazienek	m2	Tynki wewnętrzne zwykłe kat. III wykonywane ręcznie na ścianach i słupach [stary arkusz]
tynkowanie glifow lub powierzchni o szerokosci do 30 cm / poprawka miejsc po demontazu scian|mb	Ściany i sufity bez łazienek	mb	Tynkowanie glifów lub powierzchni o szerokości do 30 cm / poprawka miejsc po demontażu ścian
tynkowanie glifow lub powierzchni o szerokosci do 30 cm / poprawka miejsc po demontazu scian/ przygotowanie pod montaz drzwi szklanych|mb	Ściany i sufity bez łazienek	mb	Tynkowanie glifów lub powierzchni o szerokości do 30 cm / poprawka miejsc po demontażu ścian / przygotowanie pod montaż drzwi szklanych [stary arkusz]
tynkowanie podkladowe cienkowarstwowe|m2	Ściany i sufity bez łazienek	m2	Tynkowanie podkładowe cienkowarstwowe
tynkowanie sciany lub sufitow - rownaniepo wyburzeniach|m2	Ściany i sufity bez łazienek	m2	Tynkowanie ściany lub sufitów - równanie po wyburzeniach [stary arkusz]
tynkowanie sciany lub sufitow - rownaniepo wyburzeniach + siatka|m2	Ściany i sufity bez łazienek	m2	Tynkowanie ściany lub sufitów - równanie po wyburzeniach + siatka [stary arkusz]
tynkowanie sciany lub sufitow do 1cm - 5%|m2	Ściany i sufity bez łazienek	m2	Tynkowanie ściany lub sufitów do 1 cm - 5%
tynkowanie sciany lub sufitow do 1cm|m2	Ściany i sufity bez łazienek	m2	Tynkowanie ściany lub sufitów do 1 cm [stary arkusz]
tynkowanie sciany lub sufitow do 1cm.|m2	Ściany i sufity bez łazienek	m2	Tynkowanie ściany lub sufitów do 1 cm. [stary arkusz]
tynkowanie sciany lub sufitow do 3 cm -|m2	Ściany i sufity bez łazienek	m2	Tynkowanie ściany lub sufitów do 3 cm [stary arkusz]
ukladanie welny na suficie bez folii|m2	Ściany i sufity bez łazienek	m2	Układanie wełny na suficie bez folii [stary arkusz]
usuwanie grzyba poziom -1|kpl	Ściany i sufity bez łazienek	kpl	Usuwanie grzyba poziom -1 [stary arkusz]
wklejanie naroznikow aluminiowych i wklejanie siatki + szpachlowanie narozniki, glify okienne etc. wszedzie tam gdzie to wymaga|mb	Ściany i sufity bez łazienek	mb	Wklejanie narożników aluminiowych i wklejanie siatki + szpachlowanie narożniki, glify okienne etc. wszędzie tam gdzie to wymaga
wklejanie tasmy w laczenie sufit-sciana oraz dylatacje - poprawia estetyke oraz chroni przed peknieciami|mb	Ściany i sufity bez łazienek	mb	Wklejanie taśmy w łączenie sufit-ściana oraz dylatacje - poprawia estetykę oraz chroni przed pęknięciami
wygluszanie scian (pianka wygluszajaca + plyta gk)|m2	Ściany i sufity bez łazienek	m2	Wygłuszanie ścian (pianka wygłuszająca + płyta GK)
wypelnianie dylatacji|mb	Ściany i sufity bez łazienek	mb	Wypełnianie dylatacji [stary arkusz]
wyrownanie sciany przy wejsciu do lokalu, skucie, plyty gk.|kpl	Ściany i sufity bez łazienek	kpl	Wyrównanie ściany przy wejściu do lokalu, skucie, płyty GK [stary arkusz]
zabudowa scian z gk na stelazu + przedscianki|m2	Ściany i sufity bez łazienek	m2	Zabudowa ścian z GK na stelażu + przedścianki [stary arkusz]
zabudowy rur z gk (piony wodne, rury gazowe etc.) - po obejrzeniu|mb	Ściany i sufity bez łazienek	mb	Zabudowy rur z GK (piony wodne, rury gazowe etc.) - po obejrzeniu
zabudowy rur z gk (piony wodne, rury gazowe etc.) - po obejrzeniu|kpl	Ściany i sufity bez łazienek	kpl	Zabudowy rur z GK (piony wodne, rury gazowe etc.) - po obejrzeniu [stary arkusz]
zabudowy rur z gk (piony wodne, rury gazowe etc.)|mb	Ściany i sufity bez łazienek	mb	Zabudowy rur z GK (piony wodne, rury gazowe etc.) [stary arkusz]
zabudowy z gk kominek etc. - szacunkowo|kpl	Ściany i sufity bez łazienek	kpl	Zabudowy z GK kominek etc. - szacunkowo [stary arkusz]
fugowanie scian i podlog fuga cementowa|m2	Łazienka	m2	Fugowanie ścian i podłóg fuga cementowa [stary arkusz]
lazienka parter szacunkowo|kpl	Łazienka	kpl	Łazienka parter szacunkowo [stary arkusz]
malowanie sufitow i scian bez glazury|m2	Łazienka	m2	Malowanie sufitów i ścian bez glazury [stary arkusz]
malowanie sufitow i scian bez glazury + gladz na suficie i scianach|m2	Łazienka	m2	Malowanie sufitów i ścian bez glazury + gładź na suficie i ścianach [stary arkusz]
mocowanie rur|kpl	Łazienka	kpl	Mocowanie rur [stary arkusz]
montaz blatu z docinaniem|kpl	Łazienka	kpl	Montaż blatu z docinaniem [stary arkusz]
montaz kamiennego blatu|szt	Łazienka	szt	Montaż kamiennego blatu [stary arkusz]
montaz zaworow czerpalnych do umywalek i zlewow|szt	Łazienka	szt	Montaż zaworów czerpalnych do umywalek i zlewów [stary arkusz]
skucie kawalka podlogi oraz wylewka samopoziomujaca|mb	Łazienka	mb	Skucie kawałka podłogi oraz wylewka samopoziomująca [stary arkusz]
stelaz pod prysznicem|kpl	Łazienka	kpl	Stelaż pod prysznicem [stary arkusz]
sufit podwieszany|kpl	Łazienka	kpl	Sufit podwieszany [stary arkusz]
ukladanie glazury na podlodze format 20x20|m2	Łazienka	m2	Układanie glazury na podłodze format 20x20 [stary arkusz]
ukladanie glazury na podlodze scianie format duzy 120x120|m2	Łazienka	m2	Układanie glazury na podłodze/ścianie format duży 120x120 [stary arkusz]
wykonanie scianek prysznic + polka obok wanny|klp	Łazienka	kpl	Wykonanie ścianek prysznic + półka obok wanny [stary arkusz]
zabudowa rury 110 ze stelaza spawanego|kpl	Łazienka	kpl	Zabudowa rury 110 ze stelaża spawanego [stary arkusz]
zabudowa z profili i gk umywalki- zlicowane z geberitem|kpl	Łazienka	kpl	Zabudowa z profili i GK umywalki - zlicowane z geberitem [stary arkusz]
montaz listew led|mb	Prace dodatkowe	mb	Montaż listew LED
bruzdowanie pod instalacje wod-kan w materialach miekkich|mb	Wyburzenia i demontaże	mb	Bruzdowanie pod instalacje wod-kan w materiałach miękkich
bruzdowanie pod instalacje wod-kan w materialach miekkich - troche wyzsza cena bo jest sporo tynku cementowego i bardzo ciezko sie go bruzduje|mb	Wyburzenia i demontaże	mb	Bruzdowanie pod instalacje wod-kan w materiałach miękkich - trochę wyższa cena bo jest sporo tynku cementowego i bardzo ciężko się go bruzduje [stary arkusz]
bruzdowanie pod instalacje wod-kan w zelbecie|mb	Wyburzenia i demontaże	mb	Bruzdowanie pod instalacje wod-kan w żelbecie
bruzdowanie pod kable elektryczne w materialach miekkich|mb	Wyburzenia i demontaże	mb	Bruzdowanie pod kable elektryczne w materiałach miękkich
bruzdowanie pod kable elektryczne w zelbecie|mb	Wyburzenia i demontaże	mb	Bruzdowanie pod kable elektryczne w żelbecie
bruzdowanie pod ogrzewanie podlogowe|mb	Wyburzenia i demontaże	mb	Bruzdowanie pod ogrzewanie podłogowe [stary arkusz]
bruzdowanie posadzki w kuchni|mb	Wyburzenia i demontaże	mb	Bruzdowanie posadzki w kuchni [stary arkusz]
bruzdowanie w posadzce|mb	Wyburzenia i demontaże	mb	Bruzdowanie w posadzce [stary arkusz]
bruzowanie zelbet pod karnisz w suficie|mb	Wyburzenia i demontaże	mb	Bruzdowanie żelbet pod karnisz w suficie [stary arkusz]
delikatne wycinanie sztukaterii sciennej|mb	Wyburzenia i demontaże	mb	Delikatne wycinanie sztukaterii ściennej [stary arkusz]
delikatny demontaz sztukaterii sufitowej|mb	Wyburzenia i demontaże	mb	Delikatny demontaż sztukaterii sufitowej [stary arkusz]
demonaz parapetow|szt	Wyburzenia i demontaże	szt	Demontaż parapetów [stary arkusz]
demontaz boazerii drewnianej|m2	Wyburzenia i demontaże	m2	Demontaż boazerii drewnianej
demontaz glifow drzwi i okna|mb	Wyburzenia i demontaże	mb	Demontaż glifów drzwi i okna [stary arkusz]
demontaz grzejnikow|szt	Wyburzenia i demontaże	szt	Demontaż grzejników
demontaz grzejnikow + ponowny montaz|szt	Wyburzenia i demontaże	szt	Demontaż grzejników + ponowny montaż [stary arkusz]
demontaz klimatyzacji- typu splity|szt	Wyburzenia i demontaże	szt	Demontaż klimatyzacji - typu splity [stary arkusz]
demontaz kotlowni wraz ze stara instalacja i rurami na parterze|kpl	Wyburzenia i demontaże	kpl	Demontaż kotłowni wraz ze starą instalacją i rurami na parterze [stary arkusz]
demontaz listew przypodlogowych|mb	Wyburzenia i demontaże	mb	Demontaż listew przypodłogowych
demontaz listew przypodlogowych+ montaz z poworotem|mb	Wyburzenia i demontaże	mb	Demontaż listew przypodłogowych + montaż z powrotem [stary arkusz]
demontaz oscieznic bez uszkodzenia do ponownego montazu|kpl	Wyburzenia i demontaże	kpl	Demontaż ościeżnic bez uszkodzenia do ponownego montażu [stary arkusz]
demontaz paneli|m2	Wyburzenia i demontaże	m2	Demontaż paneli [stary arkusz]
demontaz paneli podlogowych|m2	Wyburzenia i demontaże	m2	Demontaż paneli podłogowych [stary arkusz]
demontaz parapetow|szt	Wyburzenia i demontaże	szt	Demontaż parapetów [stary arkusz]
demontaz podlogi plywajacej|m2	Wyburzenia i demontaże	m2	Demontaż podłogi pływającej [stary arkusz]
skuwanie sufitu zelbet|m2	Wyburzenia i demontaże	m2	Skuwanie sufitu żelbet [stary arkusz]
skuwanie tynku|m2	Wyburzenia i demontaże	m2	Skuwanie tynku [stary arkusz]
demontaz przewodow wodociagowych z rur stalowych ocynkowanych o sr. do 25 mm demontaz armatury sanitarnej demontaz gniazd wtyczkowych natynko- wych demontaz oprawek zwyklych do zawie- szania demontaz tablic rozdzielczych z odla- czeniem przewodow demontaz przewodow kabelkowych|kpl	Wyburzenia i demontaże	kpl	Demontaż przewodów wodociągowych z rur stalowych ocynkowanych o śr. do 25 mm, demontaż armatury sanitarnej, demontaż gniazd wtyczkowych natynkowych, demontaż oprawek zwykłych do zawieszania, demontaż tablic rozdzielczych z odłączeniem przewodów, demontaż przewodów kabelkowych [stary arkusz]
demontaz scianek z gk|m2	Wyburzenia i demontaże	m2	Demontaż ścianek z GK [stary arkusz]
demontaz styropianu i folii|m2	Wyburzenia i demontaże	m2	Demontaż styropianu i folii [stary arkusz]
demontaz sufitow podwieszanych (obciecie)|m2	Wyburzenia i demontaże	m2	Demontaż sufitów podwieszanych (obcięcie)
demontaz sufitow podwieszanych|m2	Wyburzenia i demontaże	m2	Demontaż sufitów podwieszanych [stary arkusz]
demontaze starej armatury itp z wyniesieniem|kpl	Wyburzenia i demontaże	kpl	Demontaże starej armatury itp. z wyniesieniem [stary arkusz]
demontaze, panele, polki na balkonie, lozko, plyta gazowa, piekarnik, zabudowa lodowki, prysznic.|kpl	Wyburzenia i demontaże	kpl	Demontaże, panele, półki na balkonie, łóżko, płyta gazowa, piekarnik, zabudowa lodówki, prysznic [stary arkusz]
demontaze: wszelkie niezbedne demontaze - glownie lazienki, barierki, etc.|kpl	Wyburzenia i demontaże	kpl	Demontaże: wszelkie niezbędne demontaże - głównie łazienki, barierki, etc. [stary arkusz]
demontaze: wszelkie niezbedne demontaze szaf, wanny etc.|kpl	Wyburzenia i demontaże	kpl	Demontaże: wszelkie niezbędne demontaże szaf, wanny etc. [stary arkusz]
demontaze: wszelkie niezbedne demontaze szaf, zabudowy etc. - cena do ustalenia w zaleznosci od tego co bedzie wymagalo demontazu|kpl	Wyburzenia i demontaże	kpl	Demontaże: wszelkie niezbędne demontaże szaf, zabudowy etc. - cena do ustalenia w zależności od tego co będzie wymagało demontażu [stary arkusz]
demontaze: wszelkie niezbedne demontaze szaf, zabudowy etc. - finalnie dopiero po obejrzeniu i zastanego stanu bedzie mozna to ocenic.|kpl	Wyburzenia i demontaże	kpl	Demontaże: wszelkie niezbędne demontaże szaf, zabudowy etc. - finalnie dopiero po obejrzeniu zastanego stanu będzie można to ocenić
demontaze: wszelkie niezbedne demontaze szaf, zabudowy etc.|kpl	Wyburzenia i demontaże	kpl	Demontaże: wszelkie niezbędne demontaże szaf, zabudowy etc. [stary arkusz]
demontaze:w laziece kabina,geberit,umywalka, blat kuchenny|kpl	Wyburzenia i demontaże	kpl	Demontaże: w łazience kabina, geberit, umywalka, blat kuchenny [stary arkusz]
dopasowanie otworow drzwi|kpl	Wyburzenia i demontaże	kpl	Dopasowanie otworów drzwi [stary arkusz]
montaz grzejnikow po malowaniu|szt	Wyburzenia i demontaże	szt	Montaż grzejników po malowaniu
przesuniecie otworu drzwiowego murowanie|szt	Wyburzenia i demontaże	szt	Przesunięcie otworu drzwiowego murowanie [stary arkusz]
przesuniecie otworu drzwiowego z montazem nadproza + murowanie|szt	Wyburzenia i demontaże	szt	Przesunięcie otworu drzwiowego z montażem nadproża + murowanie
rozkrecenie szaf prszenoszenie + skrecenie i montaz salon i pokoje|kpl	Wyburzenia i demontaże	kpl	Rozkręcenie szaf, przenoszenie + skręcenie i montaż salon i pokoje [stary arkusz]
rozkucie i poszerzenie otworu do pomieszczenia socjalngo|kpl	Wyburzenia i demontaże	kpl	Rozkucie i poszerzenie otworu do pomieszczenia socjalnego [stary arkusz]
skucia muru w lazience|kpl	Wyburzenia i demontaże	kpl	Skucia muru w łazience [stary arkusz]
skucie cegielki dekoracyjnej w salonie|m2	Wyburzenia i demontaże	m2	Skucie cegiełki dekoracyjnej w salonie [stary arkusz]
skucie cokolow z klejem balkon|mb	Wyburzenia i demontaże	mb	Skucie cokołów z klejem balkon [stary arkusz]
skucie posadzki|m2	Wyburzenia i demontaże	m2	Skucie posadzki [stary arkusz]
skucie posadzki/lastryko 10 cm. - beton zbrojony|m2	Wyburzenia i demontaże	m2	Skucie posadzki/lastryko 10 cm - beton zbrojony [stary arkusz]
skucie wylewki|m2	Wyburzenia i demontaże	m2	Skucie wylewki [stary arkusz]
skucie wylewki 100|m2	Wyburzenia i demontaże	m2	Skucie wylewki 100 [stary arkusz]
skucie zwietrzalych tynkow cementowo- wapiennych i cementowych-10% tynkow, usuwanie starych gladzi i farb|m2	Wyburzenia i demontaże	m2	Skucie zwietrzałych tynków cementowo-wapiennych i cementowych - 10% tynków, usuwanie starych gładzi i farb [stary arkusz]
skuwanie glazury z klejem sciany i podlogi|m2	Wyburzenia i demontaże	m2	Skuwanie glazury z klejem ściany i podłogi [stary arkusz]
skuwanie glazury z klejem sciany i podlogi w lazienkach|m2	Wyburzenia i demontaże	m2	Skuwanie glazury z klejem ściany i podłogi w łazienkach
skuwanie glazury z klejem sciany i podlogi w lazienkach i balkonach|m2	Wyburzenia i demontaże	m2	Skuwanie glazury z klejem ściany i podłogi w łazienkach i balkonach [stary arkusz]
skuwanie glazury z klejem/plytami gk - sciany i podlogi|m2	Wyburzenia i demontaże	m2	Skuwanie glazury z klejem/płytami GK - ściany i podłogi [stary arkusz]
skuwanie luzny tynkow i spekanych - przyjmujemy jakis procent 5%|m2	Wyburzenia i demontaże	m2	Skuwanie luźnych i spękanych tynków - przyjmujemy jakiś procent 5% [stary arkusz]
skuwanie luznych, spekanych lub zagrzybialych tynkow - przyjmujemy 30%|m2	Wyburzenia i demontaże	m2	Skuwanie luźnych, spękanych lub zagrzybiałych tynków - przyjmujemy 30% [stary arkusz]
skuwanie plytek balkon|m2	Wyburzenia i demontaże	m2	Skuwanie płytek balkon [stary arkusz]
skuwanie starej wylewki|m2	Wyburzenia i demontaże	m2	Skuwanie starej wylewki [stary arkusz]
skuwanie tynku ze scian - trzeba bylo koniecznie skuc, bo nie mozna bylo do niego kleic bo odpadal.|m2	Wyburzenia i demontaże	m2	Skuwanie tynku ze ścian - trzeba było koniecznie skuć, bo nie można było do niego kleić bo odpadał [stary arkusz]
skuwanie zelbetu w naroznikach|mb	Wyburzenia i demontaże	mb	Skuwanie żelbetu w narożnikach [stary arkusz]
szlifowanie farby i tynku w pokoju 12,3m2|m2	Wyburzenia i demontaże	m2	Szlifowanie farby i tynku w pokoju 12,3 m2 [stary arkusz]
szlifowanie lakieru|m2	Wyburzenia i demontaże	m2	Szlifowanie lakieru [stary arkusz]
szlifowanie posadzki lub scian do 1cm|m2	Wyburzenia i demontaże	m2	Szlifowanie posadzki lub ścian do 1 cm
szlifowanie posadzki subit|m2	Wyburzenia i demontaże	m2	Szlifowanie posadzki subit [stary arkusz]
szlifowanie scian po kleju, przygotowanie do dalszych prac|m2	Wyburzenia i demontaże	m2	Szlifowanie ścian po kleju, przygotowanie do dalszych prac [stary arkusz]
szlifowanie subitu|m2	Wyburzenia i demontaże	m2	Szlifowanie subitu [stary arkusz]
usuniecie drewnianych futryn|kpl	Wyburzenia i demontaże	kpl	Usunięcie drewnianych futryn [stary arkusz]
usuniecie drewnianych oscieznic|kpl	Wyburzenia i demontaże	kpl	Usunięcie drewnianych ościeżnic [stary arkusz]
usuniecie futryn|kpl	Wyburzenia i demontaże	kpl	Usunięcie futryn [stary arkusz]
usuniecie metalowych futryn|kpl	Wyburzenia i demontaże	kpl	Usunięcie metalowych futryn
usuniecie sylikonu|mb	Wyburzenia i demontaże	mb	Usunięcie silikonu [stary arkusz]
usuwanie papy z podlogi|m2	Wyburzenia i demontaże	m2	Usuwanie papy z podłogi [stary arkusz]
usuwanie podlogi drewnianej na klej|m2	Wyburzenia i demontaże	m2	Usuwanie podłogi drewnianej na klej
usuwanie podlogi( panele)|m2	Wyburzenia i demontaże	m2	Usuwanie podłogi (panele) [stary arkusz]
usuwanie tapety|m2	Wyburzenia i demontaże	m2	Usuwanie tapety [stary arkusz]
usuwanie wykladzin|m2	Wyburzenia i demontaże	m2	Usuwanie wykładzin [stary arkusz]
wybicie otworu drzwiowego|szt	Wyburzenia i demontaże	szt	Wybicie otworu drzwiowego [stary arkusz]
wyburzanie obudowy szachtu|m2	Wyburzenia i demontaże	m2	Wyburzanie obudowy szachtu [stary arkusz]
wyburzanie scian 12-20cm grubosci|m2	Wyburzenia i demontaże	m2	Wyburzanie ścian 12-20 cm grubości
wyburzanie scian do 12cm grubosci|m2	Wyburzenia i demontaże	m2	Wyburzanie ścian do 12 cm grubości
wyburzanie scian do 12cm grubosci cegla|m2	Wyburzenia i demontaże	m2	Wyburzanie ścian do 12 cm grubości cegła [stary arkusz]
wyburzanie scian do 12cm grubosci zelbet|m2	Wyburzenia i demontaże	m2	Wyburzanie ścian do 12 cm grubości żelbet [stary arkusz]
wyburzanie scian powyzej 20cm grubosci|m2	Wyburzenia i demontaże	m2	Wyburzanie ścian powyżej 20 cm grubości
wyburzenie schodow|kpl	Wyburzenia i demontaże	kpl	Wyburzenie schodów [stary arkusz]
wycinanie nadprozy|szt	Wyburzenia i demontaże	szt	Wycinanie nadproży
wykucie nadrproza i powiekszenie otworu drzwiowego przy glownym wejsciu do mieszkania.|kpl	Wyburzenia i demontaże	kpl	Wykucie nadproża i powiększenie otworu drzwiowego przy głównym wejściu do mieszkania [stary arkusz]
wykuwanie wneki|szt	Wyburzenia i demontaże	szt	Wykuwanie wnęki [stary arkusz]
zabezpieczenia mebli, podlog, okien, drzwi i elementow niezbednych do prac. demontaz gniazd, wlacznikow, lamp, karniszy etc. zabezpieczenie sprzetow i wszelkich niezbednych elementow. oklejanie do malowania etc. zabezpieczanie elementow juz wykonanych, glazura zabudowy etc.|kpl	Wyburzenia i demontaże	kpl	Zabezpieczenia mebli, podłóg, okien, drzwi i elementów niezbędnych do prac. Demontaż gniazd, włączników, lamp, karniszy etc. Zabezpieczenie sprzętów i wszelkich niezbędnych elementów. Oklejanie do malowania etc. Zabezpieczanie elementów już wykonanych, glazura zabudowy etc.
zabezpieczenia mebli, podlog, okien, drzwi i elementow niezbednych do prac. demontaz gniazd, wlacznikow, lamp, karniszy etc. zabezpieczenie sprzetow i wszelkich niezbednych elementow. oklejanie do malowania etc. zabezpieczanie elementow juz wykonanych, glazura zabudowy etc.|m2	Wyburzenia i demontaże	m2	Zabezpieczenia mebli, podłóg, okien, drzwi i elementów niezbędnych do prac. Demontaż gniazd, włączników, lamp, karniszy etc. Zabezpieczenie sprzętów i wszelkich niezbędnych elementów. Oklejanie do malowania etc. Zabezpieczanie elementów już wykonanych, glazura zabudowy etc. [stary arkusz]
zabezpieczenia mebli, podlog, okien, drzwi i elementow niezbednych do prac. zabezpieczanie elementow juz wykonanych, glazura zabudowy etc.|m2	Wyburzenia i demontaże	m2	Zabezpieczenia mebli, podłóg, okien, drzwi i elementów niezbędnych do prac. Zabezpieczanie elementów już wykonanych, glazura zabudowy etc. [stary arkusz]
zabezpieczenie lazienek i miejsca dla ciecia i magazynowanie narzedzi|m2	Wyburzenia i demontaże	m2	Zabezpieczenie łazienek i miejsca do cięcia oraz magazynowania narzędzi [stary arkusz]
zdzieranie farby i tynku pod nowa gladz|m2	Wyburzenia i demontaże	m2	Zdzieranie farby i tynku pod nową gładź [stary arkusz]
zdzieranie starej farby|m2	Wyburzenia i demontaże	m2	Zdzieranie starej farby [stary arkusz]
zdzieranie starej farby 20%|m2	Wyburzenia i demontaże	m2	Zdzieranie starej farby 20% [stary arkusz]
zdzieranie starej farby i tynku na zewnatrz|m2	Wyburzenia i demontaże	m2	Zdzieranie starej farby i tynku na zewnątrz [stary arkusz]
zdzieranie starej farby z tynkiem|m2	Wyburzenia i demontaże	m2	Zdzieranie starej farby z tynkiem
zdzieranie starej farby+ betonkontakt|m2	Wyburzenia i demontaże	m2	Zdzieranie starej farby + betonkontakt [stary arkusz]
zdzieranie starej grunt-farby|m2	Wyburzenia i demontaże	m2	Zdzieranie starej grunt-farby [stary arkusz]
zdzieranie tapet i usuwanie kleju|m2	Wyburzenia i demontaże	m2	Zdzieranie tapet i usuwanie kleju
zerwanie posadzki z tworzyw sztucznych|m2	Wyburzenia i demontaże	m2	Zerwanie posadzki z tworzyw sztucznych [stary arkusz]
